root,date,instrument_id,score
ES,2010-06-04,3076,1
ES,2010-06-04,6640,1
ES,2010-06-04,26714,1
ES,2010-06-04,70248,1
ES,2010-06-04,75884,1
ES,2010-06-07,3076,3
ES,2010-06-07,6640,5
ES,2010-06-07,26714,4
ES,2010-06-07,70248,2
ES,2010-06-07,75884,1
ES,2010-06-08,3076,2
ES,2010-06-08,6640,4
ES,2010-06-08,26714,3
ES,2010-06-08,70248,1
ES,2010-06-08,75884,1
ES,2010-06-09,3076,3
ES,2010-06-09,6640,5
ES,2010-06-09,26714,4
ES,2010-06-09,70248,2
ES,2010-06-09,75884,1
ES,2010-06-10,3076,3
ES,2010-06-10,6640,5
ES,2010-06-10,26714,4
ES,2010-06-10,70248,2
ES,2010-06-10,75884,1
ES,2010-06-11,3076,3
ES,2010-06-11,6640,4
ES,2010-06-11,26714,5
ES,2010-06-11,70248,2
ES,2010-06-11,75884,1
ES,2010-06-14,3076,3
ES,2010-06-14,6640,4
ES,2010-06-14,26714,5
ES,2010-06-14,70248,2
ES,2010-06-14,75884,1
ES,2010-06-15,3076,2
ES,2010-06-15,6640,3
ES,2010-06-15,26714,4
ES,2010-06-15,70248,1
ES,2010-06-15,75884,1
ES,2010-06-16,3076,3
ES,2010-06-16,6640,4
ES,2010-06-16,26714,5
ES,2010-06-16,70248,2
ES,2010-06-16,75884,1
ES,2010-06-17,3076,3
ES,2010-06-17,6640,4
ES,2010-06-17,26714,5
ES,2010-06-17,70248,2
ES,2010-06-17,75884,1
ES,2010-06-18,3076,3
ES,2010-06-18,6640,4
ES,2010-06-18,26714,5
ES,2010-06-18,49278,1
ES,2010-06-18,70248,2
ES,2010-06-18,75884,1
ES,2010-06-21,3076,3
ES,2010-06-21,26714,4
ES,2010-06-21,49278,1
ES,2010-06-21,70248,2
ES,2010-06-21,75884,1
ES,2010-06-22,3076,3
ES,2010-06-22,26714,4
ES,2010-06-22,49278,1
ES,2010-06-22,70248,2
ES,2010-06-22,75884,1
ES,2010-06-23,3076,3
ES,2010-06-23,26714,4
ES,2010-06-23,49278,1
ES,2010-06-23,70248,2
ES,2010-06-23,75884,1
ES,2010-06-24,3076,4
ES,2010-06-24,26714,5
ES,2010-06-24,49278,1
ES,2010-06-24,70248,3
ES,2010-06-24,75884,2
ES,2010-06-25,3076,3
ES,2010-06-25,26714,4
ES,2010-06-25,49278,1
ES,2010-06-25,70248,2
ES,2010-06-25,75884,1
ES,2010-06-28,3076,3
ES,2010-06-28,26714,4
ES,2010-06-28,49278,1
ES,2010-06-28,70248,2
ES,2010-06-28,75884,1
ES,2010-06-29,3076,3
ES,2010-06-29,26714,4
ES,2010-06-29,49278,1
ES,2010-06-29,70248,2
ES,2010-06-29,75884,1
ES,2010-06-30,3076,3
ES,2010-06-30,26714,4
ES,2010-06-30,49278,1
ES,2010-06-30,70248,2
ES,2010-06-30,75884,1
ES,2010-07-01,3076,3
ES,2010-07-01,26714,4
ES,2010-07-01,49278,1
ES,2010-07-01,70248,2
ES,2010-07-01,75884,1
ES,2010-07-02,3076,3
ES,2010-07-02,26714,4
ES,2010-07-02,49278,1
ES,2010-07-02,70248,2
ES,2010-07-02,75884,1
ES,2010-07-06,3076,3
ES,2010-07-06,26714,4
ES,2010-07-06,49278,1
ES,2010-07-06,70248,2
ES,2010-07-06,75884,1
ES,2010-07-07,3076,3
ES,2010-07-07,26714,4
ES,2010-07-07,49278,1
ES,2010-07-07,70248,2
ES,2010-07-07,75884,1
ES,2010-07-08,3076,3
ES,2010-07-08,26714,4
ES,2010-07-08,49278,1
ES,2010-07-08,70248,2
ES,2010-07-08,75884,1
ES,2010-07-09,3076,3
ES,2010-07-09,26714,4
ES,2010-07-09,49278,1
ES,2010-07-09,70248,2
ES,2010-07-09,75884,1
ES,2010-07-12,3076,3
ES,2010-07-12,26714,4
ES,2010-07-12,49278,1
ES,2010-07-12,70248,2
ES,2010-07-12,75884,1
ES,2010-07-13,3076,3
ES,2010-07-13,26714,4
ES,2010-07-13,49278,1
ES,2010-07-13,70248,2
ES,2010-07-13,75884,1
ES,2010-07-14,3076,3
ES,2010-07-14,26714,4
ES,2010-07-14,49278,1
ES,2010-07-14,70248,2
ES,2010-07-14,75884,1
ES,2010-07-15,3076,3
ES,2010-07-15,26714,4
ES,2010-07-15,49278,1
ES,2010-07-15,70248,2
ES,2010-07-15,75884,1
ES,2010-07-16,3076,3
ES,2010-07-16,26714,4
ES,2010-07-16,49278,1
ES,2010-07-16,70248,2
ES,2010-07-16,75884,1
ES,2010-07-19,3076,4
ES,2010-07-19,26714,5
ES,2010-07-19,49278,1
ES,2010-07-19,70248,2
ES,2010-07-19,75884,3
ES,2010-07-20,3076,3
ES,2010-07-20,26714,4
ES,2010-07-20,49278,1
ES,2010-07-20,70248,2
ES,2010-07-20,75884,1
ES,2010-07-21,3076,3
ES,2010-07-21,26714,4
ES,2010-07-21,49278,1
ES,2010-07-21,70248,2
ES,2010-07-21,75884,1
ES,2010-07-22,3076,3
ES,2010-07-22,26714,4
ES,2010-07-22,49278,1
ES,2010-07-22,70248,2
ES,2010-07-22,75884,1
ES,2010-07-23,3076,3
ES,2010-07-23,26714,4
ES,2010-07-23,49278,1
ES,2010-07-23,70248,2
ES,2010-07-23,75884,1
ES,2010-07-26,3076,3
ES,2010-07-26,26714,4
ES,2010-07-26,49278,1
ES,2010-07-26,70248,2
ES,2010-07-26,75884,1
ES,2010-07-27,3076,3
ES,2010-07-27,26714,4
ES,2010-07-27,49278,1
ES,2010-07-27,70248,2
ES,2010-07-27,75884,1
ES,2010-07-28,3076,2
ES,2010-07-28,26714,3
ES,2010-07-28,49278,1
ES,2010-07-28,70248,1
ES,2010-07-28,75884,1
ES,2010-07-29,3076,3
ES,2010-07-29,26714,4
ES,2010-07-29,49278,1
ES,2010-07-29,70248,2
ES,2010-07-29,75884,1
ES,2010-07-30,3076,3
ES,2010-07-30,26714,4
ES,2010-07-30,49278,1
ES,2010-07-30,70248,2
ES,2010-07-30,75884,1
ES,2010-08-02,3076,3
ES,2010-08-02,26714,4
ES,2010-08-02,49278,1
ES,2010-08-02,70248,2
ES,2010-08-02,75884,1
ES,2010-08-03,3076,3
ES,2010-08-03,26714,4
ES,2010-08-03,49278,1
ES,2010-08-03,70248,2
ES,2010-08-03,75884,1
ES,2010-08-04,3076,3
ES,2010-08-04,26714,4
ES,2010-08-04,49278,1
ES,2010-08-04,70248,2
ES,2010-08-04,75884,1
ES,2010-08-05,3076,4
ES,2010-08-05,26714,5
ES,2010-08-05,49278,1
ES,2010-08-05,70248,2
ES,2010-08-05,75884,3
ES,2010-08-06,3076,3
ES,2010-08-06,26714,4
ES,2010-08-06,49278,1
ES,2010-08-06,70248,2
ES,2010-08-06,75884,1
ES,2010-08-09,3076,4
ES,2010-08-09,26714,5
ES,2010-08-09,49278,2
ES,2010-08-09,70248,3
ES,2010-08-09,75884,1
ES,2010-08-10,3076,4
ES,2010-08-10,26714,5
ES,2010-08-10,49278,2
ES,2010-08-10,70248,3
ES,2010-08-10,75884,1
ES,2010-08-11,3076,3
ES,2010-08-11,26714,4
ES,2010-08-11,49278,1
ES,2010-08-11,70248,2
ES,2010-08-11,75884,1
ES,2010-08-12,3076,3
ES,2010-08-12,26714,4
ES,2010-08-12,49278,1
ES,2010-08-12,70248,2
ES,2010-08-12,75884,1
ES,2010-08-13,3076,3
ES,2010-08-13,26714,4
ES,2010-08-13,49278,1
ES,2010-08-13,70248,2
ES,2010-08-13,75884,1
ES,2010-08-16,3076,3
ES,2010-08-16,26714,4
ES,2010-08-16,49278,1
ES,2010-08-16,70248,2
ES,2010-08-16,75884,1
ES,2010-08-17,3076,3
ES,2010-08-17,26714,4
ES,2010-08-17,49278,1
ES,2010-08-17,70248,2
ES,2010-08-17,75884,1
ES,2010-08-18,3076,3
ES,2010-08-18,26714,4
ES,2010-08-18,49278,1
ES,2010-08-18,70248,2
ES,2010-08-18,75884,1
ES,2010-08-19,3076,3
ES,2010-08-19,26714,4
ES,2010-08-19,49278,1
ES,2010-08-19,70248,2
ES,2010-08-19,75884,1
ES,2010-08-20,3076,3
ES,2010-08-20,26714,4
ES,2010-08-20,49278,1
ES,2010-08-20,70248,2
ES,2010-08-20,75884,1
ES,2010-08-23,3076,3
ES,2010-08-23,26714,4
ES,2010-08-23,49278,1
ES,2010-08-23,70248,2
ES,2010-08-23,75884,1
ES,2010-08-24,3076,3
ES,2010-08-24,26714,4
ES,2010-08-24,49278,1
ES,2010-08-24,70248,2
ES,2010-08-24,75884,1
ES,2010-08-25,3076,3
ES,2010-08-25,26714,4
ES,2010-08-25,49278,1
ES,2010-08-25,70248,2
ES,2010-08-25,75884,1
ES,2010-08-26,3076,4
ES,2010-08-26,26714,5
ES,2010-08-26,49278,3
ES,2010-08-26,70248,2
ES,2010-08-26,75884,1
ES,2010-08-27,3076,4
ES,2010-08-27,26714,5
ES,2010-08-27,49278,1
ES,2010-08-27,70248,3
ES,2010-08-27,75884,2
ES,2010-08-30,3076,4
ES,2010-08-30,26714,5
ES,2010-08-30,49278,1
ES,2010-08-30,70248,3
ES,2010-08-30,75884,2
ES,2010-08-31,3076,3
ES,2010-08-31,26714,4
ES,2010-08-31,49278,1
ES,2010-08-31,70248,2
ES,2010-08-31,75884,1
ES,2010-09-01,3076,3
ES,2010-09-01,26714,4
ES,2010-09-01,49278,1
ES,2010-09-01,70248,2
ES,2010-09-01,75884,1
ES,2010-09-02,3076,3
ES,2010-09-02,26714,4
ES,2010-09-02,49278,1
ES,2010-09-02,70248,2
ES,2010-09-02,75884,1
ES,2010-09-03,3076,3
ES,2010-09-03,26714,4
ES,2010-09-03,49278,1
ES,2010-09-03,70248,2
ES,2010-09-03,75884,1
ES,2010-09-07,3076,3
ES,2010-09-07,26714,4
ES,2010-09-07,49278,1
ES,2010-09-07,70248,2
ES,2010-09-07,75884,1
ES,2010-09-08,3076,3
ES,2010-09-08,26714,4
ES,2010-09-08,49278,1
ES,2010-09-08,70248,2
ES,2010-09-08,75884,1
ES,2010-09-09,3076,3
ES,2010-09-09,26714,4
ES,2010-09-09,49278,1
ES,2010-09-09,70248,2
ES,2010-09-09,75884,1
ES,2010-09-10,3076,4
ES,2010-09-10,26714,3
ES,2010-09-10,49278,1
ES,2010-09-10,70248,2
ES,2010-09-10,75884,1
ES,2010-09-13,3076,5
ES,2010-09-13,26714,4
ES,2010-09-13,49278,1
ES,2010-09-13,70248,3
ES,2010-09-13,75884,2
ES,2010-09-14,3076,4
ES,2010-09-14,26714,3
ES,2010-09-14,49278,1
ES,2010-09-14,70248,2
ES,2010-09-14,75884,1
ES,2010-09-15,3076,5
ES,2010-09-15,26714,4
ES,2010-09-15,49278,1
ES,2010-09-15,70248,3
ES,2010-09-15,75884,2
ES,2010-09-16,3076,5
ES,2010-09-16,26714,4
ES,2010-09-16,49278,1
ES,2010-09-16,70248,3
ES,2010-09-16,75884,2
ES,2010-09-17,3076,4
ES,2010-09-17,26714,3
ES,2010-09-17,45580,1
ES,2010-09-17,49278,1
ES,2010-09-17,70248,2
ES,2010-09-17,75884,1
ES,2010-09-20,3076,3
ES,2010-09-20,45580,1
ES,2010-09-20,49278,1
ES,2010-09-20,70248,2
ES,2010-09-20,75884,1
ES,2010-09-21,3076,3
ES,2010-09-21,45580,1
ES,2010-09-21,49278,1
ES,2010-09-21,70248,2
ES,2010-09-21,75884,1
ES,2010-09-22,3076,3
ES,2010-09-22,45580,1
ES,2010-09-22,49278,1
ES,2010-09-22,70248,2
ES,2010-09-22,75884,1
ES,2010-09-23,3076,4
ES,2010-09-23,45580,1
ES,2010-09-23,49278,1
ES,2010-09-23,70248,3
ES,2010-09-23,75884,2
ES,2010-09-24,3076,4
ES,2010-09-24,45580,1
ES,2010-09-24,49278,1
ES,2010-09-24,70248,3
ES,2010-09-24,75884,2
ES,2010-09-27,3076,4
ES,2010-09-27,45580,1
ES,2010-09-27,49278,1
ES,2010-09-27,70248,3
ES,2010-09-27,75884,2
ES,2010-09-28,3076,4
ES,2010-09-28,45580,1
ES,2010-09-28,49278,1
ES,2010-09-28,70248,3
ES,2010-09-28,75884,2
ES,2010-09-29,3076,4
ES,2010-09-29,45580,1
ES,2010-09-29,49278,1
ES,2010-09-29,70248,3
ES,2010-09-29,75884,2
ES,2010-09-30,3076,4
ES,2010-09-30,45580,1
ES,2010-09-30,49278,1
ES,2010-09-30,70248,3
ES,2010-09-30,75884,2
ES,2010-10-01,3076,4
ES,2010-10-01,45580,1
ES,2010-10-01,49278,1
ES,2010-10-01,70248,3
ES,2010-10-01,75884,2
ES,2010-10-04,3076,4
ES,2010-10-04,45580,1
ES,2010-10-04,49278,1
ES,2010-10-04,70248,3
ES,2010-10-04,75884,2
ES,2010-10-05,3076,4
ES,2010-10-05,45580,1
ES,2010-10-05,49278,1
ES,2010-10-05,70248,3
ES,2010-10-05,75884,2
ES,2010-10-06,3076,5
ES,2010-10-06,45580,1
ES,2010-10-06,49278,3
ES,2010-10-06,70248,4
ES,2010-10-06,75884,2
ES,2010-10-07,3076,4
ES,2010-10-07,45580,1
ES,2010-10-07,49278,1
ES,2010-10-07,70248,3
ES,2010-10-07,75884,2
ES,2010-10-08,3076,4
ES,2010-10-08,45580,1
ES,2010-10-08,49278,1
ES,2010-10-08,70248,3
ES,2010-10-08,75884,2
ES,2010-10-11,3076,4
ES,2010-10-11,45580,1
ES,2010-10-11,49278,1
ES,2010-10-11,70248,3
ES,2010-10-11,75884,2
ES,2010-10-12,3076,4
ES,2010-10-12,45580,1
ES,2010-10-12,49278,1
ES,2010-10-12,70248,3
ES,2010-10-12,75884,2
ES,2010-10-13,3076,4
ES,2010-10-13,45580,1
ES,2010-10-13,49278,1
ES,2010-10-13,70248,3
ES,2010-10-13,75884,2
ES,2010-10-14,3076,3
ES,2010-10-14,45580,1
ES,2010-10-14,49278,1
ES,2010-10-14,70248,2
ES,2010-10-14,75884,1
ES,2010-10-15,3076,5
ES,2010-10-15,45580,1
ES,2010-10-15,49278,3
ES,2010-10-15,70248,4
ES,2010-10-15,75884,2
ES,2010-10-18,3076,4
ES,2010-10-18,45580,1
ES,2010-10-18,49278,1
ES,2010-10-18,70248,3
ES,2010-10-18,75884,2
ES,2010-10-19,3076,5
ES,2010-10-19,45580,2
ES,2010-10-19,49278,1
ES,2010-10-19,70248,4
ES,2010-10-19,75884,3
ES,2010-10-20,3076,4
ES,2010-10-20,45580,1
ES,2010-10-20,49278,1
ES,2010-10-20,70248,3
ES,2010-10-20,75884,2
ES,2010-10-21,3076,5
ES,2010-10-21,45580,2
ES,2010-10-21,49278,1
ES,2010-10-21,70248,4
ES,2010-10-21,75884,3
ES,2010-10-22,3076,4
ES,2010-10-22,45580,2
ES,2010-10-22,49278,1
ES,2010-10-22,70248,3
ES,2010-10-22,75884,1
ES,2010-10-25,3076,4
ES,2010-10-25,45580,1
ES,2010-10-25,49278,1
ES,2010-10-25,70248,3
ES,2010-10-25,75884,2
ES,2010-10-26,3076,4
ES,2010-10-26,45580,1
ES,2010-10-26,49278,1
ES,2010-10-26,70248,3
ES,2010-10-26,75884,2
ES,2010-10-27,3076,4
ES,2010-10-27,45580,1
ES,2010-10-27,49278,1
ES,2010-10-27,70248,3
ES,2010-10-27,75884,2
ES,2010-10-28,3076,4
ES,2010-10-28,45580,1
ES,2010-10-28,49278,1
ES,2010-10-28,70248,3
ES,2010-10-28,75884,2
ES,2010-10-29,3076,4
ES,2010-10-29,45580,1
ES,2010-10-29,49278,1
ES,2010-10-29,70248,3
ES,2010-10-29,75884,2
ES,2010-11-01,3076,4
ES,2010-11-01,45580,1
ES,2010-11-01,49278,1
ES,2010-11-01,70248,3
ES,2010-11-01,75884,2
ES,2010-11-02,3076,4
ES,2010-11-02,45580,1
ES,2010-11-02,49278,1
ES,2010-11-02,70248,3
ES,2010-11-02,75884,2
ES,2010-11-03,3076,3
ES,2010-11-03,45580,1
ES,2010-11-03,49278,1
ES,2010-11-03,70248,2
ES,2010-11-03,75884,1
ES,2010-11-04,3076,5
ES,2010-11-04,45580,1
ES,2010-11-04,49278,2
ES,2010-11-04,70248,4
ES,2010-11-04,75884,3
ES,2010-11-05,3076,4
ES,2010-11-05,45580,1
ES,2010-11-05,49278,1
ES,2010-11-05,70248,3
ES,2010-11-05,75884,2
ES,2010-11-08,3076,3
ES,2010-11-08,45580,1
ES,2010-11-08,49278,1
ES,2010-11-08,70248,2
ES,2010-11-08,75884,1
ES,2010-11-09,3076,4
ES,2010-11-09,45580,1
ES,2010-11-09,49278,1
ES,2010-11-09,70248,3
ES,2010-11-09,75884,2
ES,2010-11-10,3076,4
ES,2010-11-10,45580,1
ES,2010-11-10,49278,1
ES,2010-11-10,70248,3
ES,2010-11-10,75884,2
ES,2010-11-11,3076,5
ES,2010-11-11,45580,1
ES,2010-11-11,49278,2
ES,2010-11-11,70248,4
ES,2010-11-11,75884,3
ES,2010-11-12,3076,4
ES,2010-11-12,45580,1
ES,2010-11-12,49278,1
ES,2010-11-12,70248,3
ES,2010-11-12,75884,2
ES,2010-11-15,3076,4
ES,2010-11-15,45580,1
ES,2010-11-15,49278,1
ES,2010-11-15,70248,3
ES,2010-11-15,75884,2
ES,2010-11-16,3076,4
ES,2010-11-16,45580,1
ES,2010-11-16,49278,1
ES,2010-11-16,70248,3
ES,2010-11-16,75884,2
ES,2010-11-17,3076,4
ES,2010-11-17,45580,1
ES,2010-11-17,49278,1
ES,2010-11-17,70248,3
ES,2010-11-17,75884,2
ES,2010-11-18,3076,4
ES,2010-11-18,45580,1
ES,2010-11-18,49278,1
ES,2010-11-18,70248,3
ES,2010-11-18,75884,2
ES,2010-11-19,3076,4
ES,2010-11-19,45580,1
ES,2010-11-19,49278,1
ES,2010-11-19,70248,3
ES,2010-11-19,75884,2
ES,2010-11-22,3076,4
ES,2010-11-22,45580,1
ES,2010-11-22,49278,1
ES,2010-11-22,70248,3
ES,2010-11-22,75884,2
ES,2010-11-23,3076,4
ES,2010-11-23,45580,1
ES,2010-11-23,49278,1
ES,2010-11-23,70248,3
ES,2010-11-23,75884,2
ES,2010-11-24,3076,4
ES,2010-11-24,45580,1
ES,2010-11-24,49278,1
ES,2010-11-24,70248,3
ES,2010-11-24,75884,2
ES,2010-11-26,3076,4
ES,2010-11-26,45580,1
ES,2010-11-26,49278,1
ES,2010-11-26,70248,3
ES,2010-11-26,75884,2
ES,2010-11-29,3076,4
ES,2010-11-29,45580,1
ES,2010-11-29,49278,1
ES,2010-11-29,70248,3
ES,2010-11-29,75884,2
ES,2010-11-30,3076,4
ES,2010-11-30,45580,1
ES,2010-11-30,49278,1
ES,2010-11-30,70248,3
ES,2010-11-30,75884,2
ES,2010-12-01,3076,4
ES,2010-12-01,45580,1
ES,2010-12-01,49278,1
ES,2010-12-01,70248,3
ES,2010-12-01,75884,2
ES,2010-12-02,3076,4
ES,2010-12-02,45580,1
ES,2010-12-02,49278,1
ES,2010-12-02,70248,3
ES,2010-12-02,75884,2
ES,2010-12-03,3076,4
ES,2010-12-03,45580,1
ES,2010-12-03,49278,1
ES,2010-12-03,70248,3
ES,2010-12-03,75884,2
ES,2010-12-06,3076,4
ES,2010-12-06,45580,1
ES,2010-12-06,49278,1
ES,2010-12-06,70248,3
ES,2010-12-06,75884,2
ES,2010-12-07,3076,4
ES,2010-12-07,45580,1
ES,2010-12-07,49278,1
ES,2010-12-07,70248,3
ES,2010-12-07,75884,2
ES,2010-12-08,3076,4
ES,2010-12-08,45580,1
ES,2010-12-08,49278,1
ES,2010-12-08,70248,3
ES,2010-12-08,75884,2
ES,2010-12-09,3076,5
ES,2010-12-09,45580,1
ES,2010-12-09,49278,2
ES,2010-12-09,70248,4
ES,2010-12-09,75884,3
ES,2010-12-10,3076,3
ES,2010-12-10,45580,1
ES,2010-12-10,49278,1
ES,2010-12-10,70248,4
ES,2010-12-10,75884,2
ES,2010-12-13,3076,4
ES,2010-12-13,45580,2
ES,2010-12-13,49278,1
ES,2010-12-13,70248,5
ES,2010-12-13,75884,3
ES,2010-12-14,3076,3
ES,2010-12-14,45580,1
ES,2010-12-14,49278,1
ES,2010-12-14,70248,4
ES,2010-12-14,75884,2
ES,2010-12-15,3076,3
ES,2010-12-15,45580,1
ES,2010-12-15,49278,1
ES,2010-12-15,70248,4
ES,2010-12-15,75884,2
ES,2010-12-16,3076,3
ES,2010-12-16,45580,1
ES,2010-12-16,49278,1
ES,2010-12-16,70248,4
ES,2010-12-16,75884,2
ES,2010-12-17,3076,3
ES,2010-12-17,31747,1
ES,2010-12-17,45580,1
ES,2010-12-17,49278,1
ES,2010-12-17,70248,4
ES,2010-12-17,75884,2
ES,2010-12-20,31747,1
ES,2010-12-20,45580,1
ES,2010-12-20,49278,2
ES,2010-12-20,70248,4
ES,2010-12-20,75884,3
ES,2010-12-21,31747,1
ES,2010-12-21,45580,1
ES,2010-12-21,49278,1
ES,2010-12-21,70248,3
ES,2010-12-21,75884,2
ES,2010-12-22,31747,1
ES,2010-12-22,45580,1
ES,2010-12-22,49278,2
ES,2010-12-22,70248,4
ES,2010-12-22,75884,3
ES,2010-12-23,31747,1
ES,2010-12-23,45580,3
ES,2010-12-23,49278,2
ES,2010-12-23,70248,5
ES,2010-12-23,75884,4
ES,2010-12-24,31747,1
ES,2010-12-24,45580,1
ES,2010-12-24,49278,1
ES,2010-12-24,70248,1
ES,2010-12-24,75884,1
ES,2010-12-27,31747,1
ES,2010-12-27,45580,1
ES,2010-12-27,49278,1
ES,2010-12-27,70248,3
ES,2010-12-27,75884,2
ES,2010-12-28,31747,1
ES,2010-12-28,45580,1
ES,2010-12-28,49278,1
ES,2010-12-28,70248,3
ES,2010-12-28,75884,2
ES,2010-12-29,31747,1
ES,2010-12-29,45580,1
ES,2010-12-29,49278,1
ES,2010-12-29,70248,3
ES,2010-12-29,75884,2
ES,2010-12-30,31747,1
ES,2010-12-30,45580,1
ES,2010-12-30,49278,1
ES,2010-12-30,70248,3
ES,2010-12-30,75884,2
ES,2010-12-31,31747,1
ES,2010-12-31,45580,2
ES,2010-12-31,49278,2
ES,2010-12-31,70248,4
ES,2010-12-31,75884,3
ES,2011-01-03,31747,1
ES,2011-01-03,45580,1
ES,2011-01-03,49278,2
ES,2011-01-03,70248,4
ES,2011-01-03,75884,3
ES,2011-01-04,31747,1
ES,2011-01-04,45580,2
ES,2011-01-04,49278,2
ES,2011-01-04,70248,4
ES,2011-01-04,75884,3
ES,2011-01-05,31747,1
ES,2011-01-05,45580,3
ES,2011-01-05,49278,2
ES,2011-01-05,70248,5
ES,2011-01-05,75884,4
ES,2011-01-06,31747,1
ES,2011-01-06,45580,3
ES,2011-01-06,49278,2
ES,2011-01-06,70248,5
ES,2011-01-06,75884,4
ES,2011-01-07,31747,1
ES,2011-01-07,45580,1
ES,2011-01-07,49278,1
ES,2011-01-07,70248,3
ES,2011-01-07,75884,2
ES,2011-01-10,31747,1
ES,2011-01-10,45580,1
ES,2011-01-10,49278,3
ES,2011-01-10,70248,4
ES,2011-01-10,75884,2
ES,2011-01-11,31747,1
ES,2011-01-11,45580,2
ES,2011-01-11,49278,4
ES,2011-01-11,70248,5
ES,2011-01-11,75884,3
ES,2011-01-12,31747,1
ES,2011-01-12,45580,2
ES,2011-01-12,49278,3
ES,2011-01-12,70248,5
ES,2011-01-12,75884,4
ES,2011-01-13,31747,1
ES,2011-01-13,45580,1
ES,2011-01-13,49278,2
ES,2011-01-13,70248,4
ES,2011-01-13,75884,3
ES,2011-01-14,31747,1
ES,2011-01-14,45580,1
ES,2011-01-14,49278,1
ES,2011-01-14,70248,3
ES,2011-01-14,75884,2
ES,2011-01-18,31747,1
ES,2011-01-18,45580,2
ES,2011-01-18,49278,3
ES,2011-01-18,70248,5
ES,2011-01-18,75884,4
ES,2011-01-19,31747,1
ES,2011-01-19,45580,1
ES,2011-01-19,49278,2
ES,2011-01-19,70248,4
ES,2011-01-19,75884,3
ES,2011-01-20,31747,1
ES,2011-01-20,45580,3
ES,2011-01-20,49278,2
ES,2011-01-20,70248,5
ES,2011-01-20,75884,4
ES,2011-01-21,31747,1
ES,2011-01-21,45580,1
ES,2011-01-21,49278,2
ES,2011-01-21,70248,4
ES,2011-01-21,75884,3
ES,2011-01-24,31747,1
ES,2011-01-24,45580,2
ES,2011-01-24,49278,1
ES,2011-01-24,70248,4
ES,2011-01-24,75884,3
ES,2011-01-25,31747,1
ES,2011-01-25,45580,3
ES,2011-01-25,49278,2
ES,2011-01-25,70248,5
ES,2011-01-25,75884,4
ES,2011-01-26,31747,1
ES,2011-01-26,45580,1
ES,2011-01-26,49278,2
ES,2011-01-26,70248,4
ES,2011-01-26,75884,3
ES,2011-01-27,31747,1
ES,2011-01-27,45580,2
ES,2011-01-27,49278,1
ES,2011-01-27,70248,4
ES,2011-01-27,75884,3
ES,2011-01-28,31747,1
ES,2011-01-28,45580,2
ES,2011-01-28,49278,3
ES,2011-01-28,70248,5
ES,2011-01-28,75884,4
ES,2011-01-31,31747,1
ES,2011-01-31,45580,1
ES,2011-01-31,49278,2
ES,2011-01-31,70248,4
ES,2011-01-31,75884,3
ES,2011-02-01,31747,1
ES,2011-02-01,45580,2
ES,2011-02-01,49278,3
ES,2011-02-01,70248,5
ES,2011-02-01,75884,4
ES,2011-02-02,31747,1
ES,2011-02-02,45580,3
ES,2011-02-02,49278,2
ES,2011-02-02,70248,5
ES,2011-02-02,75884,4
ES,2011-02-03,31747,1
ES,2011-02-03,45580,2
ES,2011-02-03,49278,3
ES,2011-02-03,70248,5
ES,2011-02-03,75884,4
ES,2011-02-04,31747,1
ES,2011-02-04,45580,2
ES,2011-02-04,49278,2
ES,2011-02-04,70248,4
ES,2011-02-04,75884,3
ES,2011-02-07,31747,1
ES,2011-02-07,45580,1
ES,2011-02-07,49278,2
ES,2011-02-07,70248,4
ES,2011-02-07,75884,3
ES,2011-02-08,31747,1
ES,2011-02-08,45580,1
ES,2011-02-08,49278,2
ES,2011-02-08,70248,4
ES,2011-02-08,75884,3
ES,2011-02-09,31747,1
ES,2011-02-09,45580,1
ES,2011-02-09,49278,2
ES,2011-02-09,70248,4
ES,2011-02-09,75884,3
ES,2011-02-10,31747,1
ES,2011-02-10,45580,1
ES,2011-02-10,49278,2
ES,2011-02-10,70248,4
ES,2011-02-10,75884,3
ES,2011-02-11,31747,1
ES,2011-02-11,45580,1
ES,2011-02-11,49278,2
ES,2011-02-11,70248,4
ES,2011-02-11,75884,3
ES,2011-02-14,31747,1
ES,2011-02-14,45580,1
ES,2011-02-14,49278,2
ES,2011-02-14,70248,4
ES,2011-02-14,75884,3
ES,2011-02-15,31747,1
ES,2011-02-15,45580,1
ES,2011-02-15,49278,2
ES,2011-02-15,70248,4
ES,2011-02-15,75884,3
ES,2011-02-16,31747,1
ES,2011-02-16,45580,1
ES,2011-02-16,49278,2
ES,2011-02-16,70248,4
ES,2011-02-16,75884,3
ES,2011-02-17,31747,1
ES,2011-02-17,45580,1
ES,2011-02-17,49278,2
ES,2011-02-17,70248,4
ES,2011-02-17,75884,3
ES,2011-02-18,31747,1
ES,2011-02-18,45580,1
ES,2011-02-18,49278,2
ES,2011-02-18,70248,4
ES,2011-02-18,75884,3
ES,2011-02-22,31747,1
ES,2011-02-22,45580,1
ES,2011-02-22,49278,2
ES,2011-02-22,70248,4
ES,2011-02-22,75884,3
ES,2011-02-23,31747,1
ES,2011-02-23,45580,1
ES,2011-02-23,49278,2
ES,2011-02-23,70248,4
ES,2011-02-23,75884,3
ES,2011-02-24,31747,1
ES,2011-02-24,45580,1
ES,2011-02-24,49278,2
ES,2011-02-24,70248,4
ES,2011-02-24,75884,3
ES,2011-02-25,31747,1
ES,2011-02-25,45580,2
ES,2011-02-25,49278,3
ES,2011-02-25,70248,5
ES,2011-02-25,75884,4
ES,2011-02-28,31747,1
ES,2011-02-28,45580,1
ES,2011-02-28,49278,2
ES,2011-02-28,70248,4
ES,2011-02-28,75884,3
ES,2011-03-01,31747,1
ES,2011-03-01,45580,1
ES,2011-03-01,49278,2
ES,2011-03-01,70248,4
ES,2011-03-01,75884,3
ES,2011-03-02,31747,1
ES,2011-03-02,45580,2
ES,2011-03-02,49278,3
ES,2011-03-02,70248,5
ES,2011-03-02,75884,4
ES,2011-03-03,31747,1
ES,2011-03-03,45580,2
ES,2011-03-03,49278,3
ES,2011-03-03,70248,5
ES,2011-03-03,75884,4
ES,2011-03-04,31747,1
ES,2011-03-04,45580,1
ES,2011-03-04,49278,2
ES,2011-03-04,70248,4
ES,2011-03-04,75884,3
ES,2011-03-07,31747,2
ES,2011-03-07,45580,1
ES,2011-03-07,49278,3
ES,2011-03-07,70248,5
ES,2011-03-07,75884,4
ES,2011-03-08,31747,2
ES,2011-03-08,45580,1
ES,2011-03-08,49278,3
ES,2011-03-08,70248,5
ES,2011-03-08,75884,4
ES,2011-03-09,31747,1
ES,2011-03-09,45580,1
ES,2011-03-09,49278,2
ES,2011-03-09,70248,4
ES,2011-03-09,75884,3
ES,2011-03-10,31747,1
ES,2011-03-10,45580,1
ES,2011-03-10,49278,2
ES,2011-03-10,70248,4
ES,2011-03-10,75884,3
ES,2011-03-11,31747,1
ES,2011-03-11,45580,2
ES,2011-03-11,49278,3
ES,2011-03-11,70248,4
ES,2011-03-11,75884,5
ES,2011-03-14,31747,1
ES,2011-03-14,45580,1
ES,2011-03-14,49278,2
ES,2011-03-14,70248,3
ES,2011-03-14,75884,4
ES,2011-03-15,31747,1
ES,2011-03-15,45580,3
ES,2011-03-15,49278,2
ES,2011-03-15,70248,4
ES,2011-03-15,75884,5
ES,2011-03-16,31747,1
ES,2011-03-16,45580,3
ES,2011-03-16,49278,2
ES,2011-03-16,70248,4
ES,2011-03-16,75884,5
ES,2011-03-17,31747,1
ES,2011-03-17,45580,2
ES,2011-03-17,49278,3
ES,2011-03-17,70248,4
ES,2011-03-17,75884,5
ES,2011-03-18,27069,1
ES,2011-03-18,31747,1
ES,2011-03-18,45580,2
ES,2011-03-18,49278,3
ES,2011-03-18,70248,4
ES,2011-03-18,75884,5
ES,2011-03-21,27069,3
ES,2011-03-21,31747,1
ES,2011-03-21,45580,2
ES,2011-03-21,49278,4
ES,2011-03-21,75884,5
ES,2011-03-22,27069,1
ES,2011-03-22,31747,1
ES,2011-03-22,45580,2
ES,2011-03-22,49278,3
ES,2011-03-22,75884,4
ES,2011-03-23,27069,1
ES,2011-03-23,31747,1
ES,2011-03-23,45580,2
ES,2011-03-23,49278,3
ES,2011-03-23,75884,4
ES,2011-03-24,27069,1
ES,2011-03-24,31747,1
ES,2011-03-24,45580,1
ES,2011-03-24,49278,2
ES,2011-03-24,75884,3
ES,2011-03-25,27069,1
ES,2011-03-25,31747,2
ES,2011-03-25,45580,3
ES,2011-03-25,49278,4
ES,2011-03-25,75884,5
ES,2011-03-28,27069,1
ES,2011-03-28,31747,1
ES,2011-03-28,45580,2
ES,2011-03-28,49278,3
ES,2011-03-28,75884,4
ES,2011-03-29,27069,1
ES,2011-03-29,31747,1
ES,2011-03-29,45580,2
ES,2011-03-29,49278,3
ES,2011-03-29,75884,4
ES,2011-03-30,27069,1
ES,2011-03-30,31747,2
ES,2011-03-30,45580,3
ES,2011-03-30,49278,4
ES,2011-03-30,75884,5
ES,2011-03-31,27069,1
ES,2011-03-31,31747,1
ES,2011-03-31,45580,2
ES,2011-03-31,49278,3
ES,2011-03-31,75884,4
ES,2011-04-01,27069,1
ES,2011-04-01,31747,2
ES,2011-04-01,45580,3
ES,2011-04-01,49278,4
ES,2011-04-01,75884,5
ES,2011-04-04,27069,1
ES,2011-04-04,31747,1
ES,2011-04-04,45580,1
ES,2011-04-04,49278,2
ES,2011-04-04,75884,3
ES,2011-04-05,27069,1
ES,2011-04-05,31747,1
ES,2011-04-05,45580,2
ES,2011-04-05,49278,3
ES,2011-04-05,75884,4
ES,2011-04-06,27069,1
ES,2011-04-06,31747,1
ES,2011-04-06,45580,2
ES,2011-04-06,49278,3
ES,2011-04-06,75884,4
ES,2011-04-07,27069,1
ES,2011-04-07,31747,1
ES,2011-04-07,45580,2
ES,2011-04-07,49278,3
ES,2011-04-07,75884,4
ES,2011-04-08,27069,1
ES,2011-04-08,31747,2
ES,2011-04-08,45580,3
ES,2011-04-08,49278,4
ES,2011-04-08,75884,5
ES,2011-04-11,27069,1
ES,2011-04-11,31747,1
ES,2011-04-11,45580,2
ES,2011-04-11,49278,3
ES,2011-04-11,75884,4
ES,2011-04-12,27069,1
ES,2011-04-12,31747,2
ES,2011-04-12,45580,3
ES,2011-04-12,49278,4
ES,2011-04-12,75884,5
ES,2011-04-13,27069,1
ES,2011-04-13,31747,1
ES,2011-04-13,45580,2
ES,2011-04-13,49278,3
ES,2011-04-13,75884,4
ES,2011-04-14,27069,1
ES,2011-04-14,31747,1
ES,2011-04-14,45580,1
ES,2011-04-14,49278,2
ES,2011-04-14,75884,3
ES,2011-04-15,27069,1
ES,2011-04-15,31747,1
ES,2011-04-15,45580,2
ES,2011-04-15,49278,3
ES,2011-04-15,75884,4
ES,2011-04-18,27069,1
ES,2011-04-18,31747,2
ES,2011-04-18,45580,3
ES,2011-04-18,49278,4
ES,2011-04-18,75884,5
ES,2011-04-19,27069,1
ES,2011-04-19,31747,1
ES,2011-04-19,45580,2
ES,2011-04-19,49278,3
ES,2011-04-19,75884,4
ES,2011-04-20,27069,1
ES,2011-04-20,31747,2
ES,2011-04-20,45580,3
ES,2011-04-20,49278,4
ES,2011-04-20,75884,5
ES,2011-04-21,27069,1
ES,2011-04-21,31747,1
ES,2011-04-21,45580,2
ES,2011-04-21,49278,3
ES,2011-04-21,75884,4
ES,2011-04-22,27069,1
ES,2011-04-22,31747,1
ES,2011-04-22,45580,1
ES,2011-04-22,49278,1
ES,2011-04-22,75884,1
ES,2011-04-25,27069,1
ES,2011-04-25,31747,1
ES,2011-04-25,45580,2
ES,2011-04-25,49278,3
ES,2011-04-25,75884,4
ES,2011-04-26,27069,1
ES,2011-04-26,31747,2
ES,2011-04-26,45580,3
ES,2011-04-26,49278,4
ES,2011-04-26,75884,5
ES,2011-04-27,27069,1
ES,2011-04-27,31747,1
ES,2011-04-27,45580,1
ES,2011-04-27,49278,2
ES,2011-04-27,75884,3
ES,2011-04-28,27069,1
ES,2011-04-28,31747,1
ES,2011-04-28,45580,2
ES,2011-04-28,49278,3
ES,2011-04-28,75884,4
ES,2011-04-29,27069,1
ES,2011-04-29,31747,1
ES,2011-04-29,45580,2
ES,2011-04-29,49278,3
ES,2011-04-29,75884,4
ES,2011-05-02,27069,1
ES,2011-05-02,31747,2
ES,2011-05-02,45580,3
ES,2011-05-02,49278,4
ES,2011-05-02,75884,5
ES,2011-05-03,27069,2
ES,2011-05-03,31747,1
ES,2011-05-03,45580,3
ES,2011-05-03,49278,4
ES,2011-05-03,75884,5
ES,2011-05-04,27069,1
ES,2011-05-04,31747,1
ES,2011-05-04,45580,2
ES,2011-05-04,49278,3
ES,2011-05-04,75884,4
ES,2011-05-05,27069,1
ES,2011-05-05,31747,2
ES,2011-05-05,45580,3
ES,2011-05-05,49278,4
ES,2011-05-05,75884,5
ES,2011-05-06,27069,1
ES,2011-05-06,31747,2
ES,2011-05-06,45580,3
ES,2011-05-06,49278,4
ES,2011-05-06,75884,5
ES,2011-05-09,27069,1
ES,2011-05-09,31747,2
ES,2011-05-09,45580,3
ES,2011-05-09,49278,4
ES,2011-05-09,75884,5
ES,2011-05-10,27069,1
ES,2011-05-10,31747,1
ES,2011-05-10,45580,2
ES,2011-05-10,49278,3
ES,2011-05-10,75884,4
ES,2011-05-11,27069,1
ES,2011-05-11,31747,2
ES,2011-05-11,45580,3
ES,2011-05-11,49278,4
ES,2011-05-11,75884,5
ES,2011-05-12,27069,1
ES,2011-05-12,31747,1
ES,2011-05-12,45580,2
ES,2011-05-12,49278,3
ES,2011-05-12,75884,4
ES,2011-05-13,27069,1
ES,2011-05-13,31747,1
ES,2011-05-13,45580,2
ES,2011-05-13,49278,3
ES,2011-05-13,75884,4
ES,2011-05-16,27069,2
ES,2011-05-16,31747,1
ES,2011-05-16,45580,3
ES,2011-05-16,49278,4
ES,2011-05-16,75884,5
ES,2011-05-17,27069,1
ES,2011-05-17,31747,1
ES,2011-05-17,45580,2
ES,2011-05-17,49278,3
ES,2011-05-17,75884,4
ES,2011-05-18,27069,1
ES,2011-05-18,31747,1
ES,2011-05-18,45580,2
ES,2011-05-18,49278,3
ES,2011-05-18,75884,4
ES,2011-05-19,27069,1
ES,2011-05-19,31747,1
ES,2011-05-19,45580,2
ES,2011-05-19,49278,3
ES,2011-05-19,75884,4
ES,2011-05-20,27069,1
ES,2011-05-20,31747,2
ES,2011-05-20,45580,3
ES,2011-05-20,49278,4
ES,2011-05-20,75884,5
ES,2011-05-23,27069,2
ES,2011-05-23,31747,1
ES,2011-05-23,45580,3
ES,2011-05-23,49278,4
ES,2011-05-23,75884,5
ES,2011-05-24,27069,1
ES,2011-05-24,31747,1
ES,2011-05-24,45580,2
ES,2011-05-24,49278,3
ES,2011-05-24,75884,4
ES,2011-05-25,27069,1
ES,2011-05-25,31747,1
ES,2011-05-25,45580,2
ES,2011-05-25,49278,3
ES,2011-05-25,75884,4
ES,2011-05-26,27069,1
ES,2011-05-26,31747,1
ES,2011-05-26,45580,2
ES,2011-05-26,49278,3
ES,2011-05-26,75884,4
ES,2011-05-27,27069,1
ES,2011-05-27,31747,1
ES,2011-05-27,45580,2
ES,2011-05-27,49278,3
ES,2011-05-27,75884,4
ES,2011-05-31,27069,1
ES,2011-05-31,31747,1
ES,2011-05-31,45580,2
ES,2011-05-31,49278,3
ES,2011-05-31,75884,4
ES,2011-06-01,27069,1
ES,2011-06-01,31747,1
ES,2011-06-01,45580,2
ES,2011-06-01,49278,3
ES,2011-06-01,75884,4
ES,2011-06-02,27069,1
ES,2011-06-02,31747,2
ES,2011-06-02,45580,3
ES,2011-06-02,49278,4
ES,2011-06-02,75884,5
ES,2011-06-03,27069,2
ES,2011-06-03,31747,1
ES,2011-06-03,45580,3
ES,2011-06-03,49278,4
ES,2011-06-03,75884,5
ES,2011-06-06,27069,1
ES,2011-06-06,31747,1
ES,2011-06-06,45580,2
ES,2011-06-06,49278,3
ES,2011-06-06,75884,4
ES,2011-06-07,27069,2
ES,2011-06-07,31747,1
ES,2011-06-07,45580,3
ES,2011-06-07,49278,4
ES,2011-06-07,75884,5
ES,2011-06-08,27069,1
ES,2011-06-08,31747,1
ES,2011-06-08,45580,2
ES,2011-06-08,49278,3
ES,2011-06-08,75884,4
ES,2011-06-09,27069,1
ES,2011-06-09,31747,1
ES,2011-06-09,45580,2
ES,2011-06-09,49278,3
ES,2011-06-09,75884,4
ES,2011-06-10,27069,1
ES,2011-06-10,31747,1
ES,2011-06-10,45580,2
ES,2011-06-10,49278,4
ES,2011-06-10,75884,3
ES,2011-06-13,27069,1
ES,2011-06-13,31747,1
ES,2011-06-13,45580,2
ES,2011-06-13,49278,4
ES,2011-06-13,75884,3
ES,2011-06-14,27069,2
ES,2011-06-14,31747,1
ES,2011-06-14,45580,3
ES,2011-06-14,49278,5
ES,2011-06-14,75884,4
ES,2011-06-15,27069,1
ES,2011-06-15,31747,2
ES,2011-06-15,45580,3
ES,2011-06-15,49278,5
ES,2011-06-15,75884,4
ES,2011-06-16,27069,1
ES,2011-06-16,31747,2
ES,2011-06-16,45580,3
ES,2011-06-16,49278,5
ES,2011-06-16,75884,4
ES,2011-06-17,3366,2
ES,2011-06-17,27069,1
ES,2011-06-17,31747,1
ES,2011-06-17,45580,3
ES,2011-06-17,49278,5
ES,2011-06-17,75884,4
ES,2011-06-20,3366,1
ES,2011-06-20,27069,2
ES,2011-06-20,31747,2
ES,2011-06-20,45580,3
ES,2011-06-20,49278,4
ES,2011-06-21,3366,1
ES,2011-06-21,27069,1
ES,2011-06-21,31747,2
ES,2011-06-21,45580,3
ES,2011-06-21,49278,4
ES,2011-06-22,3366,1
ES,2011-06-22,27069,3
ES,2011-06-22,31747,2
ES,2011-06-22,45580,4
ES,2011-06-22,49278,5
ES,2011-06-23,3366,1
ES,2011-06-23,27069,1
ES,2011-06-23,31747,1
ES,2011-06-23,45580,2
ES,2011-06-23,49278,3
ES,2011-06-24,3366,1
ES,2011-06-24,27069,1
ES,2011-06-24,31747,1
ES,2011-06-24,45580,2
ES,2011-06-24,49278,3
ES,2011-06-27,3366,1
ES,2011-06-27,27069,2
ES,2011-06-27,31747,1
ES,2011-06-27,45580,3
ES,2011-06-27,49278,4
ES,2011-06-28,3366,1
ES,2011-06-28,27069,1
ES,2011-06-28,31747,1
ES,2011-06-28,45580,2
ES,2011-06-28,49278,3
ES,2011-06-29,3366,1
ES,2011-06-29,27069,2
ES,2011-06-29,31747,1
ES,2011-06-29,45580,3
ES,2011-06-29,49278,4
ES,2011-06-30,3366,1
ES,2011-06-30,27069,1
ES,2011-06-30,31747,2
ES,2011-06-30,45580,3
ES,2011-06-30,49278,4
ES,2011-07-01,3366,1
ES,2011-07-01,27069,1
ES,2011-07-01,31747,2
ES,2011-07-01,45580,3
ES,2011-07-01,49278,4
ES,2011-07-05,3366,1
ES,2011-07-05,27069,1
ES,2011-07-05,31747,1
ES,2011-07-05,45580,2
ES,2011-07-05,49278,3
ES,2011-07-06,3366,1
ES,2011-07-06,27069,1
ES,2011-07-06,31747,1
ES,2011-07-06,45580,2
ES,2011-07-06,49278,3
ES,2011-07-07,3366,2
ES,2011-07-07,27069,1
ES,2011-07-07,31747,3
ES,2011-07-07,45580,4
ES,2011-07-07,49278,5
ES,2011-07-08,3366,1
ES,2011-07-08,27069,1
ES,2011-07-08,31747,1
ES,2011-07-08,45580,2
ES,2011-07-08,49278,3
ES,2011-07-11,3366,1
ES,2011-07-11,27069,2
ES,2011-07-11,31747,3
ES,2011-07-11,45580,4
ES,2011-07-11,49278,5
ES,2011-07-12,3366,1
ES,2011-07-12,27069,1
ES,2011-07-12,31747,2
ES,2011-07-12,45580,3
ES,2011-07-12,49278,4
ES,2011-07-13,3366,1
ES,2011-07-13,27069,1
ES,2011-07-13,31747,2
ES,2011-07-13,45580,3
ES,2011-07-13,49278,4
ES,2011-07-14,3366,1
ES,2011-07-14,27069,1
ES,2011-07-14,31747,1
ES,2011-07-14,45580,2
ES,2011-07-14,49278,3
ES,2011-07-15,3366,1
ES,2011-07-15,27069,1
ES,2011-07-15,31747,1
ES,2011-07-15,45580,2
ES,2011-07-15,49278,3
ES,2011-07-18,3366,1
ES,2011-07-18,27069,1
ES,2011-07-18,31747,2
ES,2011-07-18,45580,3
ES,2011-07-18,49278,4
ES,2011-07-19,3366,1
ES,2011-07-19,27069,1
ES,2011-07-19,31747,2
ES,2011-07-19,45580,3
ES,2011-07-19,49278,4
ES,2011-07-20,3366,1
ES,2011-07-20,27069,1
ES,2011-07-20,31747,2
ES,2011-07-20,45580,3
ES,2011-07-20,49278,4
ES,2011-07-21,3366,1
ES,2011-07-21,27069,1
ES,2011-07-21,31747,2
ES,2011-07-21,45580,3
ES,2011-07-21,49278,4
ES,2011-07-22,3366,1
ES,2011-07-22,27069,1
ES,2011-07-22,31747,2
ES,2011-07-22,45580,3
ES,2011-07-22,49278,4
ES,2011-07-25,3366,1
ES,2011-07-25,27069,1
ES,2011-07-25,31747,2
ES,2011-07-25,45580,3
ES,2011-07-25,49278,4
ES,2011-07-26,3366,1
ES,2011-07-26,27069,1
ES,2011-07-26,31747,2
ES,2011-07-26,45580,3
ES,2011-07-26,49278,4
ES,2011-07-27,3366,1
ES,2011-07-27,27069,1
ES,2011-07-27,31747,2
ES,2011-07-27,45580,3
ES,2011-07-27,49278,4
ES,2011-07-28,3366,2
ES,2011-07-28,27069,1
ES,2011-07-28,31747,1
ES,2011-07-28,45580,3
ES,2011-07-28,49278,4
ES,2011-07-29,3366,2
ES,2011-07-29,27069,1
ES,2011-07-29,31747,3
ES,2011-07-29,45580,4
ES,2011-07-29,49278,5
ES,2011-08-01,3366,1
ES,2011-08-01,27069,2
ES,2011-08-01,31747,3
ES,2011-08-01,45580,4
ES,2011-08-01,49278,5
ES,2011-08-02,3366,1
ES,2011-08-02,27069,3
ES,2011-08-02,31747,2
ES,2011-08-02,45580,4
ES,2011-08-02,49278,5
ES,2011-08-03,3366,1
ES,2011-08-03,27069,2
ES,2011-08-03,31747,3
ES,2011-08-03,45580,4
ES,2011-08-03,49278,5
ES,2011-08-04,3366,1
ES,2011-08-04,27069,3
ES,2011-08-04,31747,2
ES,2011-08-04,45580,4
ES,2011-08-04,49278,5
ES,2011-08-05,3366,1
ES,2011-08-05,27069,2
ES,2011-08-05,31747,3
ES,2011-08-05,45580,4
ES,2011-08-05,49278,5
ES,2011-08-08,3366,1
ES,2011-08-08,27069,2
ES,2011-08-08,31747,3
ES,2011-08-08,45580,4
ES,2011-08-08,49278,5
ES,2011-08-09,3366,1
ES,2011-08-09,27069,1
ES,2011-08-09,31747,2
ES,2011-08-09,45580,3
ES,2011-08-09,49278,4
ES,2011-08-10,3366,1
ES,2011-08-10,27069,2
ES,2011-08-10,31747,3
ES,2011-08-10,45580,4
ES,2011-08-10,49278,5
ES,2011-08-11,3366,1
ES,2011-08-11,27069,1
ES,2011-08-11,31747,2
ES,2011-08-11,45580,3
ES,2011-08-11,49278,4
ES,2011-08-12,3366,1
ES,2011-08-12,27069,1
ES,2011-08-12,31747,2
ES,2011-08-12,45580,3
ES,2011-08-12,49278,4
ES,2011-08-15,3366,1
ES,2011-08-15,27069,1
ES,2011-08-15,31747,2
ES,2011-08-15,45580,3
ES,2011-08-15,49278,4
ES,2011-08-16,3366,1
ES,2011-08-16,27069,1
ES,2011-08-16,31747,2
ES,2011-08-16,45580,3
ES,2011-08-16,49278,4
ES,2011-08-17,3366,1
ES,2011-08-17,27069,1
ES,2011-08-17,31747,2
ES,2011-08-17,45580,3
ES,2011-08-17,49278,4
ES,2011-08-18,3366,2
ES,2011-08-18,27069,1
ES,2011-08-18,31747,3
ES,2011-08-18,45580,4
ES,2011-08-18,49278,5
ES,2011-08-19,3366,1
ES,2011-08-19,27069,2
ES,2011-08-19,31747,3
ES,2011-08-19,45580,4
ES,2011-08-19,49278,5
ES,2011-08-22,3366,1
ES,2011-08-22,27069,2
ES,2011-08-22,31747,3
ES,2011-08-22,45580,4
ES,2011-08-22,49278,5
ES,2011-08-23,3366,1
ES,2011-08-23,27069,1
ES,2011-08-23,31747,2
ES,2011-08-23,45580,3
ES,2011-08-23,49278,4
ES,2011-08-24,3366,1
ES,2011-08-24,27069,1
ES,2011-08-24,31747,2
ES,2011-08-24,45580,3
ES,2011-08-24,49278,4
ES,2011-08-25,3366,1
ES,2011-08-25,27069,1
ES,2011-08-25,31747,2
ES,2011-08-25,45580,3
ES,2011-08-25,49278,4
ES,2011-08-26,3366,1
ES,2011-08-26,27069,1
ES,2011-08-26,31747,2
ES,2011-08-26,45580,3
ES,2011-08-26,49278,4
ES,2011-08-29,3366,1
ES,2011-08-29,27069,1
ES,2011-08-29,31747,2
ES,2011-08-29,45580,3
ES,2011-08-29,49278,4
ES,2011-08-30,3366,1
ES,2011-08-30,27069,2
ES,2011-08-30,31747,3
ES,2011-08-30,45580,4
ES,2011-08-30,49278,5
ES,2011-08-31,3366,1
ES,2011-08-31,27069,2
ES,2011-08-31,31747,3
ES,2011-08-31,45580,4
ES,2011-08-31,49278,5
ES,2011-09-01,3366,1
ES,2011-09-01,27069,1
ES,2011-09-01,31747,2
ES,2011-09-01,45580,3
ES,2011-09-01,49278,4
ES,2011-09-02,3366,2
ES,2011-09-02,27069,1
ES,2011-09-02,31747,3
ES,2011-09-02,45580,4
ES,2011-09-02,49278,5
ES,2011-09-06,3366,1
ES,2011-09-06,10113,1
ES,2011-09-06,27069,1
ES,2011-09-06,31747,2
ES,2011-09-06,45580,3
ES,2011-09-06,49278,4
ES,2011-09-07,3366,2
ES,2011-09-07,27069,1
ES,2011-09-07,31747,3
ES,2011-09-07,45580,4
ES,2011-09-07,49278,5
ES,2011-09-08,3366,1
ES,2011-09-08,27069,1
ES,2011-09-08,31747,2
ES,2011-09-08,45580,3
ES,2011-09-08,49278,4
ES,2011-09-09,3366,1
ES,2011-09-09,27069,2
ES,2011-09-09,31747,3
ES,2011-09-09,45580,5
ES,2011-09-09,49278,4
ES,2011-09-12,3366,1
ES,2011-09-12,27069,1
ES,2011-09-12,31747,2
ES,2011-09-12,45580,4
ES,2011-09-12,49278,3
ES,2011-09-13,3366,1
ES,2011-09-13,27069,2
ES,2011-09-13,31747,3
ES,2011-09-13,45580,5
ES,2011-09-13,49278,4
ES,2011-09-14,3366,2
ES,2011-09-14,27069,1
ES,2011-09-14,31747,3
ES,2011-09-14,45580,5
ES,2011-09-14,49278,4
ES,2011-09-15,3366,1
ES,2011-09-15,27069,2
ES,2011-09-15,31747,3
ES,2011-09-15,45580,5
ES,2011-09-15,49278,4
ES,2011-09-16,3366,1
ES,2011-09-16,10113,1
ES,2011-09-16,27069,1
ES,2011-09-16,31747,2
ES,2011-09-16,45580,4
ES,2011-09-16,49278,3
ES,2011-09-19,3366,1
ES,2011-09-19,10113,1
ES,2011-09-19,27069,1
ES,2011-09-19,31747,2
ES,2011-09-19,45580,3
ES,2011-09-20,3366,1
ES,2011-09-20,10113,1
ES,2011-09-20,27069,2
ES,2011-09-20,31747,3
ES,2011-09-20,45580,4
ES,2011-09-21,3366,1
ES,2011-09-21,10113,3
ES,2011-09-21,27069,2
ES,2011-09-21,31747,4
ES,2011-09-21,45580,5
ES,2011-09-22,3366,1
ES,2011-09-22,10113,1
ES,2011-09-22,27069,2
ES,2011-09-22,31747,3
ES,2011-09-22,45580,4
ES,2011-09-23,3366,3
ES,2011-09-23,10113,1
ES,2011-09-23,27069,2
ES,2011-09-23,31747,4
ES,2011-09-23,45580,5
ES,2011-09-26,3366,1
ES,2011-09-26,10113,1
ES,2011-09-26,27069,2
ES,2011-09-26,31747,3
ES,2011-09-26,45580,4
ES,2011-09-27,3366,1
ES,2011-09-27,10113,2
ES,2011-09-27,27069,3
ES,2011-09-27,31747,4
ES,2011-09-27,45580,5
ES,2011-09-28,3366,1
ES,2011-09-28,10113,2
ES,2011-09-28,27069,1
ES,2011-09-28,31747,3
ES,2011-09-28,45580,4
ES,2011-09-29,3366,2
ES,2011-09-29,10113,1
ES,2011-09-29,27069,1
ES,2011-09-29,31747,3
ES,2011-09-29,45580,4
ES,2011-09-30,3366,1
ES,2011-09-30,10113,1
ES,2011-09-30,27069,2
ES,2011-09-30,31747,3
ES,2011-09-30,45580,4
ES,2011-10-03,3366,1
ES,2011-10-03,10113,2
ES,2011-10-03,27069,3
ES,2011-10-03,31747,4
ES,2011-10-03,45580,5
ES,2011-10-04,3366,1
ES,2011-10-04,10113,1
ES,2011-10-04,27069,2
ES,2011-10-04,31747,3
ES,2011-10-04,45580,4
ES,2011-10-05,3366,1
ES,2011-10-05,10113,2
ES,2011-10-05,27069,3
ES,2011-10-05,31747,4
ES,2011-10-05,45580,5
ES,2011-10-06,3366,1
ES,2011-10-06,10113,2
ES,2011-10-06,27069,2
ES,2011-10-06,31747,3
ES,2011-10-06,45580,4
ES,2011-10-07,3366,1
ES,2011-10-07,10113,1
ES,2011-10-07,27069,2
ES,2011-10-07,31747,3
ES,2011-10-07,45580,4
ES,2011-10-10,3366,1
ES,2011-10-10,10113,1
ES,2011-10-10,27069,2
ES,2011-10-10,31747,3
ES,2011-10-10,45580,4
ES,2011-10-11,3366,1
ES,2011-10-11,10113,1
ES,2011-10-11,27069,1
ES,2011-10-11,31747,2
ES,2011-10-11,45580,3
ES,2011-10-12,3366,1
ES,2011-10-12,10113,1
ES,2011-10-12,27069,2
ES,2011-10-12,31747,3
ES,2011-10-12,45580,4
ES,2011-10-13,3366,2
ES,2011-10-13,10113,1
ES,2011-10-13,27069,3
ES,2011-10-13,31747,4
ES,2011-10-13,45580,5
ES,2011-10-14,3366,2
ES,2011-10-14,10113,1
ES,2011-10-14,27069,3
ES,2011-10-14,31747,4
ES,2011-10-14,45580,5
ES,2011-10-17,3366,1
ES,2011-10-17,10113,1
ES,2011-10-17,27069,2
ES,2011-10-17,31747,3
ES,2011-10-17,45580,4
ES,2011-10-18,3366,1
ES,2011-10-18,10113,1
ES,2011-10-18,27069,2
ES,2011-10-18,31747,3
ES,2011-10-18,45580,4
ES,2011-10-19,3366,1
ES,2011-10-19,10113,1
ES,2011-10-19,27069,2
ES,2011-10-19,31747,3
ES,2011-10-19,45580,4
ES,2011-10-20,3366,1
ES,2011-10-20,10113,2
ES,2011-10-20,27069,1
ES,2011-10-20,31747,3
ES,2011-10-20,45580,4
ES,2011-10-21,3366,1
ES,2011-10-21,10113,1
ES,2011-10-21,27069,1
ES,2011-10-21,31747,2
ES,2011-10-21,45580,3
ES,2011-10-24,3366,1
ES,2011-10-24,10113,1
ES,2011-10-24,27069,2
ES,2011-10-24,31747,3
ES,2011-10-24,45580,4
ES,2011-10-25,3366,2
ES,2011-10-25,10113,1
ES,2011-10-25,27069,3
ES,2011-10-25,31747,4
ES,2011-10-25,45580,5
ES,2011-10-26,3366,1
ES,2011-10-26,10113,1
ES,2011-10-26,27069,2
ES,2011-10-26,31747,3
ES,2011-10-26,45580,4
ES,2011-10-27,3366,1
ES,2011-10-27,10113,1
ES,2011-10-27,27069,2
ES,2011-10-27,31747,3
ES,2011-10-27,45580,4
ES,2011-10-28,3366,2
ES,2011-10-28,10113,1
ES,2011-10-28,27069,3
ES,2011-10-28,31747,4
ES,2011-10-28,45580,5
ES,2011-10-31,3366,1
ES,2011-10-31,10113,1
ES,2011-10-31,27069,2
ES,2011-10-31,31747,3
ES,2011-10-31,45580,4
ES,2011-11-01,3366,1
ES,2011-11-01,10113,1
ES,2011-11-01,27069,2
ES,2011-11-01,31747,3
ES,2011-11-01,45580,4
ES,2011-11-02,3366,1
ES,2011-11-02,10113,1
ES,2011-11-02,27069,2
ES,2011-11-02,31747,3
ES,2011-11-02,45580,4
ES,2011-11-03,3366,1
ES,2011-11-03,10113,1
ES,2011-11-03,27069,2
ES,2011-11-03,31747,3
ES,2011-11-03,45580,4
ES,2011-11-04,3366,1
ES,2011-11-04,10113,2
ES,2011-11-04,27069,1
ES,2011-11-04,31747,3
ES,2011-11-04,45580,4
ES,2011-11-07,3366,1
ES,2011-11-07,10113,1
ES,2011-11-07,27069,2
ES,2011-11-07,31747,3
ES,2011-11-07,45580,4
ES,2011-11-08,3366,1
ES,2011-11-08,10113,1
ES,2011-11-08,27069,1
ES,2011-11-08,31747,2
ES,2011-11-08,45580,3
ES,2011-11-09,3366,1
ES,2011-11-09,10113,1
ES,2011-11-09,27069,2
ES,2011-11-09,31747,3
ES,2011-11-09,45580,4
ES,2011-11-10,3366,1
ES,2011-11-10,10113,1
ES,2011-11-10,27069,2
ES,2011-11-10,31747,3
ES,2011-11-10,45580,4
ES,2011-11-11,3366,1
ES,2011-11-11,10113,1
ES,2011-11-11,27069,2
ES,2011-11-11,31747,3
ES,2011-11-11,45580,4
ES,2011-11-14,3366,2
ES,2011-11-14,10113,1
ES,2011-11-14,27069,1
ES,2011-11-14,31747,3
ES,2011-11-14,45580,4
ES,2011-11-15,3366,3
ES,2011-11-15,10113,1
ES,2011-11-15,27069,2
ES,2011-11-15,31747,4
ES,2011-11-15,45580,5
ES,2011-11-16,3366,1
ES,2011-11-16,10113,1
ES,2011-11-16,27069,1
ES,2011-11-16,31747,2
ES,2011-11-16,45580,3
ES,2011-11-17,3366,1
ES,2011-11-17,10113,1
ES,2011-11-17,27069,2
ES,2011-11-17,31747,3
ES,2011-11-17,45580,4
ES,2011-11-18,3366,1
ES,2011-11-18,10113,1
ES,2011-11-18,27069,2
ES,2011-11-18,31747,3
ES,2011-11-18,45580,4
ES,2011-11-21,3366,1
ES,2011-11-21,10113,2
ES,2011-11-21,27069,3
ES,2011-11-21,31747,4
ES,2011-11-21,45580,5
ES,2011-11-22,3366,1
ES,2011-11-22,10113,1
ES,2011-11-22,27069,2
ES,2011-11-22,31747,3
ES,2011-11-22,45580,4
ES,2011-11-23,3366,1
ES,2011-11-23,10113,1
ES,2011-11-23,27069,2
ES,2011-11-23,31747,3
ES,2011-11-23,45580,4
ES,2011-11-25,3366,1
ES,2011-11-25,10113,1
ES,2011-11-25,27069,2
ES,2011-11-25,31747,3
ES,2011-11-25,45580,4
ES,2011-11-28,3366,1
ES,2011-11-28,10113,1
ES,2011-11-28,27069,2
ES,2011-11-28,31747,3
ES,2011-11-28,45580,4
ES,2011-11-29,3366,1
ES,2011-11-29,10113,1
ES,2011-11-29,27069,2
ES,2011-11-29,31747,3
ES,2011-11-29,45580,4
ES,2011-11-30,3366,1
ES,2011-11-30,10113,2
ES,2011-11-30,27069,3
ES,2011-11-30,31747,4
ES,2011-11-30,45580,5
ES,2011-12-01,3366,1
ES,2011-12-01,10113,1
ES,2011-12-01,27069,2
ES,2011-12-01,31747,3
ES,2011-12-01,45580,4
ES,2011-12-02,3366,1
ES,2011-12-02,10113,2
ES,2011-12-02,27069,3
ES,2011-12-02,31747,4
ES,2011-12-02,45580,5
ES,2011-12-05,3366,1
ES,2011-12-05,10113,2
ES,2011-12-05,27069,3
ES,2011-12-05,31747,4
ES,2011-12-05,45580,5
ES,2011-12-06,3366,1
ES,2011-12-06,10113,1
ES,2011-12-06,27069,2
ES,2011-12-06,31747,3
ES,2011-12-06,45580,4
ES,2011-12-07,3366,2
ES,2011-12-07,10113,1
ES,2011-12-07,27069,3
ES,2011-12-07,31747,4
ES,2011-12-07,45580,5
ES,2011-12-08,3366,1
ES,2011-12-08,10113,2
ES,2011-12-08,27069,3
ES,2011-12-08,31747,4
ES,2011-12-08,45580,5
ES,2011-12-09,3366,1
ES,2011-12-09,10113,2
ES,2011-12-09,27069,3
ES,2011-12-09,31747,5
ES,2011-12-09,45580,4
ES,2011-12-12,3366,1
ES,2011-12-12,10113,2
ES,2011-12-12,27069,3
ES,2011-12-12,31747,5
ES,2011-12-12,45580,4
ES,2011-12-13,3366,1
ES,2011-12-13,10113,2
ES,2011-12-13,27069,3
ES,2011-12-13,31747,5
ES,2011-12-13,45580,4
ES,2011-12-14,3366,1
ES,2011-12-14,10113,2
ES,2011-12-14,27069,3
ES,2011-12-14,31747,5
ES,2011-12-14,45580,4
ES,2011-12-15,3366,1
ES,2011-12-15,10113,1
ES,2011-12-15,27069,2
ES,2011-12-15,31747,4
ES,2011-12-15,45580,3
ES,2011-12-16,3366,2
ES,2011-12-16,10113,3
ES,2011-12-16,23970,1
ES,2011-12-16,27069,4
ES,2011-12-16,31747,6
ES,2011-12-16,45580,5
ES,2011-12-19,3366,1
ES,2011-12-19,10113,2
ES,2011-12-19,23970,1
ES,2011-12-19,27069,3
ES,2011-12-19,31747,4
ES,2011-12-20,3366,2
ES,2011-12-20,10113,1
ES,2011-12-20,23970,1
ES,2011-12-20,27069,3
ES,2011-12-20,31747,4
ES,2011-12-21,3366,2
ES,2011-12-21,10113,1
ES,2011-12-21,23970,1
ES,2011-12-21,27069,3
ES,2011-12-21,31747,4
ES,2011-12-22,3366,2
ES,2011-12-22,10113,3
ES,2011-12-22,23970,1
ES,2011-12-22,27069,4
ES,2011-12-22,31747,5
ES,2011-12-23,3366,1
ES,2011-12-23,10113,1
ES,2011-12-23,23970,1
ES,2011-12-23,27069,2
ES,2011-12-23,31747,3
ES,2011-12-27,3366,1
ES,2011-12-27,10113,1
ES,2011-12-27,23970,1
ES,2011-12-27,27069,2
ES,2011-12-27,31747,3
ES,2011-12-28,3366,2
ES,2011-12-28,10113,1
ES,2011-12-28,23970,1
ES,2011-12-28,27069,3
ES,2011-12-28,31747,4
ES,2011-12-29,3366,1
ES,2011-12-29,10113,2
ES,2011-12-29,23970,1
ES,2011-12-29,27069,3
ES,2011-12-29,31747,4
ES,2011-12-30,3366,1
ES,2011-12-30,10113,1
ES,2011-12-30,23970,1
ES,2011-12-30,27069,2
ES,2011-12-30,31747,3
ES,2012-01-03,3366,2
ES,2012-01-03,10113,1
ES,2012-01-03,23970,1
ES,2012-01-03,27069,3
ES,2012-01-03,31747,4
ES,2012-01-04,3366,1
ES,2012-01-04,10113,1
ES,2012-01-04,23970,1
ES,2012-01-04,27069,2
ES,2012-01-04,31747,3
ES,2012-01-05,3366,1
ES,2012-01-05,10113,2
ES,2012-01-05,23970,1
ES,2012-01-05,27069,3
ES,2012-01-05,31747,4
ES,2012-01-06,3366,2
ES,2012-01-06,10113,1
ES,2012-01-06,23970,1
ES,2012-01-06,27069,3
ES,2012-01-06,31747,4
ES,2012-01-09,3366,2
ES,2012-01-09,10113,1
ES,2012-01-09,23970,1
ES,2012-01-09,27069,3
ES,2012-01-09,31747,4
ES,2012-01-10,3366,2
ES,2012-01-10,10113,1
ES,2012-01-10,23970,1
ES,2012-01-10,27069,3
ES,2012-01-10,31747,4
ES,2012-01-11,3366,2
ES,2012-01-11,10113,1
ES,2012-01-11,23970,1
ES,2012-01-11,27069,3
ES,2012-01-11,31747,4
ES,2012-01-12,3366,2
ES,2012-01-12,10113,3
ES,2012-01-12,23970,1
ES,2012-01-12,27069,4
ES,2012-01-12,31747,5
ES,2012-01-13,3366,3
ES,2012-01-13,10113,2
ES,2012-01-13,23970,1
ES,2012-01-13,27069,4
ES,2012-01-13,31747,5
ES,2012-01-17,3366,2
ES,2012-01-17,10113,1
ES,2012-01-17,23970,1
ES,2012-01-17,27069,3
ES,2012-01-17,31747,4
ES,2012-01-18,3366,2
ES,2012-01-18,10113,1
ES,2012-01-18,23970,1
ES,2012-01-18,27069,3
ES,2012-01-18,31747,4
ES,2012-01-19,3366,3
ES,2012-01-19,10113,2
ES,2012-01-19,23970,1
ES,2012-01-19,27069,4
ES,2012-01-19,31747,5
ES,2012-01-20,3366,2
ES,2012-01-20,10113,3
ES,2012-01-20,23970,1
ES,2012-01-20,27069,4
ES,2012-01-20,31747,5
ES,2012-01-23,3366,2
ES,2012-01-23,10113,1
ES,2012-01-23,23970,1
ES,2012-01-23,27069,3
ES,2012-01-23,31747,4
ES,2012-01-24,3366,2
ES,2012-01-24,10113,1
ES,2012-01-24,23970,1
ES,2012-01-24,27069,3
ES,2012-01-24,31747,4
ES,2012-01-25,3366,3
ES,2012-01-25,10113,2
ES,2012-01-25,23970,1
ES,2012-01-25,27069,4
ES,2012-01-25,31747,5
ES,2012-01-26,3366,2
ES,2012-01-26,10113,1
ES,2012-01-26,23970,1
ES,2012-01-26,27069,3
ES,2012-01-26,31747,4
ES,2012-01-27,3366,2
ES,2012-01-27,10113,2
ES,2012-01-27,23970,1
ES,2012-01-27,27069,3
ES,2012-01-27,31747,4
ES,2012-01-30,3366,2
ES,2012-01-30,10113,1
ES,2012-01-30,23970,1
ES,2012-01-30,27069,3
ES,2012-01-30,31747,4
ES,2012-01-31,3366,3
ES,2012-01-31,10113,2
ES,2012-01-31,23970,1
ES,2012-01-31,27069,4
ES,2012-01-31,31747,5
ES,2012-02-01,3366,2
ES,2012-02-01,10113,1
ES,2012-02-01,23970,1
ES,2012-02-01,27069,3
ES,2012-02-01,31747,4
ES,2012-02-02,3366,3
ES,2012-02-02,10113,2
ES,2012-02-02,23970,1
ES,2012-02-02,27069,4
ES,2012-02-02,31747,5
ES,2012-02-03,3366,2
ES,2012-02-03,10113,1
ES,2012-02-03,23970,1
ES,2012-02-03,27069,3
ES,2012-02-03,31747,4
ES,2012-02-06,3366,2
ES,2012-02-06,10113,1
ES,2012-02-06,23970,1
ES,2012-02-06,27069,3
ES,2012-02-06,31747,4
ES,2012-02-07,3366,2
ES,2012-02-07,10113,1
ES,2012-02-07,23970,1
ES,2012-02-07,27069,3
ES,2012-02-07,31747,4
ES,2012-02-08,3366,2
ES,2012-02-08,10113,1
ES,2012-02-08,23970,1
ES,2012-02-08,27069,3
ES,2012-02-08,31747,4
ES,2012-02-09,3366,2
ES,2012-02-09,10113,1
ES,2012-02-09,23970,1
ES,2012-02-09,27069,3
ES,2012-02-09,31747,4
ES,2012-02-10,3366,3
ES,2012-02-10,10113,2
ES,2012-02-10,23970,1
ES,2012-02-10,27069,4
ES,2012-02-10,31747,5
ES,2012-02-13,3366,2
ES,2012-02-13,10113,1
ES,2012-02-13,23970,1
ES,2012-02-13,27069,3
ES,2012-02-13,31747,4
ES,2012-02-14,3366,2
ES,2012-02-14,10113,1
ES,2012-02-14,23970,1
ES,2012-02-14,27069,3
ES,2012-02-14,31747,4
ES,2012-02-15,3366,2
ES,2012-02-15,10113,1
ES,2012-02-15,23970,1
ES,2012-02-15,27069,3
ES,2012-02-15,31747,4
ES,2012-02-16,3366,3
ES,2012-02-16,10113,2
ES,2012-02-16,23970,1
ES,2012-02-16,27069,4
ES,2012-02-16,31747,5
ES,2012-02-17,3366,2
ES,2012-02-17,10113,2
ES,2012-02-17,23970,1
ES,2012-02-17,27069,3
ES,2012-02-17,31747,4
ES,2012-02-21,3366,3
ES,2012-02-21,10113,2
ES,2012-02-21,23970,1
ES,2012-02-21,27069,4
ES,2012-02-21,31747,5
ES,2012-02-22,3366,2
ES,2012-02-22,10113,1
ES,2012-02-22,23970,1
ES,2012-02-22,27069,3
ES,2012-02-22,31747,4
ES,2012-02-23,3366,2
ES,2012-02-23,10113,1
ES,2012-02-23,23970,1
ES,2012-02-23,27069,3
ES,2012-02-23,31747,4
ES,2012-02-24,3366,2
ES,2012-02-24,10113,2
ES,2012-02-24,23970,1
ES,2012-02-24,27069,3
ES,2012-02-24,31747,4
ES,2012-02-27,3366,2
ES,2012-02-27,10113,1
ES,2012-02-27,23970,1
ES,2012-02-27,27069,3
ES,2012-02-27,31747,4
ES,2012-02-28,3366,3
ES,2012-02-28,10113,2
ES,2012-02-28,23970,1
ES,2012-02-28,27069,4
ES,2012-02-28,31747,5
ES,2012-02-29,3366,2
ES,2012-02-29,10113,1
ES,2012-02-29,23970,1
ES,2012-02-29,27069,3
ES,2012-02-29,31747,4
ES,2012-03-01,3366,2
ES,2012-03-01,10113,1
ES,2012-03-01,23970,1
ES,2012-03-01,27069,3
ES,2012-03-01,31747,4
ES,2012-03-02,3366,2
ES,2012-03-02,10113,1
ES,2012-03-02,23970,1
ES,2012-03-02,27069,3
ES,2012-03-02,31747,4
ES,2012-03-05,3366,3
ES,2012-03-05,10113,2
ES,2012-03-05,23970,1
ES,2012-03-05,27069,4
ES,2012-03-05,31747,5
ES,2012-03-06,3366,2
ES,2012-03-06,10113,1
ES,2012-03-06,23970,1
ES,2012-03-06,27069,3
ES,2012-03-06,31747,4
ES,2012-03-07,3366,2
ES,2012-03-07,10113,1
ES,2012-03-07,23970,1
ES,2012-03-07,27069,3
ES,2012-03-07,31747,4
ES,2012-03-08,3366,3
ES,2012-03-08,10113,2
ES,2012-03-08,23970,1
ES,2012-03-08,27069,4
ES,2012-03-08,31747,5
ES,2012-03-09,3366,3
ES,2012-03-09,10113,2
ES,2012-03-09,23970,1
ES,2012-03-09,27069,5
ES,2012-03-09,31747,4
ES,2012-03-12,3366,2
ES,2012-03-12,10113,1
ES,2012-03-12,23970,1
ES,2012-03-12,27069,4
ES,2012-03-12,31747,3
ES,2012-03-13,3366,3
ES,2012-03-13,10113,2
ES,2012-03-13,23970,1
ES,2012-03-13,27069,5
ES,2012-03-13,31747,4
ES,2012-03-14,3366,3
ES,2012-03-14,10113,2
ES,2012-03-14,23970,1
ES,2012-03-14,27069,5
ES,2012-03-14,31747,4
ES,2012-03-15,3366,3
ES,2012-03-15,10113,2
ES,2012-03-15,23970,1
ES,2012-03-15,27069,5
ES,2012-03-15,31747,4
ES,2012-03-16,3366,3
ES,2012-03-16,10113,2
ES,2012-03-16,11561,1
ES,2012-03-16,23970,1
ES,2012-03-16,27069,5
ES,2012-03-16,31747,4
ES,2012-03-19,3366,4
ES,2012-03-19,10113,3
ES,2012-03-19,11561,1
ES,2012-03-19,23970,2
ES,2012-03-19,27069,5
ES,2012-03-20,3366,3
ES,2012-03-20,10113,2
ES,2012-03-20,11561,1
ES,2012-03-20,23970,1
ES,2012-03-20,27069,4
ES,2012-03-21,3366,3
ES,2012-03-21,10113,2
ES,2012-03-21,11561,1
ES,2012-03-21,23970,1
ES,2012-03-21,27069,4
ES,2012-03-22,3366,4
ES,2012-03-22,10113,3
ES,2012-03-22,11561,1
ES,2012-03-22,23970,2
ES,2012-03-22,27069,5
ES,2012-03-23,3366,4
ES,2012-03-23,10113,2
ES,2012-03-23,11561,1
ES,2012-03-23,23970,3
ES,2012-03-23,27069,5
ES,2012-03-26,3366,4
ES,2012-03-26,10113,2
ES,2012-03-26,11561,1
ES,2012-03-26,23970,3
ES,2012-03-26,27069,5
ES,2012-03-27,3366,3
ES,2012-03-27,10113,2
ES,2012-03-27,11561,1
ES,2012-03-27,23970,1
ES,2012-03-27,27069,4
ES,2012-03-28,3366,4
ES,2012-03-28,10113,2
ES,2012-03-28,11561,1
ES,2012-03-28,23970,3
ES,2012-03-28,27069,5
ES,2012-03-29,3366,4
ES,2012-03-29,10113,3
ES,2012-03-29,11561,1
ES,2012-03-29,23970,2
ES,2012-03-29,27069,5
ES,2012-03-30,3366,3
ES,2012-03-30,10113,2
ES,2012-03-30,11561,1
ES,2012-03-30,23970,1
ES,2012-03-30,27069,4
ES,2012-04-02,3366,3
ES,2012-04-02,10113,2
ES,2012-04-02,11561,1
ES,2012-04-02,23970,1
ES,2012-04-02,27069,4
ES,2012-04-03,3366,4
ES,2012-04-03,10113,3
ES,2012-04-03,11561,1
ES,2012-04-03,23970,2
ES,2012-04-03,27069,5
ES,2012-04-04,3366,3
ES,2012-04-04,10113,2
ES,2012-04-04,11561,1
ES,2012-04-04,23970,1
ES,2012-04-04,27069,4
ES,2012-04-05,3366,3
ES,2012-04-05,10113,2
ES,2012-04-05,11561,1
ES,2012-04-05,23970,1
ES,2012-04-05,27069,4
ES,2012-04-06,3366,3
ES,2012-04-06,10113,2
ES,2012-04-06,11561,1
ES,2012-04-06,23970,1
ES,2012-04-06,27069,4
ES,2012-04-09,3366,3
ES,2012-04-09,10113,2
ES,2012-04-09,11561,1
ES,2012-04-09,23970,1
ES,2012-04-09,27069,4
ES,2012-04-10,3366,4
ES,2012-04-10,10113,3
ES,2012-04-10,11561,1
ES,2012-04-10,23970,2
ES,2012-04-10,27069,5
ES,2012-04-11,3366,2
ES,2012-04-11,10113,1
ES,2012-04-11,11561,1
ES,2012-04-11,23970,1
ES,2012-04-11,27069,3
ES,2012-04-12,3366,3
ES,2012-04-12,10113,2
ES,2012-04-12,11561,1
ES,2012-04-12,23970,1
ES,2012-04-12,27069,4
ES,2012-04-13,3366,3
ES,2012-04-13,10113,2
ES,2012-04-13,11561,1
ES,2012-04-13,23970,1
ES,2012-04-13,27069,4
ES,2012-04-16,3366,3
ES,2012-04-16,10113,2
ES,2012-04-16,11561,1
ES,2012-04-16,23970,1
ES,2012-04-16,27069,4
ES,2012-04-17,3366,3
ES,2012-04-17,10113,2
ES,2012-04-17,11561,1
ES,2012-04-17,23970,1
ES,2012-04-17,27069,4
ES,2012-04-18,3366,3
ES,2012-04-18,10113,2
ES,2012-04-18,11561,1
ES,2012-04-18,23970,1
ES,2012-04-18,27069,4
ES,2012-04-19,3366,3
ES,2012-04-19,10113,2
ES,2012-04-19,11561,1
ES,2012-04-19,23970,1
ES,2012-04-19,27069,4
ES,2012-04-20,3366,2
ES,2012-04-20,10113,1
ES,2012-04-20,11561,1
ES,2012-04-20,23970,1
ES,2012-04-20,27069,3
ES,2012-04-23,3366,3
ES,2012-04-23,10113,2
ES,2012-04-23,11561,1
ES,2012-04-23,23970,1
ES,2012-04-23,27069,4
ES,2012-04-24,3366,4
ES,2012-04-24,10113,3
ES,2012-04-24,11561,2
ES,2012-04-24,23970,1
ES,2012-04-24,27069,5
ES,2012-04-25,3366,4
ES,2012-04-25,10113,3
ES,2012-04-25,11561,1
ES,2012-04-25,23970,2
ES,2012-04-25,27069,5
ES,2012-04-26,3366,3
ES,2012-04-26,10113,2
ES,2012-04-26,11561,1
ES,2012-04-26,23970,1
ES,2012-04-26,27069,4
ES,2012-04-27,3366,4
ES,2012-04-27,10113,3
ES,2012-04-27,11561,2
ES,2012-04-27,23970,1
ES,2012-04-27,27069,5
ES,2012-04-30,3366,3
ES,2012-04-30,10113,2
ES,2012-04-30,11561,1
ES,2012-04-30,23970,1
ES,2012-04-30,27069,4
ES,2012-05-01,3366,3
ES,2012-05-01,10113,2
ES,2012-05-01,11561,1
ES,2012-05-01,23970,1
ES,2012-05-01,27069,4
ES,2012-05-02,3366,3
ES,2012-05-02,10113,2
ES,2012-05-02,11561,1
ES,2012-05-02,23970,1
ES,2012-05-02,27069,4
ES,2012-05-03,3366,4
ES,2012-05-03,10113,3
ES,2012-05-03,11561,1
ES,2012-05-03,23970,2
ES,2012-05-03,27069,5
ES,2012-05-04,3366,3
ES,2012-05-04,10113,2
ES,2012-05-04,11561,1
ES,2012-05-04,23970,1
ES,2012-05-04,27069,4
ES,2012-05-07,3366,4
ES,2012-05-07,10113,3
ES,2012-05-07,11561,2
ES,2012-05-07,23970,1
ES,2012-05-07,27069,5
ES,2012-05-08,3366,4
ES,2012-05-08,10113,3
ES,2012-05-08,11561,2
ES,2012-05-08,23970,1
ES,2012-05-08,27069,5
ES,2012-05-09,3366,4
ES,2012-05-09,10113,3
ES,2012-05-09,11561,1
ES,2012-05-09,23970,2
ES,2012-05-09,27069,5
ES,2012-05-10,3366,3
ES,2012-05-10,10113,2
ES,2012-05-10,11561,1
ES,2012-05-10,23970,1
ES,2012-05-10,27069,4
ES,2012-05-11,3366,3
ES,2012-05-11,10113,2
ES,2012-05-11,11561,1
ES,2012-05-11,23970,1
ES,2012-05-11,27069,4
ES,2012-05-14,3366,3
ES,2012-05-14,10113,2
ES,2012-05-14,11561,1
ES,2012-05-14,23970,1
ES,2012-05-14,27069,4
ES,2012-05-15,3366,4
ES,2012-05-15,10113,3
ES,2012-05-15,11561,1
ES,2012-05-15,23970,2
ES,2012-05-15,27069,5
ES,2012-05-16,3366,4
ES,2012-05-16,10113,3
ES,2012-05-16,11561,1
ES,2012-05-16,23970,2
ES,2012-05-16,27069,5
ES,2012-05-17,3366,4
ES,2012-05-17,10113,3
ES,2012-05-17,11561,2
ES,2012-05-17,23970,1
ES,2012-05-17,27069,5
ES,2012-05-18,3366,3
ES,2012-05-18,10113,2
ES,2012-05-18,11561,1
ES,2012-05-18,23970,1
ES,2012-05-18,27069,4
ES,2012-05-21,3366,3
ES,2012-05-21,10113,2
ES,2012-05-21,11561,1
ES,2012-05-21,23970,1
ES,2012-05-21,27069,4
ES,2012-05-22,3366,4
ES,2012-05-22,10113,3
ES,2012-05-22,11561,2
ES,2012-05-22,23970,1
ES,2012-05-22,27069,5
ES,2012-05-23,3366,3
ES,2012-05-23,10113,2
ES,2012-05-23,11561,1
ES,2012-05-23,23970,1
ES,2012-05-23,27069,4
ES,2012-05-24,3366,3
ES,2012-05-24,10113,2
ES,2012-05-24,11561,1
ES,2012-05-24,23970,1
ES,2012-05-24,27069,4
ES,2012-05-25,3366,3
ES,2012-05-25,10113,2
ES,2012-05-25,11561,1
ES,2012-05-25,23970,1
ES,2012-05-25,27069,4
ES,2012-05-29,3366,3
ES,2012-05-29,10113,2
ES,2012-05-29,11561,1
ES,2012-05-29,23970,1
ES,2012-05-29,27069,4
ES,2012-05-30,3366,3
ES,2012-05-30,10113,2
ES,2012-05-30,11561,1
ES,2012-05-30,23970,1
ES,2012-05-30,27069,4
ES,2012-05-31,3366,3
ES,2012-05-31,10113,2
ES,2012-05-31,11561,1
ES,2012-05-31,23970,1
ES,2012-05-31,27069,4
ES,2012-06-01,3366,4
ES,2012-06-01,10113,3
ES,2012-06-01,11561,1
ES,2012-06-01,23970,2
ES,2012-06-01,27069,5
ES,2012-06-04,3366,4
ES,2012-06-04,10113,3
ES,2012-06-04,11561,1
ES,2012-06-04,23970,2
ES,2012-06-04,27069,5
ES,2012-06-05,3366,3
ES,2012-06-05,10113,2
ES,2012-06-05,11561,1
ES,2012-06-05,23970,1
ES,2012-06-05,27069,4
ES,2012-06-06,3366,4
ES,2012-06-06,10113,3
ES,2012-06-06,11561,1
ES,2012-06-06,23970,2
ES,2012-06-06,27069,5
ES,2012-06-07,3366,3
ES,2012-06-07,10113,2
ES,2012-06-07,11561,1
ES,2012-06-07,23970,1
ES,2012-06-07,27069,4
ES,2012-06-08,3366,5
ES,2012-06-08,10113,3
ES,2012-06-08,11561,1
ES,2012-06-08,23970,2
ES,2012-06-08,27069,4
ES,2012-06-11,3366,5
ES,2012-06-11,10113,3
ES,2012-06-11,11561,1
ES,2012-06-11,23970,2
ES,2012-06-11,27069,4
ES,2012-06-12,3366,4
ES,2012-06-12,10113,2
ES,2012-06-12,11561,1
ES,2012-06-12,23970,1
ES,2012-06-12,27069,3
ES,2012-06-13,3366,4
ES,2012-06-13,10113,2
ES,2012-06-13,11561,1
ES,2012-06-13,23970,1
ES,2012-06-13,27069,3
ES,2012-06-14,3366,5
ES,2012-06-14,10113,3
ES,2012-06-14,11561,1
ES,2012-06-14,23970,2
ES,2012-06-14,27069,4
ES,2012-06-15,3366,5
ES,2012-06-15,10113,3
ES,2012-06-15,11561,1
ES,2012-06-15,17704,1
ES,2012-06-15,23970,2
ES,2012-06-15,27069,4
ES,2012-06-18,3366,5
ES,2012-06-18,10113,4
ES,2012-06-18,11561,3
ES,2012-06-18,17704,1
ES,2012-06-18,23970,2
ES,2012-06-19,3366,5
ES,2012-06-19,10113,4
ES,2012-06-19,11561,3
ES,2012-06-19,17704,1
ES,2012-06-19,23970,2
ES,2012-06-20,3366,4
ES,2012-06-20,10113,3
ES,2012-06-20,11561,1
ES,2012-06-20,17704,1
ES,2012-06-20,23970,2
ES,2012-06-21,3366,4
ES,2012-06-21,10113,3
ES,2012-06-21,11561,2
ES,2012-06-21,17704,1
ES,2012-06-21,23970,1
ES,2012-06-22,3366,4
ES,2012-06-22,10113,3
ES,2012-06-22,11561,2
ES,2012-06-22,17704,1
ES,2012-06-22,23970,1
ES,2012-06-25,3366,5
ES,2012-06-25,10113,4
ES,2012-06-25,11561,1
ES,2012-06-25,17704,2
ES,2012-06-25,23970,3
ES,2012-06-26,3366,4
ES,2012-06-26,10113,3
ES,2012-06-26,11561,2
ES,2012-06-26,17704,1
ES,2012-06-26,23970,1
ES,2012-06-27,3366,4
ES,2012-06-27,10113,3
ES,2012-06-27,11561,2
ES,2012-06-27,17704,1
ES,2012-06-27,23970,2
ES,2012-06-28,3366,5
ES,2012-06-28,10113,4
ES,2012-06-28,11561,2
ES,2012-06-28,17704,1
ES,2012-06-28,23970,3
ES,2012-06-29,3366,4
ES,2012-06-29,10113,3
ES,2012-06-29,11561,1
ES,2012-06-29,17704,1
ES,2012-06-29,23970,2
ES,2012-07-02,3366,4
ES,2012-07-02,10113,3
ES,2012-07-02,11561,1
ES,2012-07-02,17704,1
ES,2012-07-02,23970,2
ES,2012-07-03,3366,3
ES,2012-07-03,10113,2
ES,2012-07-03,11561,1
ES,2012-07-03,17704,1
ES,2012-07-03,23970,1
ES,2012-07-05,3366,5
ES,2012-07-05,10113,4
ES,2012-07-05,11561,3
ES,2012-07-05,17704,1
ES,2012-07-05,23970,2
ES,2012-07-06,3366,5
ES,2012-07-06,10113,4
ES,2012-07-06,11561,2
ES,2012-07-06,17704,1
ES,2012-07-06,23970,3
ES,2012-07-09,3366,5
ES,2012-07-09,10113,4
ES,2012-07-09,11561,3
ES,2012-07-09,17704,1
ES,2012-07-09,23970,2
ES,2012-07-10,3366,5
ES,2012-07-10,10113,4
ES,2012-07-10,11561,3
ES,2012-07-10,17704,1
ES,2012-07-10,23970,2
ES,2012-07-11,3366,4
ES,2012-07-11,10113,3
ES,2012-07-11,11561,1
ES,2012-07-11,17704,1
ES,2012-07-11,23970,2
ES,2012-07-12,3366,3
ES,2012-07-12,10113,2
ES,2012-07-12,11561,1
ES,2012-07-12,17704,1
ES,2012-07-12,23970,1
ES,2012-07-13,3366,4
ES,2012-07-13,10113,3
ES,2012-07-13,11561,1
ES,2012-07-13,17704,1
ES,2012-07-13,23970,2
ES,2012-07-16,3366,5
ES,2012-07-16,10113,4
ES,2012-07-16,11561,1
ES,2012-07-16,17704,3
ES,2012-07-16,23970,2
ES,2012-07-17,3366,5
ES,2012-07-17,10113,4
ES,2012-07-17,11561,2
ES,2012-07-17,17704,1
ES,2012-07-17,23970,3
ES,2012-07-18,3366,5
ES,2012-07-18,10113,4
ES,2012-07-18,11561,2
ES,2012-07-18,17704,1
ES,2012-07-18,23970,3
ES,2012-07-19,3366,5
ES,2012-07-19,10113,4
ES,2012-07-19,11561,1
ES,2012-07-19,17704,2
ES,2012-07-19,23970,3
ES,2012-07-20,3366,5
ES,2012-07-20,10113,4
ES,2012-07-20,11561,2
ES,2012-07-20,17704,1
ES,2012-07-20,23970,3
ES,2012-07-23,3366,4
ES,2012-07-23,10113,3
ES,2012-07-23,11561,1
ES,2012-07-23,17704,1
ES,2012-07-23,23970,2
ES,2012-07-24,3366,5
ES,2012-07-24,10113,4
ES,2012-07-24,11561,1
ES,2012-07-24,17704,2
ES,2012-07-24,23970,3
ES,2012-07-25,3366,5
ES,2012-07-25,10113,4
ES,2012-07-25,11561,2
ES,2012-07-25,17704,1
ES,2012-07-25,23970,3
ES,2012-07-26,3366,5
ES,2012-07-26,10113,4
ES,2012-07-26,11561,2
ES,2012-07-26,17704,1
ES,2012-07-26,23970,3
ES,2012-07-27,3366,5
ES,2012-07-27,10113,4
ES,2012-07-27,11561,2
ES,2012-07-27,17704,1
ES,2012-07-27,23970,3
ES,2012-07-30,3366,4
ES,2012-07-30,10113,3
ES,2012-07-30,11561,1
ES,2012-07-30,17704,1
ES,2012-07-30,23970,2
ES,2012-07-31,3366,5
ES,2012-07-31,10113,4
ES,2012-07-31,11561,2
ES,2012-07-31,17704,1
ES,2012-07-31,23970,3
ES,2012-08-01,3366,5
ES,2012-08-01,10113,4
ES,2012-08-01,11561,2
ES,2012-08-01,17704,1
ES,2012-08-01,23970,3
ES,2012-08-02,3366,4
ES,2012-08-02,10113,3
ES,2012-08-02,11561,1
ES,2012-08-02,17704,1
ES,2012-08-02,23970,2
ES,2012-08-03,3366,4
ES,2012-08-03,10113,3
ES,2012-08-03,11561,1
ES,2012-08-03,17704,1
ES,2012-08-03,23970,2
ES,2012-08-06,3366,4
ES,2012-08-06,10113,3
ES,2012-08-06,11561,1
ES,2012-08-06,17704,1
ES,2012-08-06,23970,2
ES,2012-08-07,3366,5
ES,2012-08-07,10113,4
ES,2012-08-07,11561,2
ES,2012-08-07,17704,1
ES,2012-08-07,23970,3
ES,2012-08-08,3366,4
ES,2012-08-08,10113,3
ES,2012-08-08,11561,1
ES,2012-08-08,17704,1
ES,2012-08-08,23970,2
ES,2012-08-09,3366,4
ES,2012-08-09,10113,3
ES,2012-08-09,11561,1
ES,2012-08-09,17704,1
ES,2012-08-09,23970,2
ES,2012-08-10,3366,4
ES,2012-08-10,10113,3
ES,2012-08-10,11561,1
ES,2012-08-10,17704,1
ES,2012-08-10,23970,2
ES,2012-08-13,3366,4
ES,2012-08-13,10113,3
ES,2012-08-13,11561,2
ES,2012-08-13,17704,1
ES,2012-08-13,23970,2
ES,2012-08-14,3366,4
ES,2012-08-14,10113,2
ES,2012-08-14,11561,1
ES,2012-08-14,17704,1
ES,2012-08-14,23970,3
ES,2012-08-15,3366,4
ES,2012-08-15,10113,3
ES,2012-08-15,11561,1
ES,2012-08-15,17704,1
ES,2012-08-15,23970,2
ES,2012-08-16,3366,4
ES,2012-08-16,10113,3
ES,2012-08-16,11561,1
ES,2012-08-16,17704,1
ES,2012-08-16,23970,2
ES,2012-08-17,3366,5
ES,2012-08-17,10113,4
ES,2012-08-17,11561,2
ES,2012-08-17,17704,1
ES,2012-08-17,23970,3
ES,2012-08-20,3366,4
ES,2012-08-20,10113,3
ES,2012-08-20,11561,1
ES,2012-08-20,17704,1
ES,2012-08-20,23970,2
ES,2012-08-21,3366,5
ES,2012-08-21,10113,4
ES,2012-08-21,11561,1
ES,2012-08-21,17704,2
ES,2012-08-21,23970,3
ES,2012-08-22,3366,4
ES,2012-08-22,10113,3
ES,2012-08-22,11561,1
ES,2012-08-22,17704,1
ES,2012-08-22,23970,2
ES,2012-08-23,3366,4
ES,2012-08-23,10113,3
ES,2012-08-23,11561,1
ES,2012-08-23,17704,1
ES,2012-08-23,23970,2
ES,2012-08-24,3366,5
ES,2012-08-24,10113,4
ES,2012-08-24,11561,2
ES,2012-08-24,17704,1
ES,2012-08-24,23970,3
ES,2012-08-27,3366,4
ES,2012-08-27,10113,3
ES,2012-08-27,11561,1
ES,2012-08-27,17704,1
ES,2012-08-27,23970,2
ES,2012-08-28,3366,4
ES,2012-08-28,10113,3
ES,2012-08-28,11561,1
ES,2012-08-28,17704,1
ES,2012-08-28,23970,2
ES,2012-08-29,3366,4
ES,2012-08-29,10113,3
ES,2012-08-29,11561,1
ES,2012-08-29,17704,1
ES,2012-08-29,23970,2
ES,2012-08-30,3366,4
ES,2012-08-30,10113,3
ES,2012-08-30,11561,1
ES,2012-08-30,17704,1
ES,2012-08-30,23970,2
ES,2012-08-31,3366,5
ES,2012-08-31,10113,4
ES,2012-08-31,11561,2
ES,2012-08-31,17704,1
ES,2012-08-31,23970,3
ES,2012-09-04,3366,4
ES,2012-09-04,10113,3
ES,2012-09-04,11561,1
ES,2012-09-04,17704,1
ES,2012-09-04,23970,2
ES,2012-09-05,3366,5
ES,2012-09-05,10113,4
ES,2012-09-05,11561,2
ES,2012-09-05,17704,1
ES,2012-09-05,23970,3
ES,2012-09-06,3366,4
ES,2012-09-06,10113,3
ES,2012-09-06,11561,1
ES,2012-09-06,17704,1
ES,2012-09-06,23970,2
ES,2012-09-07,3366,5
ES,2012-09-07,10113,4
ES,2012-09-07,11561,2
ES,2012-09-07,17704,1
ES,2012-09-07,23970,3
ES,2012-09-10,3366,5
ES,2012-09-10,10113,4
ES,2012-09-10,11561,2
ES,2012-09-10,17704,1
ES,2012-09-10,23970,3
ES,2012-09-11,3366,5
ES,2012-09-11,10113,4
ES,2012-09-11,11561,2
ES,2012-09-11,17704,1
ES,2012-09-11,23970,3
ES,2012-09-12,3366,5
ES,2012-09-12,10113,4
ES,2012-09-12,11561,2
ES,2012-09-12,17704,1
ES,2012-09-12,23970,3
ES,2012-09-13,3366,4
ES,2012-09-13,10113,3
ES,2012-09-13,11561,1
ES,2012-09-13,17704,1
ES,2012-09-13,23970,2
ES,2012-09-14,3366,3
ES,2012-09-14,10113,4
ES,2012-09-14,11561,1
ES,2012-09-14,17704,1
ES,2012-09-14,23970,2
ES,2012-09-17,3366,3
ES,2012-09-17,10113,4
ES,2012-09-17,11561,1
ES,2012-09-17,17704,1
ES,2012-09-17,23970,2
ES,2012-09-18,3366,4
ES,2012-09-18,10113,5
ES,2012-09-18,11561,2
ES,2012-09-18,17704,1
ES,2012-09-18,23970,3
ES,2012-09-19,3366,3
ES,2012-09-19,10113,4
ES,2012-09-19,11561,1
ES,2012-09-19,17704,1
ES,2012-09-19,23970,2
ES,2012-09-20,3366,4
ES,2012-09-20,10113,5
ES,2012-09-20,11561,1
ES,2012-09-20,17704,2
ES,2012-09-20,23970,3
ES,2012-09-21,3366,4
ES,2012-09-21,10113,5
ES,2012-09-21,11561,2
ES,2012-09-21,17704,1
ES,2012-09-21,23970,3
ES,2012-09-21,28112,1
ES,2012-09-24,10113,4
ES,2012-09-24,11561,2
ES,2012-09-24,17704,1
ES,2012-09-24,23970,3
ES,2012-09-24,28112,1
ES,2012-09-25,10113,5
ES,2012-09-25,11561,3
ES,2012-09-25,17704,2
ES,2012-09-25,23970,4
ES,2012-09-25,28112,1
ES,2012-09-26,10113,5
ES,2012-09-26,11561,3
ES,2012-09-26,17704,2
ES,2012-09-26,23970,4
ES,2012-09-26,28112,1
ES,2012-09-27,10113,3
ES,2012-09-27,11561,1
ES,2012-09-27,17704,1
ES,2012-09-27,23970,2
ES,2012-09-27,28112,1
ES,2012-09-28,10113,5
ES,2012-09-28,11561,3
ES,2012-09-28,17704,2
ES,2012-09-28,23970,4
ES,2012-09-28,28112,1
ES,2012-10-01,10113,4
ES,2012-10-01,11561,2
ES,2012-10-01,17704,1
ES,2012-10-01,23970,3
ES,2012-10-01,28112,1
ES,2012-10-02,10113,5
ES,2012-10-02,11561,3
ES,2012-10-02,17704,2
ES,2012-10-02,23970,4
ES,2012-10-02,28112,1
ES,2012-10-03,10113,4
ES,2012-10-03,11561,2
ES,2012-10-03,17704,1
ES,2012-10-03,23970,3
ES,2012-10-03,28112,1
ES,2012-10-04,10113,5
ES,2012-10-04,11561,3
ES,2012-10-04,17704,2
ES,2012-10-04,23970,4
ES,2012-10-04,28112,1
ES,2012-10-05,10113,4
ES,2012-10-05,11561,2
ES,2012-10-05,17704,1
ES,2012-10-05,23970,3
ES,2012-10-05,28112,1
ES,2012-10-08,10113,4
ES,2012-10-08,11561,2
ES,2012-10-08,17704,1
ES,2012-10-08,23970,3
ES,2012-10-08,28112,1
ES,2012-10-09,10113,4
ES,2012-10-09,11561,2
ES,2012-10-09,17704,1
ES,2012-10-09,23970,3
ES,2012-10-09,28112,1
ES,2012-10-10,10113,4
ES,2012-10-10,11561,2
ES,2012-10-10,17704,1
ES,2012-10-10,23970,3
ES,2012-10-10,28112,1
ES,2012-10-11,10113,4
ES,2012-10-11,11561,2
ES,2012-10-11,17704,1
ES,2012-10-11,23970,3
ES,2012-10-11,28112,1
ES,2012-10-12,10113,5
ES,2012-10-12,11561,3
ES,2012-10-12,17704,2
ES,2012-10-12,23970,4
ES,2012-10-12,28112,1
ES,2012-10-15,10113,5
ES,2012-10-15,11561,3
ES,2012-10-15,17704,2
ES,2012-10-15,23970,4
ES,2012-10-15,28112,1
ES,2012-10-16,10113,5
ES,2012-10-16,11561,3
ES,2012-10-16,17704,1
ES,2012-10-16,23970,4
ES,2012-10-16,28112,2
ES,2012-10-17,10113,5
ES,2012-10-17,11561,3
ES,2012-10-17,17704,1
ES,2012-10-17,23970,4
ES,2012-10-17,28112,2
ES,2012-10-18,10113,4
ES,2012-10-18,11561,2
ES,2012-10-18,17704,1
ES,2012-10-18,23970,3
ES,2012-10-18,28112,1
ES,2012-10-19,10113,4
ES,2012-10-19,11561,2
ES,2012-10-19,17704,1
ES,2012-10-19,23970,3
ES,2012-10-19,28112,1
ES,2012-10-22,10113,5
ES,2012-10-22,11561,3
ES,2012-10-22,17704,1
ES,2012-10-22,23970,4
ES,2012-10-22,28112,2
ES,2012-10-23,10113,4
ES,2012-10-23,11561,2
ES,2012-10-23,17704,1
ES,2012-10-23,23970,3
ES,2012-10-23,28112,1
ES,2012-10-24,10113,5
ES,2012-10-24,11561,3
ES,2012-10-24,17704,2
ES,2012-10-24,23970,4
ES,2012-10-24,28112,1
ES,2012-10-25,10113,5
ES,2012-10-25,11561,3
ES,2012-10-25,17704,1
ES,2012-10-25,23970,4
ES,2012-10-25,28112,2
ES,2012-10-26,10113,4
ES,2012-10-26,11561,2
ES,2012-10-26,17704,1
ES,2012-10-26,23970,3
ES,2012-10-26,28112,1
ES,2012-10-29,10113,4
ES,2012-10-29,11561,2
ES,2012-10-29,17704,1
ES,2012-10-29,23970,3
ES,2012-10-29,28112,1
ES,2012-10-30,10113,4
ES,2012-10-30,11561,2
ES,2012-10-30,17704,1
ES,2012-10-30,23970,3
ES,2012-10-30,28112,1
ES,2012-10-31,10113,4
ES,2012-10-31,11561,2
ES,2012-10-31,17704,1
ES,2012-10-31,23970,3
ES,2012-10-31,28112,1
ES,2012-11-01,10113,5
ES,2012-11-01,11561,3
ES,2012-11-01,17704,2
ES,2012-11-01,23970,4
ES,2012-11-01,28112,1
ES,2012-11-02,10113,4
ES,2012-11-02,11561,2
ES,2012-11-02,17704,1
ES,2012-11-02,23970,3
ES,2012-11-02,28112,1
ES,2012-11-05,10113,4
ES,2012-11-05,11561,2
ES,2012-11-05,17704,1
ES,2012-11-05,23970,3
ES,2012-11-05,28112,1
ES,2012-11-06,10113,4
ES,2012-11-06,11561,2
ES,2012-11-06,17704,1
ES,2012-11-06,23970,3
ES,2012-11-06,28112,1
ES,2012-11-07,10113,5
ES,2012-11-07,11561,3
ES,2012-11-07,17704,2
ES,2012-11-07,23970,4
ES,2012-11-07,28112,1
ES,2012-11-08,10113,5
ES,2012-11-08,11561,3
ES,2012-11-08,17704,2
ES,2012-11-08,23970,4
ES,2012-11-08,28112,1
ES,2012-11-09,10113,5
ES,2012-11-09,11561,3
ES,2012-11-09,17704,1
ES,2012-11-09,23970,4
ES,2012-11-09,28112,2
ES,2012-11-12,10113,5
ES,2012-11-12,11561,3
ES,2012-11-12,17704,1
ES,2012-11-12,23970,4
ES,2012-11-12,28112,2
ES,2012-11-13,10113,5
ES,2012-11-13,11561,3
ES,2012-11-13,17704,1
ES,2012-11-13,23970,4
ES,2012-11-13,28112,2
ES,2012-11-14,10113,4
ES,2012-11-14,11561,2
ES,2012-11-14,17704,1
ES,2012-11-14,23970,3
ES,2012-11-14,28112,1
ES,2012-11-15,10113,5
ES,2012-11-15,11561,3
ES,2012-11-15,17704,1
ES,2012-11-15,23970,4
ES,2012-11-15,28112,2
ES,2012-11-16,10113,5
ES,2012-11-16,11561,3
ES,2012-11-16,17704,2
ES,2012-11-16,23970,4
ES,2012-11-16,28112,1
ES,2012-11-19,10113,5
ES,2012-11-19,11561,3
ES,2012-11-19,17704,2
ES,2012-11-19,23970,4
ES,2012-11-19,28112,1
ES,2012-11-20,10113,4
ES,2012-11-20,11561,2
ES,2012-11-20,17704,1
ES,2012-11-20,23970,3
ES,2012-11-20,28112,1
ES,2012-11-21,10113,5
ES,2012-11-21,11561,3
ES,2012-11-21,17704,2
ES,2012-11-21,23970,4
ES,2012-11-21,28112,1
ES,2012-11-23,10113,4
ES,2012-11-23,11561,2
ES,2012-11-23,17704,1
ES,2012-11-23,23970,3
ES,2012-11-23,28112,1
ES,2012-11-26,10113,4
ES,2012-11-26,11561,2
ES,2012-11-26,17704,1
ES,2012-11-26,23970,3
ES,2012-11-26,28112,1
ES,2012-11-27,10113,4
ES,2012-11-27,11561,2
ES,2012-11-27,17704,1
ES,2012-11-27,23970,3
ES,2012-11-27,28112,1
ES,2012-11-28,10113,4
ES,2012-11-28,11561,2
ES,2012-11-28,17704,1
ES,2012-11-28,23970,3
ES,2012-11-28,28112,1
ES,2012-11-29,10113,4
ES,2012-11-29,11561,2
ES,2012-11-29,17704,1
ES,2012-11-29,23970,3
ES,2012-11-29,28112,1
ES,2012-11-30,10113,5
ES,2012-11-30,11561,3
ES,2012-11-30,17704,2
ES,2012-11-30,23970,4
ES,2012-11-30,28112,1
ES,2012-12-03,10113,5
ES,2012-12-03,11561,3
ES,2012-12-03,17704,2
ES,2012-12-03,23970,4
ES,2012-12-03,28112,1
ES,2012-12-04,10113,5
ES,2012-12-04,11561,3
ES,2012-12-04,17704,1
ES,2012-12-04,23970,4
ES,2012-12-04,28112,2
ES,2012-12-05,10113,5
ES,2012-12-05,11561,3
ES,2012-12-05,17704,2
ES,2012-12-05,23970,4
ES,2012-12-05,28112,1
ES,2012-12-06,10113,4
ES,2012-12-06,11561,2
ES,2012-12-06,17704,1
ES,2012-12-06,23970,3
ES,2012-12-06,28112,1
ES,2012-12-07,10113,5
ES,2012-12-07,11561,2
ES,2012-12-07,17704,3
ES,2012-12-07,23970,4
ES,2012-12-07,28112,1
ES,2012-12-10,10113,5
ES,2012-12-10,11561,3
ES,2012-12-10,17704,2
ES,2012-12-10,23970,4
ES,2012-12-10,28112,1
ES,2012-12-11,10113,5
ES,2012-12-11,11561,3
ES,2012-12-11,17704,1
ES,2012-12-11,23970,4
ES,2012-12-11,28112,2
ES,2012-12-12,10113,4
ES,2012-12-12,11561,2
ES,2012-12-12,17704,1
ES,2012-12-12,23970,3
ES,2012-12-12,28112,1
ES,2012-12-13,10113,5
ES,2012-12-13,11561,3
ES,2012-12-13,17704,2
ES,2012-12-13,23970,4
ES,2012-12-13,28112,1
ES,2012-12-14,10113,4
ES,2012-12-14,11561,3
ES,2012-12-14,17704,2
ES,2012-12-14,23970,5
ES,2012-12-14,28112,1
ES,2012-12-17,10113,4
ES,2012-12-17,11561,3
ES,2012-12-17,17704,2
ES,2012-12-17,23970,5
ES,2012-12-17,28112,1
ES,2012-12-18,10113,4
ES,2012-12-18,11561,3
ES,2012-12-18,17704,1
ES,2012-12-18,23970,5
ES,2012-12-18,28112,2
ES,2012-12-19,10113,4
ES,2012-12-19,11561,3
ES,2012-12-19,17704,1
ES,2012-12-19,23970,5
ES,2012-12-19,28112,2
ES,2012-12-19,382206,1
ES,2012-12-20,10113,5
ES,2012-12-20,11561,4
ES,2012-12-20,17704,3
ES,2012-12-20,23970,6
ES,2012-12-20,28112,2
ES,2012-12-20,382206,1
ES,2012-12-21,10113,5
ES,2012-12-21,11561,4
ES,2012-12-21,17704,3
ES,2012-12-21,23970,6
ES,2012-12-21,28112,2
ES,2012-12-21,382206,1
ES,2012-12-24,11561,4
ES,2012-12-24,17704,3
ES,2012-12-24,23970,5
ES,2012-12-24,28112,2
ES,2012-12-24,382206,1
ES,2012-12-26,11561,2
ES,2012-12-26,17704,1
ES,2012-12-26,23970,3
ES,2012-12-26,28112,1
ES,2012-12-26,382206,1
ES,2012-12-27,11561,4
ES,2012-12-27,17704,3
ES,2012-12-27,23970,5
ES,2012-12-27,28112,2
ES,2012-12-27,382206,1
ES,2012-12-28,11561,4
ES,2012-12-28,17704,3
ES,2012-12-28,23970,5
ES,2012-12-28,28112,2
ES,2012-12-28,382206,1
ES,2012-12-31,11561,3
ES,2012-12-31,17704,2
ES,2012-12-31,23970,4
ES,2012-12-31,28112,1
ES,2012-12-31,382206,1
ES,2013-01-02,11561,3
ES,2013-01-02,17704,2
ES,2013-01-02,23970,4
ES,2013-01-02,28112,1
ES,2013-01-02,382206,1
ES,2013-01-03,11561,4
ES,2013-01-03,17704,2
ES,2013-01-03,23970,5
ES,2013-01-03,28112,3
ES,2013-01-03,382206,1
ES,2013-01-04,11561,3
ES,2013-01-04,17704,2
ES,2013-01-04,23970,4
ES,2013-01-04,28112,1
ES,2013-01-04,382206,1
ES,2013-01-07,11561,3
ES,2013-01-07,17704,2
ES,2013-01-07,23970,4
ES,2013-01-07,28112,1
ES,2013-01-07,382206,1
ES,2013-01-08,11561,3
ES,2013-01-08,17704,2
ES,2013-01-08,23970,4
ES,2013-01-08,28112,1
ES,2013-01-08,382206,1
ES,2013-01-09,11561,4
ES,2013-01-09,17704,3
ES,2013-01-09,23970,5
ES,2013-01-09,28112,2
ES,2013-01-09,382206,1
ES,2013-01-10,11561,3
ES,2013-01-10,17704,2
ES,2013-01-10,23970,4
ES,2013-01-10,28112,1
ES,2013-01-10,382206,1
ES,2013-01-11,11561,3
ES,2013-01-11,17704,2
ES,2013-01-11,23970,4
ES,2013-01-11,28112,1
ES,2013-01-11,382206,1
ES,2013-01-14,11561,3
ES,2013-01-14,17704,2
ES,2013-01-14,23970,4
ES,2013-01-14,28112,1
ES,2013-01-14,382206,1
ES,2013-01-15,11561,3
ES,2013-01-15,17704,2
ES,2013-01-15,23970,4
ES,2013-01-15,28112,1
ES,2013-01-15,382206,1
ES,2013-01-16,11561,3
ES,2013-01-16,17704,2
ES,2013-01-16,23970,4
ES,2013-01-16,28112,1
ES,2013-01-16,382206,1
ES,2013-01-17,11561,4
ES,2013-01-17,17704,3
ES,2013-01-17,23970,5
ES,2013-01-17,28112,2
ES,2013-01-17,382206,1
ES,2013-01-18,11561,4
ES,2013-01-18,17704,3
ES,2013-01-18,23970,5
ES,2013-01-18,28112,2
ES,2013-01-18,382206,1
ES,2013-01-22,11561,4
ES,2013-01-22,17704,3
ES,2013-01-22,23970,5
ES,2013-01-22,28112,2
ES,2013-01-22,382206,1
ES,2013-01-23,11561,3
ES,2013-01-23,17704,2
ES,2013-01-23,23970,4
ES,2013-01-23,28112,1
ES,2013-01-23,382206,1
ES,2013-01-24,11561,4
ES,2013-01-24,17704,3
ES,2013-01-24,23970,5
ES,2013-01-24,28112,2
ES,2013-01-24,382206,1
ES,2013-01-25,11561,3
ES,2013-01-25,17704,2
ES,2013-01-25,23970,4
ES,2013-01-25,28112,1
ES,2013-01-25,382206,1
ES,2013-01-28,11561,3
ES,2013-01-28,17704,2
ES,2013-01-28,23970,4
ES,2013-01-28,28112,1
ES,2013-01-28,382206,1
ES,2013-01-29,11561,4
ES,2013-01-29,17704,2
ES,2013-01-29,23970,5
ES,2013-01-29,28112,3
ES,2013-01-29,382206,1
ES,2013-01-30,11561,4
ES,2013-01-30,17704,3
ES,2013-01-30,23970,5
ES,2013-01-30,28112,2
ES,2013-01-30,382206,1
ES,2013-01-31,11561,3
ES,2013-01-31,17704,2
ES,2013-01-31,23970,5
ES,2013-01-31,28112,4
ES,2013-01-31,382206,1
ES,2013-02-01,11561,4
ES,2013-02-01,17704,3
ES,2013-02-01,23970,5
ES,2013-02-01,28112,2
ES,2013-02-01,382206,1
ES,2013-02-04,11561,4
ES,2013-02-04,17704,3
ES,2013-02-04,23970,5
ES,2013-02-04,28112,2
ES,2013-02-04,382206,1
ES,2013-02-05,11561,4
ES,2013-02-05,17704,3
ES,2013-02-05,23970,5
ES,2013-02-05,28112,2
ES,2013-02-05,382206,1
ES,2013-02-06,11561,4
ES,2013-02-06,17704,3
ES,2013-02-06,23970,5
ES,2013-02-06,28112,2
ES,2013-02-06,382206,1
ES,2013-02-07,11561,4
ES,2013-02-07,17704,3
ES,2013-02-07,23970,5
ES,2013-02-07,28112,2
ES,2013-02-07,382206,1
ES,2013-02-08,11561,4
ES,2013-02-08,17704,2
ES,2013-02-08,23970,5
ES,2013-02-08,28112,3
ES,2013-02-08,382206,1
ES,2013-02-11,11561,4
ES,2013-02-11,17704,3
ES,2013-02-11,23970,5
ES,2013-02-11,28112,2
ES,2013-02-11,382206,1
ES,2013-02-12,11561,4
ES,2013-02-12,17704,3
ES,2013-02-12,23970,5
ES,2013-02-12,28112,2
ES,2013-02-12,382206,1
ES,2013-02-13,11561,4
ES,2013-02-13,17704,3
ES,2013-02-13,23970,5
ES,2013-02-13,28112,2
ES,2013-02-13,382206,1
ES,2013-02-14,11561,4
ES,2013-02-14,17704,3
ES,2013-02-14,23970,5
ES,2013-02-14,28112,2
ES,2013-02-14,382206,1
ES,2013-02-15,11561,3
ES,2013-02-15,17704,2
ES,2013-02-15,23970,4
ES,2013-02-15,28112,1
ES,2013-02-15,382206,1
ES,2013-02-19,11561,4
ES,2013-02-19,17704,3
ES,2013-02-19,23970,5
ES,2013-02-19,28112,2
ES,2013-02-19,382206,1
ES,2013-02-20,11561,4
ES,2013-02-20,17704,3
ES,2013-02-20,23970,5
ES,2013-02-20,28112,2
ES,2013-02-20,382206,1
ES,2013-02-21,11561,4
ES,2013-02-21,17704,3
ES,2013-02-21,23970,5
ES,2013-02-21,28112,2
ES,2013-02-21,382206,1
ES,2013-02-22,11561,4
ES,2013-02-22,17704,3
ES,2013-02-22,23970,5
ES,2013-02-22,28112,2
ES,2013-02-22,382206,1
ES,2013-02-25,11561,4
ES,2013-02-25,17704,3
ES,2013-02-25,23970,5
ES,2013-02-25,28112,2
ES,2013-02-25,382206,1
ES,2013-02-26,11561,4
ES,2013-02-26,17704,3
ES,2013-02-26,23970,5
ES,2013-02-26,28112,2
ES,2013-02-26,382206,1
ES,2013-02-27,11561,4
ES,2013-02-27,17704,3
ES,2013-02-27,23970,5
ES,2013-02-27,28112,2
ES,2013-02-27,382206,1
ES,2013-02-28,11561,4
ES,2013-02-28,17704,3
ES,2013-02-28,23970,5
ES,2013-02-28,28112,2
ES,2013-02-28,382206,1
ES,2013-03-01,11561,4
ES,2013-03-01,17704,3
ES,2013-03-01,23970,5
ES,2013-03-01,28112,2
ES,2013-03-01,382206,1
ES,2013-03-04,11561,4
ES,2013-03-04,17704,3
ES,2013-03-04,23970,5
ES,2013-03-04,28112,2
ES,2013-03-04,382206,1
ES,2013-03-05,11561,4
ES,2013-03-05,17704,3
ES,2013-03-05,23970,5
ES,2013-03-05,28112,2
ES,2013-03-05,382206,1
ES,2013-03-06,11561,4
ES,2013-03-06,17704,3
ES,2013-03-06,23970,5
ES,2013-03-06,28112,2
ES,2013-03-06,382206,1
ES,2013-03-07,11561,4
ES,2013-03-07,17704,3
ES,2013-03-07,23970,5
ES,2013-03-07,28112,2
ES,2013-03-07,382206,1
ES,2013-03-08,11561,5
ES,2013-03-08,17704,2
ES,2013-03-08,23970,4
ES,2013-03-08,28112,3
ES,2013-03-08,382206,1
ES,2013-03-11,11561,5
ES,2013-03-11,17704,2
ES,2013-03-11,23970,4
ES,2013-03-11,28112,3
ES,2013-03-11,382206,1
ES,2013-03-12,11561,5
ES,2013-03-12,17704,3
ES,2013-03-12,23970,4
ES,2013-03-12,28112,2
ES,2013-03-12,382206,1
ES,2013-03-13,11561,5
ES,2013-03-13,17704,3
ES,2013-03-13,23970,4
ES,2013-03-13,28112,2
ES,2013-03-13,382206,1
ES,2013-03-14,11561,5
ES,2013-03-14,17704,3
ES,2013-03-14,23970,4
ES,2013-03-14,28112,2
ES,2013-03-14,382206,1
ES,2013-03-15,8347,1
ES,2013-03-15,11561,5
ES,2013-03-15,17704,3
ES,2013-03-15,23970,4
ES,2013-03-15,28112,2
ES,2013-03-15,382206,1
ES,2013-03-18,8347,1
ES,2013-03-18,11561,5
ES,2013-03-18,17704,4
ES,2013-03-18,28112,3
ES,2013-03-18,382206,2
ES,2013-03-19,8347,1
ES,2013-03-19,11561,5
ES,2013-03-19,17704,4
ES,2013-03-19,28112,3
ES,2013-03-19,382206,2
ES,2013-03-20,8347,1
ES,2013-03-20,11561,4
ES,2013-03-20,17704,3
ES,2013-03-20,28112,2
ES,2013-03-20,382206,1
ES,2013-03-21,8347,1
ES,2013-03-21,11561,5
ES,2013-03-21,17704,4
ES,2013-03-21,28112,3
ES,2013-03-21,382206,2
ES,2013-03-22,8347,1
ES,2013-03-22,11561,5
ES,2013-03-22,17704,4
ES,2013-03-22,28112,3
ES,2013-03-22,382206,2
ES,2013-03-25,8347,1
ES,2013-03-25,11561,5
ES,2013-03-25,17704,4
ES,2013-03-25,28112,3
ES,2013-03-25,382206,2
ES,2013-03-26,8347,1
ES,2013-03-26,11561,5
ES,2013-03-26,17704,4
ES,2013-03-26,28112,3
ES,2013-03-26,382206,2
ES,2013-03-27,8347,2
ES,2013-03-27,11561,5
ES,2013-03-27,17704,4
ES,2013-03-27,28112,3
ES,2013-03-27,382206,1
ES,2013-03-28,8347,2
ES,2013-03-28,11561,5
ES,2013-03-28,17704,4
ES,2013-03-28,28112,3
ES,2013-03-28,382206,1
ES,2013-03-29,8347,1
ES,2013-03-29,11561,1
ES,2013-03-29,17704,1
ES,2013-03-29,28112,1
ES,2013-03-29,382206,1
ES,2013-04-01,8347,1
ES,2013-04-01,11561,5
ES,2013-04-01,17704,4
ES,2013-04-01,28112,3
ES,2013-04-01,382206,2
ES,2013-04-02,8347,1
ES,2013-04-02,11561,5
ES,2013-04-02,17704,4
ES,2013-04-02,28112,3
ES,2013-04-02,382206,2
ES,2013-04-03,8347,1
ES,2013-04-03,11561,5
ES,2013-04-03,17704,4
ES,2013-04-03,28112,3
ES,2013-04-03,382206,2
ES,2013-04-04,8347,2
ES,2013-04-04,11561,5
ES,2013-04-04,17704,4
ES,2013-04-04,28112,3
ES,2013-04-04,382206,1
ES,2013-04-05,8347,1
ES,2013-04-05,11561,5
ES,2013-04-05,17704,4
ES,2013-04-05,28112,3
ES,2013-04-05,382206,2
ES,2013-04-08,8347,1
ES,2013-04-08,11561,4
ES,2013-04-08,17704,3
ES,2013-04-08,28112,2
ES,2013-04-08,382206,1
ES,2013-04-09,8347,1
ES,2013-04-09,11561,5
ES,2013-04-09,17704,4
ES,2013-04-09,28112,3
ES,2013-04-09,382206,2
ES,2013-04-10,8347,1
ES,2013-04-10,11561,5
ES,2013-04-10,17704,4
ES,2013-04-10,28112,3
ES,2013-04-10,382206,2
ES,2013-04-11,8347,1
ES,2013-04-11,11561,5
ES,2013-04-11,17704,4
ES,2013-04-11,28112,3
ES,2013-04-11,382206,2
ES,2013-04-12,8347,2
ES,2013-04-12,11561,5
ES,2013-04-12,17704,4
ES,2013-04-12,28112,3
ES,2013-04-12,382206,1
ES,2013-04-15,8347,2
ES,2013-04-15,11561,5
ES,2013-04-15,17704,4
ES,2013-04-15,28112,3
ES,2013-04-15,382206,1
ES,2013-04-16,8347,1
ES,2013-04-16,11561,5
ES,2013-04-16,17704,4
ES,2013-04-16,28112,3
ES,2013-04-16,382206,2
ES,2013-04-17,8347,1
ES,2013-04-17,11561,4
ES,2013-04-17,17704,3
ES,2013-04-17,28112,2
ES,2013-04-17,382206,1
ES,2013-04-18,8347,1
ES,2013-04-18,11561,4
ES,2013-04-18,17704,3
ES,2013-04-18,28112,2
ES,2013-04-18,382206,1
ES,2013-04-19,8347,2
ES,2013-04-19,11561,5
ES,2013-04-19,17704,4
ES,2013-04-19,28112,3
ES,2013-04-19,382206,1
ES,2013-04-22,8347,1
ES,2013-04-22,11561,4
ES,2013-04-22,17704,3
ES,2013-04-22,28112,2
ES,2013-04-22,382206,1
ES,2013-04-23,8347,1
ES,2013-04-23,11561,5
ES,2013-04-23,17704,4
ES,2013-04-23,28112,3
ES,2013-04-23,382206,2
ES,2013-04-24,8347,1
ES,2013-04-24,11561,5
ES,2013-04-24,17704,4
ES,2013-04-24,28112,3
ES,2013-04-24,382206,2
ES,2013-04-25,8347,1
ES,2013-04-25,11561,5
ES,2013-04-25,17704,4
ES,2013-04-25,28112,3
ES,2013-04-25,382206,2
ES,2013-04-26,8347,1
ES,2013-04-26,11561,5
ES,2013-04-26,17704,4
ES,2013-04-26,28112,3
ES,2013-04-26,382206,2
ES,2013-04-29,8347,1
ES,2013-04-29,11561,5
ES,2013-04-29,17704,4
ES,2013-04-29,28112,3
ES,2013-04-29,382206,2
ES,2013-04-30,8347,1
ES,2013-04-30,11561,5
ES,2013-04-30,17704,4
ES,2013-04-30,28112,3
ES,2013-04-30,382206,2
ES,2013-05-01,8347,1
ES,2013-05-01,11561,5
ES,2013-05-01,17704,4
ES,2013-05-01,28112,2
ES,2013-05-01,382206,3
ES,2013-05-02,8347,1
ES,2013-05-02,11561,5
ES,2013-05-02,17704,4
ES,2013-05-02,28112,3
ES,2013-05-02,382206,2
ES,2013-05-03,8347,1
ES,2013-05-03,11561,5
ES,2013-05-03,17704,4
ES,2013-05-03,28112,3
ES,2013-05-03,382206,2
ES,2013-05-06,8347,1
ES,2013-05-06,11561,5
ES,2013-05-06,17704,4
ES,2013-05-06,28112,3
ES,2013-05-06,382206,2
ES,2013-05-07,8347,1
ES,2013-05-07,11561,5
ES,2013-05-07,17704,4
ES,2013-05-07,28112,3
ES,2013-05-07,382206,2
ES,2013-05-08,8347,1
ES,2013-05-08,11561,4
ES,2013-05-08,17704,3
ES,2013-05-08,28112,2
ES,2013-05-08,382206,1
ES,2013-05-09,8347,2
ES,2013-05-09,11561,5
ES,2013-05-09,17704,4
ES,2013-05-09,28112,3
ES,2013-05-09,382206,1
ES,2013-05-10,8347,2
ES,2013-05-10,11561,5
ES,2013-05-10,17704,4
ES,2013-05-10,28112,3
ES,2013-05-10,382206,1
ES,2013-05-13,8347,2
ES,2013-05-13,11561,5
ES,2013-05-13,17704,4
ES,2013-05-13,28112,3
ES,2013-05-13,382206,1
ES,2013-05-14,8347,1
ES,2013-05-14,11561,5
ES,2013-05-14,17704,4
ES,2013-05-14,28112,3
ES,2013-05-14,382206,2
ES,2013-05-15,8347,1
ES,2013-05-15,11561,5
ES,2013-05-15,17704,4
ES,2013-05-15,28112,3
ES,2013-05-15,382206,2
ES,2013-05-16,8347,1
ES,2013-05-16,11561,5
ES,2013-05-16,17704,4
ES,2013-05-16,28112,3
ES,2013-05-16,382206,2
ES,2013-05-17,8347,1
ES,2013-05-17,11561,5
ES,2013-05-17,17704,4
ES,2013-05-17,28112,3
ES,2013-05-17,382206,2
ES,2013-05-20,8347,1
ES,2013-05-20,11561,5
ES,2013-05-20,17704,4
ES,2013-05-20,28112,3
ES,2013-05-20,382206,2
ES,2013-05-21,8347,1
ES,2013-05-21,11561,5
ES,2013-05-21,17704,4
ES,2013-05-21,28112,3
ES,2013-05-21,382206,2
ES,2013-05-22,8347,1
ES,2013-05-22,11561,5
ES,2013-05-22,17704,4
ES,2013-05-22,28112,3
ES,2013-05-22,382206,2
ES,2013-05-23,8347,1
ES,2013-05-23,11561,5
ES,2013-05-23,17704,4
ES,2013-05-23,28112,3
ES,2013-05-23,382206,2
ES,2013-05-24,8347,1
ES,2013-05-24,11561,5
ES,2013-05-24,17704,4
ES,2013-05-24,28112,3
ES,2013-05-24,382206,2
ES,2013-05-28,8347,1
ES,2013-05-28,11561,5
ES,2013-05-28,17704,4
ES,2013-05-28,28112,3
ES,2013-05-28,382206,2
ES,2013-05-29,8347,1
ES,2013-05-29,11561,5
ES,2013-05-29,17704,4
ES,2013-05-29,28112,3
ES,2013-05-29,382206,2
ES,2013-05-30,8347,1
ES,2013-05-30,11561,4
ES,2013-05-30,17704,3
ES,2013-05-30,28112,2
ES,2013-05-30,382206,1
ES,2013-05-31,8347,2
ES,2013-05-31,11561,5
ES,2013-05-31,17704,4
ES,2013-05-31,28112,3
ES,2013-05-31,382206,1
ES,2013-06-03,8347,1
ES,2013-06-03,11561,5
ES,2013-06-03,17704,4
ES,2013-06-03,28112,3
ES,2013-06-03,382206,2
ES,2013-06-04,8347,1
ES,2013-06-04,11561,5
ES,2013-06-04,17704,4
ES,2013-06-04,28112,3
ES,2013-06-04,382206,2
ES,2013-06-05,8347,1
ES,2013-06-05,11561,5
ES,2013-06-05,17704,4
ES,2013-06-05,28112,3
ES,2013-06-05,382206,2
ES,2013-06-06,8347,1
ES,2013-06-06,11561,5
ES,2013-06-06,17704,4
ES,2013-06-06,28112,3
ES,2013-06-06,382206,2
ES,2013-06-07,8347,1
ES,2013-06-07,11561,5
ES,2013-06-07,17704,4
ES,2013-06-07,28112,3
ES,2013-06-07,382206,2
ES,2013-06-10,8347,1
ES,2013-06-10,11561,5
ES,2013-06-10,17704,4
ES,2013-06-10,28112,3
ES,2013-06-10,382206,2
ES,2013-06-11,8347,1
ES,2013-06-11,11561,5
ES,2013-06-11,17704,4
ES,2013-06-11,28112,3
ES,2013-06-11,382206,2
ES,2013-06-12,8347,1
ES,2013-06-12,11561,5
ES,2013-06-12,17704,4
ES,2013-06-12,28112,3
ES,2013-06-12,382206,2
ES,2013-06-13,8347,1
ES,2013-06-13,11561,5
ES,2013-06-13,17704,4
ES,2013-06-13,28112,3
ES,2013-06-13,382206,2
ES,2013-06-14,8347,1
ES,2013-06-14,11561,4
ES,2013-06-14,17704,5
ES,2013-06-14,28112,3
ES,2013-06-14,382206,2
ES,2013-06-17,8347,1
ES,2013-06-17,11561,4
ES,2013-06-17,17704,5
ES,2013-06-17,28112,3
ES,2013-06-17,382206,2
ES,2013-06-18,8347,1
ES,2013-06-18,11561,4
ES,2013-06-18,17704,5
ES,2013-06-18,28112,3
ES,2013-06-18,382206,2
ES,2013-06-19,8347,1
ES,2013-06-19,11561,4
ES,2013-06-19,17704,5
ES,2013-06-19,28112,3
ES,2013-06-19,111473,1
ES,2013-06-19,382206,2
ES,2013-06-20,8347,2
ES,2013-06-20,11561,5
ES,2013-06-20,17704,6
ES,2013-06-20,28112,4
ES,2013-06-20,111473,1
ES,2013-06-20,382206,3
ES,2013-06-21,8347,2
ES,2013-06-21,11561,5
ES,2013-06-21,17704,6
ES,2013-06-21,28112,4
ES,2013-06-21,111473,1
ES,2013-06-21,382206,3
ES,2013-06-24,8347,2
ES,2013-06-24,17704,5
ES,2013-06-24,28112,4
ES,2013-06-24,111473,1
ES,2013-06-24,382206,3
ES,2013-06-25,8347,2
ES,2013-06-25,17704,5
ES,2013-06-25,28112,4
ES,2013-06-25,111473,1
ES,2013-06-25,382206,3
ES,2013-06-26,8347,2
ES,2013-06-26,17704,5
ES,2013-06-26,28112,4
ES,2013-06-26,111473,1
ES,2013-06-26,382206,3
ES,2013-06-27,8347,2
ES,2013-06-27,17704,5
ES,2013-06-27,28112,4
ES,2013-06-27,111473,1
ES,2013-06-27,382206,3
ES,2013-06-28,8347,2
ES,2013-06-28,17704,5
ES,2013-06-28,28112,4
ES,2013-06-28,111473,1
ES,2013-06-28,382206,3
ES,2013-07-01,8347,1
ES,2013-07-01,17704,4
ES,2013-07-01,28112,3
ES,2013-07-01,111473,1
ES,2013-07-01,382206,2
ES,2013-07-02,8347,1
ES,2013-07-02,17704,4
ES,2013-07-02,28112,3
ES,2013-07-02,111473,1
ES,2013-07-02,382206,2
ES,2013-07-03,8347,1
ES,2013-07-03,17704,4
ES,2013-07-03,28112,3
ES,2013-07-03,111473,1
ES,2013-07-03,382206,2
ES,2013-07-05,8347,2
ES,2013-07-05,17704,5
ES,2013-07-05,28112,4
ES,2013-07-05,111473,1
ES,2013-07-05,382206,3
ES,2013-07-08,8347,1
ES,2013-07-08,17704,4
ES,2013-07-08,28112,3
ES,2013-07-08,111473,1
ES,2013-07-08,382206,2
ES,2013-07-09,8347,2
ES,2013-07-09,17704,5
ES,2013-07-09,28112,4
ES,2013-07-09,111473,1
ES,2013-07-09,382206,3
ES,2013-07-10,8347,2
ES,2013-07-10,17704,5
ES,2013-07-10,28112,4
ES,2013-07-10,111473,1
ES,2013-07-10,382206,3
ES,2013-07-11,8347,2
ES,2013-07-11,17704,5
ES,2013-07-11,28112,4
ES,2013-07-11,111473,1
ES,2013-07-11,382206,3
ES,2013-07-12,8347,1
ES,2013-07-12,17704,4
ES,2013-07-12,28112,3
ES,2013-07-12,111473,1
ES,2013-07-12,382206,2
ES,2013-07-15,8347,2
ES,2013-07-15,17704,5
ES,2013-07-15,28112,4
ES,2013-07-15,111473,1
ES,2013-07-15,382206,3
ES,2013-07-16,8347,2
ES,2013-07-16,17704,5
ES,2013-07-16,28112,4
ES,2013-07-16,111473,1
ES,2013-07-16,382206,3
ES,2013-07-17,8347,2
ES,2013-07-17,17704,5
ES,2013-07-17,28112,4
ES,2013-07-17,111473,1
ES,2013-07-17,382206,3
ES,2013-07-18,8347,2
ES,2013-07-18,17704,5
ES,2013-07-18,28112,4
ES,2013-07-18,111473,1
ES,2013-07-18,382206,3
ES,2013-07-19,8347,1
ES,2013-07-19,17704,4
ES,2013-07-19,28112,3
ES,2013-07-19,111473,1
ES,2013-07-19,382206,2
ES,2013-07-22,8347,2
ES,2013-07-22,17704,5
ES,2013-07-22,28112,4
ES,2013-07-22,111473,1
ES,2013-07-22,382206,3
ES,2013-07-23,8347,2
ES,2013-07-23,17704,5
ES,2013-07-23,28112,4
ES,2013-07-23,111473,1
ES,2013-07-23,382206,3
ES,2013-07-24,8347,2
ES,2013-07-24,17704,5
ES,2013-07-24,28112,4
ES,2013-07-24,111473,1
ES,2013-07-24,382206,3
ES,2013-07-25,8347,2
ES,2013-07-25,17704,5
ES,2013-07-25,28112,4
ES,2013-07-25,111473,1
ES,2013-07-25,382206,3
ES,2013-07-26,8347,2
ES,2013-07-26,17704,5
ES,2013-07-26,28112,4
ES,2013-07-26,111473,1
ES,2013-07-26,382206,3
ES,2013-07-29,8347,1
ES,2013-07-29,17704,5
ES,2013-07-29,28112,4
ES,2013-07-29,111473,2
ES,2013-07-29,382206,3
ES,2013-07-30,8347,1
ES,2013-07-30,17704,4
ES,2013-07-30,28112,3
ES,2013-07-30,111473,1
ES,2013-07-30,382206,2
ES,2013-07-31,8347,2
ES,2013-07-31,17704,5
ES,2013-07-31,28112,4
ES,2013-07-31,111473,1
ES,2013-07-31,382206,3
ES,2013-08-01,8347,2
ES,2013-08-01,17704,5
ES,2013-08-01,28112,4
ES,2013-08-01,111473,1
ES,2013-08-01,382206,3
ES,2013-08-02,8347,1
ES,2013-08-02,17704,5
ES,2013-08-02,28112,4
ES,2013-08-02,111473,2
ES,2013-08-02,382206,3
ES,2013-08-05,8347,1
ES,2013-08-05,17704,4
ES,2013-08-05,28112,3
ES,2013-08-05,111473,1
ES,2013-08-05,382206,2
ES,2013-08-06,8347,1
ES,2013-08-06,17704,4
ES,2013-08-06,28112,3
ES,2013-08-06,111473,1
ES,2013-08-06,382206,2
ES,2013-08-07,8347,1
ES,2013-08-07,17704,4
ES,2013-08-07,28112,3
ES,2013-08-07,111473,1
ES,2013-08-07,382206,2
ES,2013-08-08,8347,2
ES,2013-08-08,17704,5
ES,2013-08-08,28112,4
ES,2013-08-08,111473,1
ES,2013-08-08,382206,3
ES,2013-08-09,8347,2
ES,2013-08-09,17704,5
ES,2013-08-09,28112,4
ES,2013-08-09,111473,1
ES,2013-08-09,382206,3
ES,2013-08-12,8347,1
ES,2013-08-12,17704,4
ES,2013-08-12,28112,3
ES,2013-08-12,111473,1
ES,2013-08-12,382206,2
ES,2013-08-13,8347,1
ES,2013-08-13,17704,4
ES,2013-08-13,28112,3
ES,2013-08-13,111473,1
ES,2013-08-13,382206,2
ES,2013-08-14,8347,1
ES,2013-08-14,17704,5
ES,2013-08-14,28112,4
ES,2013-08-14,111473,2
ES,2013-08-14,382206,3
ES,2013-08-15,8347,1
ES,2013-08-15,17704,4
ES,2013-08-15,28112,3
ES,2013-08-15,111473,1
ES,2013-08-15,382206,2
ES,2013-08-16,8347,2
ES,2013-08-16,17704,5
ES,2013-08-16,28112,4
ES,2013-08-16,111473,1
ES,2013-08-16,382206,3
ES,2013-08-19,8347,2
ES,2013-08-19,17704,5
ES,2013-08-19,28112,4
ES,2013-08-19,111473,1
ES,2013-08-19,382206,3
ES,2013-08-20,8347,2
ES,2013-08-20,17704,5
ES,2013-08-20,28112,4
ES,2013-08-20,111473,1
ES,2013-08-20,382206,3
ES,2013-08-21,8347,1
ES,2013-08-21,17704,4
ES,2013-08-21,28112,3
ES,2013-08-21,111473,1
ES,2013-08-21,382206,2
ES,2013-08-22,8347,1
ES,2013-08-22,17704,4
ES,2013-08-22,28112,3
ES,2013-08-22,111473,1
ES,2013-08-22,382206,2
ES,2013-08-23,8347,2
ES,2013-08-23,17704,5
ES,2013-08-23,28112,4
ES,2013-08-23,111473,1
ES,2013-08-23,382206,3
ES,2013-08-26,8347,2
ES,2013-08-26,17704,5
ES,2013-08-26,28112,4
ES,2013-08-26,111473,1
ES,2013-08-26,382206,3
ES,2013-08-27,8347,1
ES,2013-08-27,17704,4
ES,2013-08-27,28112,3
ES,2013-08-27,111473,1
ES,2013-08-27,382206,2
ES,2013-08-28,8347,2
ES,2013-08-28,17704,5
ES,2013-08-28,28112,4
ES,2013-08-28,111473,1
ES,2013-08-28,382206,3
ES,2013-08-29,8347,1
ES,2013-08-29,17704,4
ES,2013-08-29,28112,3
ES,2013-08-29,111473,1
ES,2013-08-29,382206,2
ES,2013-08-30,8347,1
ES,2013-08-30,17704,4
ES,2013-08-30,28112,3
ES,2013-08-30,111473,1
ES,2013-08-30,382206,2
ES,2013-09-03,8347,1
ES,2013-09-03,17704,4
ES,2013-09-03,28112,3
ES,2013-09-03,111473,1
ES,2013-09-03,382206,2
ES,2013-09-04,8347,2
ES,2013-09-04,17704,5
ES,2013-09-04,28112,4
ES,2013-09-04,111473,1
ES,2013-09-04,382206,3
ES,2013-09-05,8347,1
ES,2013-09-05,17704,4
ES,2013-09-05,28112,3
ES,2013-09-05,111473,1
ES,2013-09-05,382206,2
ES,2013-09-06,8347,2
ES,2013-09-06,17704,5
ES,2013-09-06,28112,4
ES,2013-09-06,111473,1
ES,2013-09-06,382206,3
ES,2013-09-09,8347,2
ES,2013-09-09,17704,5
ES,2013-09-09,28112,4
ES,2013-09-09,111473,1
ES,2013-09-09,382206,3
ES,2013-09-10,8347,2
ES,2013-09-10,17704,5
ES,2013-09-10,28112,4
ES,2013-09-10,111473,1
ES,2013-09-10,382206,3
ES,2013-09-11,8347,2
ES,2013-09-11,17704,5
ES,2013-09-11,28112,4
ES,2013-09-11,111473,1
ES,2013-09-11,382206,3
ES,2013-09-12,8347,2
ES,2013-09-12,17704,5
ES,2013-09-12,28112,4
ES,2013-09-12,111473,1
ES,2013-09-12,382206,3
ES,2013-09-13,8347,2
ES,2013-09-13,17704,4
ES,2013-09-13,28112,5
ES,2013-09-13,111473,1
ES,2013-09-13,382206,3
ES,2013-09-16,8347,2
ES,2013-09-16,17704,4
ES,2013-09-16,28112,5
ES,2013-09-16,111473,1
ES,2013-09-16,382206,3
ES,2013-09-17,8347,2
ES,2013-09-17,17704,4
ES,2013-09-17,28112,5
ES,2013-09-17,111473,1
ES,2013-09-17,382206,3
ES,2013-09-18,8347,3
ES,2013-09-18,17704,5
ES,2013-09-18,28095,1
ES,2013-09-18,28112,6
ES,2013-09-18,111473,2
ES,2013-09-18,382206,4
ES,2013-09-19,8347,2
ES,2013-09-19,17704,4
ES,2013-09-19,28095,1
ES,2013-09-19,28112,5
ES,2013-09-19,111473,1
ES,2013-09-19,382206,3
ES,2013-09-20,8347,3
ES,2013-09-20,17704,5
ES,2013-09-20,28095,1
ES,2013-09-20,28112,6
ES,2013-09-20,111473,2
ES,2013-09-20,382206,4
ES,2013-09-23,8347,2
ES,2013-09-23,28095,3
ES,2013-09-23,28112,5
ES,2013-09-23,111473,1
ES,2013-09-23,382206,4
ES,2013-09-24,8347,3
ES,2013-09-24,28095,1
ES,2013-09-24,28112,5
ES,2013-09-24,111473,2
ES,2013-09-24,382206,4
ES,2013-09-25,8347,3
ES,2013-09-25,28095,1
ES,2013-09-25,28112,5
ES,2013-09-25,111473,2
ES,2013-09-25,382206,4
ES,2013-09-26,8347,2
ES,2013-09-26,28095,1
ES,2013-09-26,28112,4
ES,2013-09-26,111473,1
ES,2013-09-26,382206,3
ES,2013-09-27,8347,2
ES,2013-09-27,28095,1
ES,2013-09-27,28112,4
ES,2013-09-27,111473,1
ES,2013-09-27,382206,3
ES,2013-09-30,8347,2
ES,2013-09-30,28095,1
ES,2013-09-30,28112,4
ES,2013-09-30,111473,1
ES,2013-09-30,382206,3
ES,2013-10-01,8347,2
ES,2013-10-01,28095,1
ES,2013-10-01,28112,4
ES,2013-10-01,111473,1
ES,2013-10-01,382206,3
ES,2013-10-02,8347,1
ES,2013-10-02,28095,2
ES,2013-10-02,28112,4
ES,2013-10-02,111473,1
ES,2013-10-02,382206,3
ES,2013-10-03,8347,2
ES,2013-10-03,28095,1
ES,2013-10-03,28112,4
ES,2013-10-03,111473,1
ES,2013-10-03,382206,3
ES,2013-10-04,8347,2
ES,2013-10-04,28095,3
ES,2013-10-04,28112,5
ES,2013-10-04,111473,1
ES,2013-10-04,382206,4
ES,2013-10-07,8347,2
ES,2013-10-07,28095,1
ES,2013-10-07,28112,4
ES,2013-10-07,111473,1
ES,2013-10-07,382206,3
ES,2013-10-08,8347,3
ES,2013-10-08,28095,1
ES,2013-10-08,28112,5
ES,2013-10-08,111473,2
ES,2013-10-08,382206,4
ES,2013-10-09,8347,2
ES,2013-10-09,28095,1
ES,2013-10-09,28112,4
ES,2013-10-09,111473,1
ES,2013-10-09,382206,3
ES,2013-10-10,8347,3
ES,2013-10-10,28095,2
ES,2013-10-10,28112,5
ES,2013-10-10,111473,1
ES,2013-10-10,382206,4
ES,2013-10-11,8347,2
ES,2013-10-11,28095,1
ES,2013-10-11,28112,4
ES,2013-10-11,111473,1
ES,2013-10-11,382206,3
ES,2013-10-14,8347,2
ES,2013-10-14,28095,1
ES,2013-10-14,28112,4
ES,2013-10-14,111473,1
ES,2013-10-14,382206,3
ES,2013-10-15,8347,2
ES,2013-10-15,28095,1
ES,2013-10-15,28112,4
ES,2013-10-15,111473,1
ES,2013-10-15,382206,3
ES,2013-10-16,8347,3
ES,2013-10-16,28095,1
ES,2013-10-16,28112,5
ES,2013-10-16,111473,2
ES,2013-10-16,382206,4
ES,2013-10-17,8347,3
ES,2013-10-17,28095,1
ES,2013-10-17,28112,5
ES,2013-10-17,111473,2
ES,2013-10-17,382206,4
ES,2013-10-18,8347,2
ES,2013-10-18,28095,1
ES,2013-10-18,28112,4
ES,2013-10-18,111473,1
ES,2013-10-18,382206,3
ES,2013-10-21,8347,2
ES,2013-10-21,28095,1
ES,2013-10-21,28112,4
ES,2013-10-21,111473,1
ES,2013-10-21,382206,3
ES,2013-10-22,8347,2
ES,2013-10-22,28095,1
ES,2013-10-22,28112,4
ES,2013-10-22,111473,1
ES,2013-10-22,382206,3
ES,2013-10-23,8347,2
ES,2013-10-23,28095,1
ES,2013-10-23,28112,4
ES,2013-10-23,111473,1
ES,2013-10-23,382206,3
ES,2013-10-24,8347,2
ES,2013-10-24,28095,1
ES,2013-10-24,28112,4
ES,2013-10-24,111473,1
ES,2013-10-24,382206,3
ES,2013-10-25,8347,3
ES,2013-10-25,28095,1
ES,2013-10-25,28112,5
ES,2013-10-25,111473,2
ES,2013-10-25,382206,4
ES,2013-10-28,8347,2
ES,2013-10-28,28095,1
ES,2013-10-28,28112,4
ES,2013-10-28,111473,1
ES,2013-10-28,382206,3
ES,2013-10-29,8347,3
ES,2013-10-29,28095,1
ES,2013-10-29,28112,5
ES,2013-10-29,111473,2
ES,2013-10-29,382206,4
ES,2013-10-30,8347,3
ES,2013-10-30,28095,2
ES,2013-10-30,28112,5
ES,2013-10-30,111473,1
ES,2013-10-30,382206,4
ES,2013-10-31,8347,2
ES,2013-10-31,28095,1
ES,2013-10-31,28112,4
ES,2013-10-31,111473,1
ES,2013-10-31,382206,3
ES,2013-11-01,8347,3
ES,2013-11-01,28095,1
ES,2013-11-01,28112,5
ES,2013-11-01,111473,2
ES,2013-11-01,382206,4
ES,2013-11-04,8347,2
ES,2013-11-04,28095,1
ES,2013-11-04,28112,4
ES,2013-11-04,111473,1
ES,2013-11-04,382206,3
ES,2013-11-05,8347,2
ES,2013-11-05,28095,1
ES,2013-11-05,28112,4
ES,2013-11-05,111473,1
ES,2013-11-05,382206,3
ES,2013-11-06,8347,3
ES,2013-11-06,28095,1
ES,2013-11-06,28112,5
ES,2013-11-06,111473,2
ES,2013-11-06,382206,4
ES,2013-11-07,8347,3
ES,2013-11-07,28095,2
ES,2013-11-07,28112,5
ES,2013-11-07,111473,1
ES,2013-11-07,382206,4
ES,2013-11-08,8347,2
ES,2013-11-08,28095,1
ES,2013-11-08,28112,4
ES,2013-11-08,111473,1
ES,2013-11-08,382206,3
ES,2013-11-11,8347,1
ES,2013-11-11,28095,1
ES,2013-11-11,28112,3
ES,2013-11-11,111473,1
ES,2013-11-11,382206,2
ES,2013-11-12,8347,2
ES,2013-11-12,28095,1
ES,2013-11-12,28112,4
ES,2013-11-12,111473,1
ES,2013-11-12,382206,3
ES,2013-11-13,8347,2
ES,2013-11-13,28095,1
ES,2013-11-13,28112,4
ES,2013-11-13,111473,1
ES,2013-11-13,382206,3
ES,2013-11-14,8347,2
ES,2013-11-14,28095,1
ES,2013-11-14,28112,4
ES,2013-11-14,111473,1
ES,2013-11-14,382206,3
ES,2013-11-15,8347,2
ES,2013-11-15,28095,1
ES,2013-11-15,28112,4
ES,2013-11-15,111473,1
ES,2013-11-15,382206,3
ES,2013-11-18,8347,3
ES,2013-11-18,28095,1
ES,2013-11-18,28112,5
ES,2013-11-18,111473,2
ES,2013-11-18,382206,4
ES,2013-11-19,8347,2
ES,2013-11-19,28095,1
ES,2013-11-19,28112,4
ES,2013-11-19,111473,1
ES,2013-11-19,382206,3
ES,2013-11-20,8347,2
ES,2013-11-20,28095,1
ES,2013-11-20,28112,4
ES,2013-11-20,111473,1
ES,2013-11-20,382206,3
ES,2013-11-21,8347,3
ES,2013-11-21,28095,1
ES,2013-11-21,28112,5
ES,2013-11-21,111473,2
ES,2013-11-21,382206,4
ES,2013-11-22,8347,2
ES,2013-11-22,28095,1
ES,2013-11-22,28112,4
ES,2013-11-22,111473,1
ES,2013-11-22,382206,3
ES,2013-11-25,8347,3
ES,2013-11-25,28095,2
ES,2013-11-25,28112,5
ES,2013-11-25,111473,1
ES,2013-11-25,382206,4
ES,2013-11-26,8347,2
ES,2013-11-26,28095,1
ES,2013-11-26,28112,4
ES,2013-11-26,111473,1
ES,2013-11-26,382206,3
ES,2013-11-27,8347,2
ES,2013-11-27,28095,1
ES,2013-11-27,28112,4
ES,2013-11-27,111473,1
ES,2013-11-27,382206,3
ES,2013-11-29,8347,3
ES,2013-11-29,28095,1
ES,2013-11-29,28112,5
ES,2013-11-29,111473,2
ES,2013-11-29,382206,4
ES,2013-12-02,8347,3
ES,2013-12-02,28095,2
ES,2013-12-02,28112,5
ES,2013-12-02,111473,1
ES,2013-12-02,382206,4
ES,2013-12-03,8347,3
ES,2013-12-03,28095,2
ES,2013-12-03,28112,5
ES,2013-12-03,111473,1
ES,2013-12-03,382206,4
ES,2013-12-04,8347,2
ES,2013-12-04,28095,1
ES,2013-12-04,28112,4
ES,2013-12-04,111473,1
ES,2013-12-04,382206,3
ES,2013-12-05,8347,3
ES,2013-12-05,28095,2
ES,2013-12-05,28112,5
ES,2013-12-05,111473,1
ES,2013-12-05,382206,4
ES,2013-12-06,8347,3
ES,2013-12-06,28095,2
ES,2013-12-06,28112,5
ES,2013-12-06,111473,1
ES,2013-12-06,382206,4
ES,2013-12-09,8347,3
ES,2013-12-09,28095,1
ES,2013-12-09,28112,5
ES,2013-12-09,111473,2
ES,2013-12-09,382206,4
ES,2013-12-10,8347,3
ES,2013-12-10,28095,2
ES,2013-12-10,28112,5
ES,2013-12-10,111473,1
ES,2013-12-10,382206,4
ES,2013-12-11,8347,3
ES,2013-12-11,28095,2
ES,2013-12-11,28112,5
ES,2013-12-11,111473,1
ES,2013-12-11,382206,4
ES,2013-12-12,8347,3
ES,2013-12-12,28095,1
ES,2013-12-12,28112,5
ES,2013-12-12,111473,2
ES,2013-12-12,382206,4
ES,2013-12-13,8347,3
ES,2013-12-13,28095,2
ES,2013-12-13,28112,4
ES,2013-12-13,111473,1
ES,2013-12-13,382206,5
ES,2013-12-16,8347,4
ES,2013-12-16,28095,3
ES,2013-12-16,28112,5
ES,2013-12-16,50393,1
ES,2013-12-16,111473,2
ES,2013-12-16,382206,6
ES,2013-12-17,8347,4
ES,2013-12-17,28095,3
ES,2013-12-17,28112,5
ES,2013-12-17,50393,1
ES,2013-12-17,111473,2
ES,2013-12-17,382206,6
ES,2013-12-18,8347,4
ES,2013-12-18,28095,3
ES,2013-12-18,28112,5
ES,2013-12-18,50393,1
ES,2013-12-18,111473,2
ES,2013-12-18,382206,6
ES,2013-12-19,8347,4
ES,2013-12-19,28095,2
ES,2013-12-19,28112,5
ES,2013-12-19,50393,1
ES,2013-12-19,111473,3
ES,2013-12-19,382206,6
ES,2013-12-20,8347,4
ES,2013-12-20,28095,3
ES,2013-12-20,28112,5
ES,2013-12-20,50393,1
ES,2013-12-20,111473,2
ES,2013-12-20,382206,6
ES,2013-12-23,8347,3
ES,2013-12-23,28095,2
ES,2013-12-23,50393,1
ES,2013-12-23,111473,2
ES,2013-12-23,382206,4
ES,2013-12-24,8347,3
ES,2013-12-24,28095,1
ES,2013-12-24,50393,1
ES,2013-12-24,111473,2
ES,2013-12-24,382206,4
ES,2013-12-26,8347,3
ES,2013-12-26,28095,1
ES,2013-12-26,50393,1
ES,2013-12-26,111473,2
ES,2013-12-26,382206,4
ES,2013-12-27,8347,3
ES,2013-12-27,28095,1
ES,2013-12-27,50393,1
ES,2013-12-27,111473,2
ES,2013-12-27,382206,4
ES,2013-12-30,8347,4
ES,2013-12-30,28095,2
ES,2013-12-30,50393,1
ES,2013-12-30,111473,3
ES,2013-12-30,382206,5
ES,2013-12-31,8347,3
ES,2013-12-31,28095,2
ES,2013-12-31,50393,1
ES,2013-12-31,111473,1
ES,2013-12-31,382206,4
ES,2014-01-02,8347,4
ES,2014-01-02,28095,3
ES,2014-01-02,50393,1
ES,2014-01-02,111473,2
ES,2014-01-02,382206,5
ES,2014-01-03,8347,3
ES,2014-01-03,28095,1
ES,2014-01-03,50393,1
ES,2014-01-03,111473,2
ES,2014-01-03,382206,4
ES,2014-01-06,8347,4
ES,2014-01-06,28095,1
ES,2014-01-06,50393,2
ES,2014-01-06,111473,3
ES,2014-01-06,382206,5
ES,2014-01-07,8347,4
ES,2014-01-07,28095,1
ES,2014-01-07,50393,2
ES,2014-01-07,111473,3
ES,2014-01-07,382206,5
ES,2014-01-08,8347,4
ES,2014-01-08,28095,1
ES,2014-01-08,50393,2
ES,2014-01-08,111473,3
ES,2014-01-08,382206,5
ES,2014-01-09,8347,3
ES,2014-01-09,28095,1
ES,2014-01-09,50393,1
ES,2014-01-09,111473,2
ES,2014-01-09,382206,4
ES,2014-01-10,8347,4
ES,2014-01-10,28095,2
ES,2014-01-10,50393,1
ES,2014-01-10,111473,3
ES,2014-01-10,382206,5
ES,2014-01-13,8347,4
ES,2014-01-13,28095,2
ES,2014-01-13,50393,1
ES,2014-01-13,111473,3
ES,2014-01-13,382206,5
ES,2014-01-14,8347,4
ES,2014-01-14,28095,2
ES,2014-01-14,50393,1
ES,2014-01-14,111473,3
ES,2014-01-14,382206,5
ES,2014-01-15,8347,4
ES,2014-01-15,28095,2
ES,2014-01-15,50393,1
ES,2014-01-15,111473,3
ES,2014-01-15,382206,5
ES,2014-01-16,8347,4
ES,2014-01-16,28095,2
ES,2014-01-16,50393,1
ES,2014-01-16,111473,3
ES,2014-01-16,382206,5
ES,2014-01-17,8347,4
ES,2014-01-17,28095,2
ES,2014-01-17,50393,1
ES,2014-01-17,111473,3
ES,2014-01-17,382206,5
ES,2014-01-21,8347,4
ES,2014-01-21,28095,3
ES,2014-01-21,50393,1
ES,2014-01-21,111473,2
ES,2014-01-21,382206,5
ES,2014-01-22,8347,3
ES,2014-01-22,28095,1
ES,2014-01-22,50393,1
ES,2014-01-22,111473,2
ES,2014-01-22,382206,4
ES,2014-01-23,8347,4
ES,2014-01-23,28095,2
ES,2014-01-23,50393,1
ES,2014-01-23,111473,3
ES,2014-01-23,382206,5
ES,2014-01-24,8347,4
ES,2014-01-24,28095,2
ES,2014-01-24,50393,1
ES,2014-01-24,111473,3
ES,2014-01-24,382206,5
ES,2014-01-27,8347,4
ES,2014-01-27,28095,2
ES,2014-01-27,50393,1
ES,2014-01-27,111473,3
ES,2014-01-27,382206,5
ES,2014-01-28,8347,4
ES,2014-01-28,28095,2
ES,2014-01-28,50393,1
ES,2014-01-28,111473,3
ES,2014-01-28,382206,5
ES,2014-01-29,8347,4
ES,2014-01-29,28095,2
ES,2014-01-29,50393,1
ES,2014-01-29,111473,3
ES,2014-01-29,382206,5
ES,2014-01-30,8347,4
ES,2014-01-30,28095,2
ES,2014-01-30,50393,1
ES,2014-01-30,111473,3
ES,2014-01-30,382206,5
ES,2014-01-31,8347,4
ES,2014-01-31,28095,1
ES,2014-01-31,50393,2
ES,2014-01-31,111473,3
ES,2014-01-31,382206,5
ES,2014-02-03,8347,4
ES,2014-02-03,28095,2
ES,2014-02-03,50393,1
ES,2014-02-03,111473,3
ES,2014-02-03,382206,5
ES,2014-02-04,8347,4
ES,2014-02-04,28095,2
ES,2014-02-04,50393,1
ES,2014-02-04,111473,3
ES,2014-02-04,382206,5
ES,2014-02-05,8347,4
ES,2014-02-05,28095,1
ES,2014-02-05,50393,2
ES,2014-02-05,111473,3
ES,2014-02-05,382206,5
ES,2014-02-06,8347,4
ES,2014-02-06,28095,2
ES,2014-02-06,50393,1
ES,2014-02-06,111473,3
ES,2014-02-06,382206,5
ES,2014-02-07,8347,4
ES,2014-02-07,28095,2
ES,2014-02-07,50393,1
ES,2014-02-07,111473,3
ES,2014-02-07,382206,5
ES,2014-02-10,8347,4
ES,2014-02-10,28095,2
ES,2014-02-10,50393,1
ES,2014-02-10,111473,3
ES,2014-02-10,382206,5
ES,2014-02-11,8347,4
ES,2014-02-11,28095,2
ES,2014-02-11,50393,1
ES,2014-02-11,111473,3
ES,2014-02-11,382206,5
ES,2014-02-12,8347,4
ES,2014-02-12,28095,2
ES,2014-02-12,50393,1
ES,2014-02-12,111473,3
ES,2014-02-12,382206,5
ES,2014-02-13,8347,4
ES,2014-02-13,28095,2
ES,2014-02-13,50393,1
ES,2014-02-13,111473,3
ES,2014-02-13,382206,5
ES,2014-02-14,8347,4
ES,2014-02-14,28095,2
ES,2014-02-14,50393,1
ES,2014-02-14,111473,3
ES,2014-02-14,382206,5
ES,2014-02-18,8347,4
ES,2014-02-18,28095,2
ES,2014-02-18,50393,1
ES,2014-02-18,111473,3
ES,2014-02-18,382206,5
ES,2014-02-19,8347,3
ES,2014-02-19,28095,1
ES,2014-02-19,50393,1
ES,2014-02-19,111473,2
ES,2014-02-19,382206,4
ES,2014-02-20,8347,4
ES,2014-02-20,28095,2
ES,2014-02-20,50393,1
ES,2014-02-20,111473,3
ES,2014-02-20,382206,5
ES,2014-02-21,8347,3
ES,2014-02-21,28095,1
ES,2014-02-21,50393,1
ES,2014-02-21,111473,2
ES,2014-02-21,382206,4
ES,2014-02-24,8347,4
ES,2014-02-24,28095,2
ES,2014-02-24,50393,1
ES,2014-02-24,111473,3
ES,2014-02-24,382206,5
ES,2014-02-25,8347,4
ES,2014-02-25,28095,2
ES,2014-02-25,50393,1
ES,2014-02-25,111473,3
ES,2014-02-25,382206,5
ES,2014-02-26,8347,4
ES,2014-02-26,28095,2
ES,2014-02-26,50393,1
ES,2014-02-26,111473,3
ES,2014-02-26,382206,5
ES,2014-02-27,8347,4
ES,2014-02-27,28095,2
ES,2014-02-27,50393,1
ES,2014-02-27,111473,3
ES,2014-02-27,382206,5
ES,2014-02-28,8347,4
ES,2014-02-28,28095,2
ES,2014-02-28,50393,1
ES,2014-02-28,111473,3
ES,2014-02-28,382206,5
ES,2014-03-03,8347,3
ES,2014-03-03,28095,1
ES,2014-03-03,50393,1
ES,2014-03-03,111473,2
ES,2014-03-03,382206,4
ES,2014-03-04,8347,4
ES,2014-03-04,28095,2
ES,2014-03-04,50393,1
ES,2014-03-04,111473,3
ES,2014-03-04,382206,5
ES,2014-03-05,8347,4
ES,2014-03-05,28095,2
ES,2014-03-05,50393,1
ES,2014-03-05,111473,3
ES,2014-03-05,382206,5
ES,2014-03-06,8347,4
ES,2014-03-06,28095,2
ES,2014-03-06,50393,1
ES,2014-03-06,111473,3
ES,2014-03-06,382206,5
ES,2014-03-07,8347,3
ES,2014-03-07,28095,1
ES,2014-03-07,50393,1
ES,2014-03-07,111473,2
ES,2014-03-07,382206,4
ES,2014-03-10,8347,4
ES,2014-03-10,28095,2
ES,2014-03-10,50393,1
ES,2014-03-10,111473,3
ES,2014-03-10,382206,5
ES,2014-03-11,8347,4
ES,2014-03-11,28095,2
ES,2014-03-11,50393,1
ES,2014-03-11,111473,3
ES,2014-03-11,382206,5
ES,2014-03-12,8347,4
ES,2014-03-12,28095,2
ES,2014-03-12,50393,1
ES,2014-03-12,111473,3
ES,2014-03-12,382206,5
ES,2014-03-13,8347,4
ES,2014-03-13,28095,2
ES,2014-03-13,50393,1
ES,2014-03-13,111473,3
ES,2014-03-13,382206,5
ES,2014-03-14,8347,5
ES,2014-03-14,28095,2
ES,2014-03-14,50393,1
ES,2014-03-14,111473,3
ES,2014-03-14,382206,4
ES,2014-03-17,8347,5
ES,2014-03-17,28095,2
ES,2014-03-17,50393,1
ES,2014-03-17,85974,1
ES,2014-03-17,111473,3
ES,2014-03-17,382206,4
ES,2014-03-18,8347,5
ES,2014-03-18,28095,2
ES,2014-03-18,50393,1
ES,2014-03-18,85974,1
ES,2014-03-18,111473,3
ES,2014-03-18,382206,4
ES,2014-03-19,8347,5
ES,2014-03-19,28095,2
ES,2014-03-19,50393,1
ES,2014-03-19,85974,1
ES,2014-03-19,111473,3
ES,2014-03-19,382206,4
ES,2014-03-20,8347,5
ES,2014-03-20,28095,2
ES,2014-03-20,50393,1
ES,2014-03-20,85974,1
ES,2014-03-20,111473,3
ES,2014-03-20,382206,4
ES,2014-03-21,8347,5
ES,2014-03-21,28095,2
ES,2014-03-21,50393,1
ES,2014-03-21,85974,1
ES,2014-03-21,111473,3
ES,2014-03-21,382206,4
ES,2014-03-24,8347,5
ES,2014-03-24,28095,3
ES,2014-03-24,50393,2
ES,2014-03-24,85974,1
ES,2014-03-24,111473,4
ES,2014-03-25,8347,5
ES,2014-03-25,28095,3
ES,2014-03-25,50393,2
ES,2014-03-25,85974,1
ES,2014-03-25,111473,4
ES,2014-03-26,8347,4
ES,2014-03-26,28095,2
ES,2014-03-26,50393,1
ES,2014-03-26,85974,1
ES,2014-03-26,111473,3
ES,2014-03-27,8347,5
ES,2014-03-27,28095,3
ES,2014-03-27,50393,2
ES,2014-03-27,85974,1
ES,2014-03-27,111473,4
ES,2014-03-28,8347,4
ES,2014-03-28,28095,2
ES,2014-03-28,50393,1
ES,2014-03-28,85974,1
ES,2014-03-28,111473,3
ES,2014-03-31,8347,4
ES,2014-03-31,28095,2
ES,2014-03-31,50393,1
ES,2014-03-31,85974,1
ES,2014-03-31,111473,3
ES,2014-04-01,8347,5
ES,2014-04-01,28095,3
ES,2014-04-01,50393,2
ES,2014-04-01,85974,1
ES,2014-04-01,111473,4
ES,2014-04-02,8347,5
ES,2014-04-02,28095,3
ES,2014-04-02,50393,2
ES,2014-04-02,85974,1
ES,2014-04-02,111473,4
ES,2014-04-03,8347,4
ES,2014-04-03,28095,2
ES,2014-04-03,50393,1
ES,2014-04-03,85974,1
ES,2014-04-03,111473,3
ES,2014-04-04,8347,5
ES,2014-04-04,28095,3
ES,2014-04-04,50393,2
ES,2014-04-04,85974,1
ES,2014-04-04,111473,4
ES,2014-04-07,8347,5
ES,2014-04-07,28095,3
ES,2014-04-07,50393,2
ES,2014-04-07,85974,1
ES,2014-04-07,111473,4
ES,2014-04-08,8347,4
ES,2014-04-08,28095,2
ES,2014-04-08,50393,2
ES,2014-04-08,85974,1
ES,2014-04-08,111473,3
ES,2014-04-09,8347,5
ES,2014-04-09,28095,3
ES,2014-04-09,50393,2
ES,2014-04-09,85974,1
ES,2014-04-09,111473,4
ES,2014-04-10,8347,5
ES,2014-04-10,28095,3
ES,2014-04-10,50393,2
ES,2014-04-10,85974,1
ES,2014-04-10,111473,4
ES,2014-04-11,8347,5
ES,2014-04-11,28095,3
ES,2014-04-11,50393,2
ES,2014-04-11,85974,1
ES,2014-04-11,111473,4
ES,2014-04-14,8347,5
ES,2014-04-14,28095,3
ES,2014-04-14,50393,2
ES,2014-04-14,85974,1
ES,2014-04-14,111473,4
ES,2014-04-15,8347,5
ES,2014-04-15,28095,3
ES,2014-04-15,50393,2
ES,2014-04-15,85974,1
ES,2014-04-15,111473,4
ES,2014-04-16,8347,4
ES,2014-04-16,28095,2
ES,2014-04-16,50393,1
ES,2014-04-16,85974,1
ES,2014-04-16,111473,3
ES,2014-04-17,8347,4
ES,2014-04-17,28095,2
ES,2014-04-17,50393,1
ES,2014-04-17,85974,1
ES,2014-04-17,111473,3
ES,2014-04-18,8347,1
ES,2014-04-18,28095,1
ES,2014-04-18,50393,1
ES,2014-04-18,85974,1
ES,2014-04-18,111473,1
ES,2014-04-21,8347,4
ES,2014-04-21,28095,2
ES,2014-04-21,50393,1
ES,2014-04-21,85974,1
ES,2014-04-21,111473,3
ES,2014-04-22,8347,4
ES,2014-04-22,28095,2
ES,2014-04-22,50393,1
ES,2014-04-22,85974,1
ES,2014-04-22,111473,3
ES,2014-04-23,8347,4
ES,2014-04-23,28095,2
ES,2014-04-23,50393,1
ES,2014-04-23,85974,1
ES,2014-04-23,111473,3
ES,2014-04-24,8347,4
ES,2014-04-24,28095,2
ES,2014-04-24,50393,1
ES,2014-04-24,85974,1
ES,2014-04-24,111473,3
ES,2014-04-25,8347,5
ES,2014-04-25,28095,3
ES,2014-04-25,50393,2
ES,2014-04-25,85974,1
ES,2014-04-25,111473,4
ES,2014-04-28,8347,5
ES,2014-04-28,28095,3
ES,2014-04-28,50393,2
ES,2014-04-28,85974,1
ES,2014-04-28,111473,4
ES,2014-04-29,8347,5
ES,2014-04-29,28095,3
ES,2014-04-29,50393,2
ES,2014-04-29,85974,1
ES,2014-04-29,111473,4
ES,2014-04-30,8347,5
ES,2014-04-30,28095,3
ES,2014-04-30,50393,2
ES,2014-04-30,85974,1
ES,2014-04-30,111473,4
ES,2014-05-01,8347,4
ES,2014-05-01,28095,2
ES,2014-05-01,50393,1
ES,2014-05-01,85974,1
ES,2014-05-01,111473,3
ES,2014-05-02,8347,4
ES,2014-05-02,28095,2
ES,2014-05-02,50393,1
ES,2014-05-02,85974,1
ES,2014-05-02,111473,3
ES,2014-05-05,8347,5
ES,2014-05-05,28095,3
ES,2014-05-05,50393,2
ES,2014-05-05,85974,1
ES,2014-05-05,111473,4
ES,2014-05-06,8347,5
ES,2014-05-06,28095,3
ES,2014-05-06,50393,2
ES,2014-05-06,85974,1
ES,2014-05-06,111473,4
ES,2014-05-07,8347,4
ES,2014-05-07,28095,2
ES,2014-05-07,50393,1
ES,2014-05-07,85974,1
ES,2014-05-07,111473,3
ES,2014-05-08,8347,4
ES,2014-05-08,28095,2
ES,2014-05-08,50393,1
ES,2014-05-08,85974,1
ES,2014-05-08,111473,3
ES,2014-05-09,8347,4
ES,2014-05-09,28095,2
ES,2014-05-09,50393,1
ES,2014-05-09,85974,1
ES,2014-05-09,111473,3
ES,2014-05-12,8347,5
ES,2014-05-12,28095,3
ES,2014-05-12,50393,2
ES,2014-05-12,85974,1
ES,2014-05-12,111473,4
ES,2014-05-13,8347,4
ES,2014-05-13,28095,2
ES,2014-05-13,50393,1
ES,2014-05-13,85974,1
ES,2014-05-13,111473,3
ES,2014-05-14,8347,5
ES,2014-05-14,28095,3
ES,2014-05-14,50393,2
ES,2014-05-14,85974,1
ES,2014-05-14,111473,4
ES,2014-05-15,8347,4
ES,2014-05-15,28095,2
ES,2014-05-15,50393,1
ES,2014-05-15,85974,1
ES,2014-05-15,111473,3
ES,2014-05-16,8347,4
ES,2014-05-16,28095,2
ES,2014-05-16,50393,1
ES,2014-05-16,85974,1
ES,2014-05-16,111473,3
ES,2014-05-19,8347,5
ES,2014-05-19,28095,3
ES,2014-05-19,50393,2
ES,2014-05-19,85974,1
ES,2014-05-19,111473,4
ES,2014-05-20,8347,5
ES,2014-05-20,28095,3
ES,2014-05-20,50393,2
ES,2014-05-20,85974,1
ES,2014-05-20,111473,4
ES,2014-05-21,8347,5
ES,2014-05-21,28095,3
ES,2014-05-21,50393,2
ES,2014-05-21,85974,1
ES,2014-05-21,111473,4
ES,2014-05-22,8347,4
ES,2014-05-22,28095,2
ES,2014-05-22,50393,1
ES,2014-05-22,85974,1
ES,2014-05-22,111473,3
ES,2014-05-23,8347,5
ES,2014-05-23,28095,3
ES,2014-05-23,50393,2
ES,2014-05-23,85974,1
ES,2014-05-23,111473,4
ES,2014-05-27,8347,5
ES,2014-05-27,28095,3
ES,2014-05-27,50393,2
ES,2014-05-27,85974,1
ES,2014-05-27,111473,4
ES,2014-05-28,8347,4
ES,2014-05-28,28095,2
ES,2014-05-28,50393,1
ES,2014-05-28,85974,1
ES,2014-05-28,111473,3
ES,2014-05-29,8347,5
ES,2014-05-29,28095,3
ES,2014-05-29,50393,2
ES,2014-05-29,85974,1
ES,2014-05-29,111473,4
ES,2014-05-30,8347,4
ES,2014-05-30,28095,2
ES,2014-05-30,50393,1
ES,2014-05-30,85974,1
ES,2014-05-30,111473,3
ES,2014-06-02,8347,5
ES,2014-06-02,28095,3
ES,2014-06-02,50393,2
ES,2014-06-02,85974,1
ES,2014-06-02,111473,4
ES,2014-06-03,8347,5
ES,2014-06-03,28095,3
ES,2014-06-03,50393,2
ES,2014-06-03,85974,1
ES,2014-06-03,111473,4
ES,2014-06-04,8347,4
ES,2014-06-04,28095,2
ES,2014-06-04,50393,1
ES,2014-06-04,85974,1
ES,2014-06-04,111473,3
ES,2014-06-05,8347,5
ES,2014-06-05,28095,3
ES,2014-06-05,50393,2
ES,2014-06-05,85974,1
ES,2014-06-05,111473,4
ES,2014-06-06,8347,5
ES,2014-06-06,28095,3
ES,2014-06-06,50393,2
ES,2014-06-06,85974,1
ES,2014-06-06,111473,4
ES,2014-06-09,8347,5
ES,2014-06-09,28095,3
ES,2014-06-09,50393,2
ES,2014-06-09,85974,1
ES,2014-06-09,111473,4
ES,2014-06-10,8347,5
ES,2014-06-10,28095,3
ES,2014-06-10,50393,2
ES,2014-06-10,85974,1
ES,2014-06-10,111473,4
ES,2014-06-11,8347,5
ES,2014-06-11,28095,3
ES,2014-06-11,50393,1
ES,2014-06-11,85974,2
ES,2014-06-11,111473,4
ES,2014-06-13,8347,1
ES,2014-06-13,28095,1
ES,2014-06-13,50393,1
ES,2014-06-13,85974,1
ES,2014-06-13,111473,1
ES,2014-06-16,8347,4
ES,2014-06-16,28095,3
ES,2014-06-16,50393,2
ES,2014-06-16,58738,1
ES,2014-06-16,85974,1
ES,2014-06-16,111473,5
ES,2014-06-17,8347,4
ES,2014-06-17,28095,3
ES,2014-06-17,50393,2
ES,2014-06-17,58738,1
ES,2014-06-17,85974,1
ES,2014-06-17,111473,5
ES,2014-06-18,8347,5
ES,2014-06-18,28095,4
ES,2014-06-18,50393,3
ES,2014-06-18,58738,1
ES,2014-06-18,85974,2
ES,2014-06-18,111473,6
ES,2014-06-19,8347,5
ES,2014-06-19,28095,4
ES,2014-06-19,50393,3
ES,2014-06-19,58738,1
ES,2014-06-19,85974,2
ES,2014-06-19,111473,6
ES,2014-06-20,8347,4
ES,2014-06-20,28095,3
ES,2014-06-20,50393,2
ES,2014-06-20,58738,1
ES,2014-06-20,85974,1
ES,2014-06-20,111473,5
ES,2014-06-23,28095,3
ES,2014-06-23,50393,2
ES,2014-06-23,58738,1
ES,2014-06-23,85974,1
ES,2014-06-23,111473,4
ES,2014-06-24,28095,3
ES,2014-06-24,50393,2
ES,2014-06-24,58738,1
ES,2014-06-24,85974,1
ES,2014-06-24,111473,4
ES,2014-06-25,28095,4
ES,2014-06-25,50393,3
ES,2014-06-25,58738,1
ES,2014-06-25,85974,2
ES,2014-06-25,111473,5
ES,2014-06-26,28095,3
ES,2014-06-26,50393,2
ES,2014-06-26,58738,1
ES,2014-06-26,85974,1
ES,2014-06-26,111473,4
ES,2014-06-27,28095,3
ES,2014-06-27,50393,2
ES,2014-06-27,58738,1
ES,2014-06-27,85974,1
ES,2014-06-27,111473,4
ES,2014-06-30,28095,3
ES,2014-06-30,50393,2
ES,2014-06-30,58738,1
ES,2014-06-30,85974,1
ES,2014-06-30,111473,4
ES,2014-07-01,28095,4
ES,2014-07-01,50393,3
ES,2014-07-01,58738,1
ES,2014-07-01,85974,2
ES,2014-07-01,111473,5
ES,2014-07-02,28095,4
ES,2014-07-02,50393,3
ES,2014-07-02,58738,1
ES,2014-07-02,85974,2
ES,2014-07-02,111473,5
ES,2014-07-03,28095,4
ES,2014-07-03,50393,3
ES,2014-07-03,58738,1
ES,2014-07-03,85974,2
ES,2014-07-03,111473,5
ES,2014-07-07,28095,4
ES,2014-07-07,50393,3
ES,2014-07-07,58738,1
ES,2014-07-07,85974,2
ES,2014-07-07,111473,5
ES,2014-07-08,28095,4
ES,2014-07-08,50393,3
ES,2014-07-08,58738,1
ES,2014-07-08,85974,2
ES,2014-07-08,111473,5
ES,2014-07-09,28095,4
ES,2014-07-09,50393,3
ES,2014-07-09,58738,1
ES,2014-07-09,85974,2
ES,2014-07-09,111473,5
ES,2014-07-10,28095,4
ES,2014-07-10,50393,3
ES,2014-07-10,58738,1
ES,2014-07-10,85974,2
ES,2014-07-10,111473,5
ES,2014-07-11,28095,4
ES,2014-07-11,50393,3
ES,2014-07-11,58738,1
ES,2014-07-11,85974,2
ES,2014-07-11,111473,5
ES,2014-07-14,28095,4
ES,2014-07-14,50393,3
ES,2014-07-14,58738,1
ES,2014-07-14,85974,2
ES,2014-07-14,111473,5
ES,2014-07-15,28095,3
ES,2014-07-15,50393,2
ES,2014-07-15,58738,1
ES,2014-07-15,85974,1
ES,2014-07-15,111473,4
ES,2014-07-16,28095,4
ES,2014-07-16,50393,3
ES,2014-07-16,58738,1
ES,2014-07-16,85974,2
ES,2014-07-16,111473,5
ES,2014-07-17,28095,4
ES,2014-07-17,50393,3
ES,2014-07-17,58738,1
ES,2014-07-17,85974,2
ES,2014-07-17,111473,5
ES,2014-07-18,28095,3
ES,2014-07-18,50393,2
ES,2014-07-18,58738,1
ES,2014-07-18,85974,1
ES,2014-07-18,111473,4
ES,2014-07-21,28095,3
ES,2014-07-21,50393,2
ES,2014-07-21,58738,1
ES,2014-07-21,85974,1
ES,2014-07-21,111473,4
ES,2014-07-22,28095,4
ES,2014-07-22,50393,3
ES,2014-07-22,58738,1
ES,2014-07-22,85974,2
ES,2014-07-22,111473,5
ES,2014-07-23,28095,4
ES,2014-07-23,50393,3
ES,2014-07-23,58738,1
ES,2014-07-23,85974,2
ES,2014-07-23,111473,5
ES,2014-07-24,28095,3
ES,2014-07-24,50393,2
ES,2014-07-24,58738,1
ES,2014-07-24,85974,1
ES,2014-07-24,111473,4
ES,2014-07-25,28095,4
ES,2014-07-25,50393,3
ES,2014-07-25,58738,1
ES,2014-07-25,85974,2
ES,2014-07-25,111473,5
ES,2014-07-28,28095,4
ES,2014-07-28,50393,3
ES,2014-07-28,58738,1
ES,2014-07-28,85974,2
ES,2014-07-28,111473,5
ES,2014-07-29,28095,3
ES,2014-07-29,50393,2
ES,2014-07-29,58738,1
ES,2014-07-29,85974,1
ES,2014-07-29,111473,4
ES,2014-07-30,28095,4
ES,2014-07-30,50393,3
ES,2014-07-30,58738,1
ES,2014-07-30,85974,2
ES,2014-07-30,111473,5
ES,2014-07-31,28095,4
ES,2014-07-31,50393,3
ES,2014-07-31,58738,1
ES,2014-07-31,85974,2
ES,2014-07-31,111473,5
ES,2014-08-01,28095,4
ES,2014-08-01,50393,3
ES,2014-08-01,58738,1
ES,2014-08-01,85974,2
ES,2014-08-01,111473,5
ES,2014-08-04,28095,4
ES,2014-08-04,50393,3
ES,2014-08-04,58738,1
ES,2014-08-04,85974,2
ES,2014-08-04,111473,5
ES,2014-08-05,28095,4
ES,2014-08-05,50393,3
ES,2014-08-05,58738,1
ES,2014-08-05,85974,2
ES,2014-08-05,111473,5
ES,2014-08-06,28095,4
ES,2014-08-06,50393,3
ES,2014-08-06,58738,1
ES,2014-08-06,85974,2
ES,2014-08-06,111473,5
ES,2014-08-07,28095,4
ES,2014-08-07,50393,3
ES,2014-08-07,58738,1
ES,2014-08-07,85974,2
ES,2014-08-07,111473,5
ES,2014-08-08,28095,4
ES,2014-08-08,50393,3
ES,2014-08-08,58738,1
ES,2014-08-08,85974,2
ES,2014-08-08,111473,5
ES,2014-08-11,28095,3
ES,2014-08-11,50393,2
ES,2014-08-11,58738,1
ES,2014-08-11,85974,1
ES,2014-08-11,111473,4
ES,2014-08-12,28095,4
ES,2014-08-12,50393,3
ES,2014-08-12,58738,1
ES,2014-08-12,85974,2
ES,2014-08-12,111473,5
ES,2014-08-13,28095,4
ES,2014-08-13,50393,3
ES,2014-08-13,58738,2
ES,2014-08-13,85974,1
ES,2014-08-13,111473,5
ES,2014-08-14,28095,4
ES,2014-08-14,50393,3
ES,2014-08-14,58738,1
ES,2014-08-14,85974,2
ES,2014-08-14,111473,5
ES,2014-08-15,28095,4
ES,2014-08-15,50393,3
ES,2014-08-15,58738,1
ES,2014-08-15,85974,2
ES,2014-08-15,111473,5
ES,2014-08-18,28095,4
ES,2014-08-18,50393,3
ES,2014-08-18,58738,1
ES,2014-08-18,85974,2
ES,2014-08-18,111473,5
ES,2014-08-19,28095,4
ES,2014-08-19,50393,3
ES,2014-08-19,58738,1
ES,2014-08-19,85974,2
ES,2014-08-19,111473,5
ES,2014-08-20,28095,4
ES,2014-08-20,50393,3
ES,2014-08-20,58738,1
ES,2014-08-20,85974,2
ES,2014-08-20,111473,5
ES,2014-08-21,28095,4
ES,2014-08-21,50393,3
ES,2014-08-21,58738,1
ES,2014-08-21,85974,2
ES,2014-08-21,111473,5
ES,2014-08-22,28095,4
ES,2014-08-22,50393,3
ES,2014-08-22,58738,1
ES,2014-08-22,85974,2
ES,2014-08-22,111473,5
ES,2014-08-25,28095,4
ES,2014-08-25,50393,3
ES,2014-08-25,58738,1
ES,2014-08-25,85974,2
ES,2014-08-25,111473,5
ES,2014-08-26,28095,4
ES,2014-08-26,50393,3
ES,2014-08-26,58738,1
ES,2014-08-26,85974,2
ES,2014-08-26,111473,5
ES,2014-08-27,28095,4
ES,2014-08-27,50393,3
ES,2014-08-27,58738,1
ES,2014-08-27,85974,2
ES,2014-08-27,111473,5
ES,2014-08-28,28095,4
ES,2014-08-28,50393,3
ES,2014-08-28,58738,1
ES,2014-08-28,85974,2
ES,2014-08-28,111473,5
ES,2014-08-29,28095,4
ES,2014-08-29,50393,3
ES,2014-08-29,58738,1
ES,2014-08-29,85974,2
ES,2014-08-29,111473,5
ES,2014-09-02,28095,3
ES,2014-09-02,50393,2
ES,2014-09-02,58738,1
ES,2014-09-02,85974,1
ES,2014-09-02,111473,4
ES,2014-09-03,28095,4
ES,2014-09-03,50393,3
ES,2014-09-03,58738,1
ES,2014-09-03,85974,2
ES,2014-09-03,111473,5
ES,2014-09-04,28095,4
ES,2014-09-04,50393,3
ES,2014-09-04,58738,1
ES,2014-09-04,85974,2
ES,2014-09-04,111473,5
ES,2014-09-05,28095,4
ES,2014-09-05,50393,3
ES,2014-09-05,58738,1
ES,2014-09-05,85974,2
ES,2014-09-05,111473,5
ES,2014-09-08,28095,4
ES,2014-09-08,50393,3
ES,2014-09-08,58738,1
ES,2014-09-08,85974,2
ES,2014-09-08,111473,5
ES,2014-09-09,28095,4
ES,2014-09-09,50393,3
ES,2014-09-09,58738,1
ES,2014-09-09,85974,2
ES,2014-09-09,111473,5
ES,2014-09-10,13950,1
ES,2014-09-10,28095,4
ES,2014-09-10,50393,3
ES,2014-09-10,58738,1
ES,2014-09-10,85974,2
ES,2014-09-10,111473,5
ES,2014-09-11,13950,1
ES,2014-09-11,28095,4
ES,2014-09-11,50393,3
ES,2014-09-11,58738,1
ES,2014-09-11,85974,2
ES,2014-09-11,111473,5
ES,2014-09-12,13950,1
ES,2014-09-12,28095,5
ES,2014-09-12,50393,3
ES,2014-09-12,58738,1
ES,2014-09-12,85974,2
ES,2014-09-12,111473,4
ES,2014-09-15,13950,1
ES,2014-09-15,28095,5
ES,2014-09-15,50393,3
ES,2014-09-15,58738,1
ES,2014-09-15,85974,2
ES,2014-09-15,111473,4
ES,2014-09-16,13950,1
ES,2014-09-16,28095,5
ES,2014-09-16,50393,3
ES,2014-09-16,58738,1
ES,2014-09-16,85974,2
ES,2014-09-16,111473,4
ES,2014-09-17,13950,1
ES,2014-09-17,28095,5
ES,2014-09-17,50393,3
ES,2014-09-17,58738,1
ES,2014-09-17,85974,2
ES,2014-09-17,111473,4
ES,2014-09-18,13950,1
ES,2014-09-18,28095,6
ES,2014-09-18,50393,4
ES,2014-09-18,58738,2
ES,2014-09-18,85974,3
ES,2014-09-18,111473,5
ES,2014-09-19,13950,1
ES,2014-09-19,28095,6
ES,2014-09-19,50393,4
ES,2014-09-19,58738,2
ES,2014-09-19,85974,3
ES,2014-09-19,111473,5
ES,2014-09-22,13950,2
ES,2014-09-22,28095,5
ES,2014-09-22,50393,4
ES,2014-09-22,58738,1
ES,2014-09-22,85974,3
ES,2014-09-26,13950,1
ES,2014-09-26,28095,5
ES,2014-09-26,50393,4
ES,2014-09-26,58738,2
ES,2014-09-26,85974,3
ES,2014-09-29,13950,1
ES,2014-09-29,28095,5
ES,2014-09-29,50393,4
ES,2014-09-29,58738,2
ES,2014-09-29,85974,3
ES,2014-09-30,13950,1
ES,2014-09-30,28095,5
ES,2014-09-30,50393,4
ES,2014-09-30,58738,2
ES,2014-09-30,85974,3
ES,2014-10-01,13950,1
ES,2014-10-01,28095,5
ES,2014-10-01,50393,4
ES,2014-10-01,58738,2
ES,2014-10-01,85974,3
ES,2014-10-02,13950,1
ES,2014-10-02,28095,5
ES,2014-10-02,50393,4
ES,2014-10-02,58738,2
ES,2014-10-02,85974,3
ES,2014-10-03,13950,1
ES,2014-10-03,28095,5
ES,2014-10-03,50393,4
ES,2014-10-03,58738,2
ES,2014-10-03,85974,3
ES,2014-10-06,13950,1
ES,2014-10-06,28095,5
ES,2014-10-06,50393,4
ES,2014-10-06,58738,2
ES,2014-10-06,85974,3
ES,2014-10-07,13950,1
ES,2014-10-07,28095,5
ES,2014-10-07,50393,4
ES,2014-10-07,58738,2
ES,2014-10-07,85974,3
ES,2014-10-08,13950,1
ES,2014-10-08,28095,5
ES,2014-10-08,50393,4
ES,2014-10-08,58738,2
ES,2014-10-08,85974,3
ES,2014-10-09,13950,1
ES,2014-10-09,28095,5
ES,2014-10-09,50393,4
ES,2014-10-09,58738,2
ES,2014-10-09,85974,3
ES,2014-10-10,13950,2
ES,2014-10-10,28095,5
ES,2014-10-10,50393,4
ES,2014-10-10,58738,1
ES,2014-10-10,85974,3
ES,2014-10-13,13950,1
ES,2014-10-13,28095,5
ES,2014-10-13,50393,4
ES,2014-10-13,58738,3
ES,2014-10-13,85974,2
ES,2014-10-14,13950,2
ES,2014-10-14,28095,5
ES,2014-10-14,50393,4
ES,2014-10-14,58738,1
ES,2014-10-14,85974,3
ES,2014-10-15,13950,2
ES,2014-10-15,28095,5
ES,2014-10-15,50393,4
ES,2014-10-15,58738,1
ES,2014-10-15,85974,3
ES,2014-10-16,13950,1
ES,2014-10-16,28095,5
ES,2014-10-16,50393,4
ES,2014-10-16,58738,2
ES,2014-10-16,85974,3
ES,2014-10-17,13950,1
ES,2014-10-17,28095,5
ES,2014-10-17,50393,4
ES,2014-10-17,58738,2
ES,2014-10-17,85974,3
ES,2014-10-20,13950,1
ES,2014-10-20,28095,5
ES,2014-10-20,50393,4
ES,2014-10-20,58738,2
ES,2014-10-20,85974,3
ES,2014-10-21,13950,1
ES,2014-10-21,28095,4
ES,2014-10-21,50393,3
ES,2014-10-21,58738,1
ES,2014-10-21,85974,2
ES,2014-10-22,13950,1
ES,2014-10-22,28095,4
ES,2014-10-22,50393,3
ES,2014-10-22,58738,1
ES,2014-10-22,85974,2
ES,2014-10-23,13950,1
ES,2014-10-23,28095,5
ES,2014-10-23,50393,4
ES,2014-10-23,58738,3
ES,2014-10-23,85974,2
ES,2014-10-24,13950,2
ES,2014-10-24,28095,5
ES,2014-10-24,50393,4
ES,2014-10-24,58738,1
ES,2014-10-24,85974,3
ES,2014-10-27,13950,1
ES,2014-10-27,28095,4
ES,2014-10-27,50393,3
ES,2014-10-27,58738,1
ES,2014-10-27,85974,2
ES,2014-10-28,13950,1
ES,2014-10-28,28095,5
ES,2014-10-28,50393,4
ES,2014-10-28,58738,2
ES,2014-10-28,85974,3
ES,2014-10-29,13950,2
ES,2014-10-29,28095,5
ES,2014-10-29,50393,4
ES,2014-10-29,58738,1
ES,2014-10-29,85974,3
ES,2014-10-30,13950,1
ES,2014-10-30,28095,5
ES,2014-10-30,50393,4
ES,2014-10-30,58738,2
ES,2014-10-30,85974,3
ES,2014-10-31,13950,1
ES,2014-10-31,28095,4
ES,2014-10-31,50393,3
ES,2014-10-31,58738,1
ES,2014-10-31,85974,2
ES,2014-11-03,13950,1
ES,2014-11-03,28095,4
ES,2014-11-03,50393,3
ES,2014-11-03,58738,1
ES,2014-11-03,85974,2
ES,2014-11-04,13950,2
ES,2014-11-04,28095,5
ES,2014-11-04,50393,4
ES,2014-11-04,58738,1
ES,2014-11-04,85974,3
ES,2014-11-05,13950,2
ES,2014-11-05,28095,5
ES,2014-11-05,50393,4
ES,2014-11-05,58738,1
ES,2014-11-05,85974,3
ES,2014-11-06,13950,2
ES,2014-11-06,28095,5
ES,2014-11-06,50393,4
ES,2014-11-06,58738,1
ES,2014-11-06,85974,3
ES,2014-11-07,13950,2
ES,2014-11-07,28095,5
ES,2014-11-07,50393,4
ES,2014-11-07,58738,1
ES,2014-11-07,85974,3
ES,2014-11-10,13950,1
ES,2014-11-10,28095,5
ES,2014-11-10,50393,4
ES,2014-11-10,58738,2
ES,2014-11-10,85974,3
ES,2014-11-11,13950,2
ES,2014-11-11,28095,5
ES,2014-11-11,50393,4
ES,2014-11-11,58738,1
ES,2014-11-11,85974,3
ES,2014-11-12,13950,2
ES,2014-11-12,28095,5
ES,2014-11-12,50393,4
ES,2014-11-12,58738,1
ES,2014-11-12,85974,3
ES,2014-11-13,13950,1
ES,2014-11-13,28095,4
ES,2014-11-13,50393,3
ES,2014-11-13,58738,1
ES,2014-11-13,85974,2
ES,2014-11-14,13950,1
ES,2014-11-14,28095,5
ES,2014-11-14,50393,4
ES,2014-11-14,58738,2
ES,2014-11-14,85974,3
ES,2014-11-17,13950,1
ES,2014-11-17,28095,5
ES,2014-11-17,50393,4
ES,2014-11-17,58738,2
ES,2014-11-17,85974,3
ES,2014-11-18,13950,1
ES,2014-11-18,28095,5
ES,2014-11-18,50393,4
ES,2014-11-18,58738,2
ES,2014-11-18,85974,3
ES,2014-11-19,13950,1
ES,2014-11-19,28095,5
ES,2014-11-19,50393,4
ES,2014-11-19,58738,2
ES,2014-11-19,85974,3
ES,2014-11-20,13950,2
ES,2014-11-20,28095,5
ES,2014-11-20,50393,4
ES,2014-11-20,58738,1
ES,2014-11-20,85974,3
ES,2014-11-21,13950,1
ES,2014-11-21,28095,5
ES,2014-11-21,50393,4
ES,2014-11-21,58738,2
ES,2014-11-21,85974,3
ES,2014-11-24,13950,2
ES,2014-11-24,28095,5
ES,2014-11-24,50393,4
ES,2014-11-24,58738,1
ES,2014-11-24,85974,3
ES,2014-11-25,13950,1
ES,2014-11-25,28095,4
ES,2014-11-25,50393,3
ES,2014-11-25,58738,1
ES,2014-11-25,85974,2
ES,2014-11-26,13950,1
ES,2014-11-26,28095,4
ES,2014-11-26,50393,3
ES,2014-11-26,58738,1
ES,2014-11-26,85974,2
ES,2014-11-28,13950,1
ES,2014-11-28,28095,4
ES,2014-11-28,50393,3
ES,2014-11-28,58738,1
ES,2014-11-28,85974,2
ES,2014-12-01,13950,2
ES,2014-12-01,28095,5
ES,2014-12-01,50393,4
ES,2014-12-01,58738,1
ES,2014-12-01,85974,3
ES,2014-12-02,13950,1
ES,2014-12-02,28095,5
ES,2014-12-02,50393,4
ES,2014-12-02,58738,2
ES,2014-12-02,85974,3
ES,2014-12-03,13950,1
ES,2014-12-03,28095,5
ES,2014-12-03,50393,4
ES,2014-12-03,58738,2
ES,2014-12-03,85974,3
ES,2014-12-04,13950,1
ES,2014-12-04,28095,5
ES,2014-12-04,50393,4
ES,2014-12-04,58738,2
ES,2014-12-04,85974,3
ES,2014-12-05,13950,2
ES,2014-12-05,28095,5
ES,2014-12-05,50393,4
ES,2014-12-05,58738,1
ES,2014-12-05,85974,3
ES,2014-12-08,13950,1
ES,2014-12-08,28095,5
ES,2014-12-08,50393,4
ES,2014-12-08,58738,2
ES,2014-12-08,85974,3
ES,2014-12-09,13950,1
ES,2014-12-09,28095,5
ES,2014-12-09,50393,4
ES,2014-12-09,58738,2
ES,2014-12-09,85974,3
ES,2014-12-10,13950,1
ES,2014-12-10,28095,5
ES,2014-12-10,50393,4
ES,2014-12-10,58738,2
ES,2014-12-10,85974,3
ES,2014-12-11,13950,1
ES,2014-12-11,28095,5
ES,2014-12-11,50393,4
ES,2014-12-11,58738,2
ES,2014-12-11,85974,3
ES,2014-12-12,13950,2
ES,2014-12-12,28095,4
ES,2014-12-12,50393,5
ES,2014-12-12,58738,1
ES,2014-12-12,85974,3
ES,2014-12-15,13950,2
ES,2014-12-15,28095,4
ES,2014-12-15,50393,5
ES,2014-12-15,58738,1
ES,2014-12-15,85974,3
ES,2014-12-16,13950,2
ES,2014-12-16,28095,4
ES,2014-12-16,50393,5
ES,2014-12-16,58738,1
ES,2014-12-16,85974,3
ES,2014-12-17,13950,2
ES,2014-12-17,28095,5
ES,2014-12-17,49705,1
ES,2014-12-17,50393,6
ES,2014-12-17,58738,3
ES,2014-12-17,85974,4
ES,2014-12-18,13950,3
ES,2014-12-18,28095,5
ES,2014-12-18,49705,1
ES,2014-12-18,50393,6
ES,2014-12-18,58738,2
ES,2014-12-18,85974,4
ES,2014-12-19,13950,3
ES,2014-12-19,28095,5
ES,2014-12-19,49705,1
ES,2014-12-19,50393,6
ES,2014-12-19,58738,2
ES,2014-12-19,85974,4
ES,2014-12-22,13950,3
ES,2014-12-22,49705,1
ES,2014-12-22,50393,5
ES,2014-12-22,58738,2
ES,2014-12-22,85974,4
ES,2014-12-23,13950,1
ES,2014-12-23,49705,1
ES,2014-12-23,50393,4
ES,2014-12-23,58738,2
ES,2014-12-23,85974,3
ES,2014-12-24,13950,1
ES,2014-12-24,49705,1
ES,2014-12-24,50393,3
ES,2014-12-24,58738,1
ES,2014-12-24,85974,2
ES,2014-12-26,13950,1
ES,2014-12-26,49705,1
ES,2014-12-26,50393,4
ES,2014-12-26,58738,2
ES,2014-12-26,85974,3
ES,2014-12-29,13950,1
ES,2014-12-29,49705,1
ES,2014-12-29,50393,4
ES,2014-12-29,58738,2
ES,2014-12-29,85974,3
ES,2014-12-30,13950,2
ES,2014-12-30,49705,1
ES,2014-12-30,50393,5
ES,2014-12-30,58738,3
ES,2014-12-30,85974,4
ES,2014-12-31,13950,1
ES,2014-12-31,49705,1
ES,2014-12-31,50393,1
ES,2014-12-31,58738,1
ES,2014-12-31,85974,1
ES,2015-01-02,13950,2
ES,2015-01-02,49705,1
ES,2015-01-02,50393,5
ES,2015-01-02,58738,3
ES,2015-01-02,85974,4
ES,2015-01-05,13950,3
ES,2015-01-05,49705,1
ES,2015-01-05,50393,5
ES,2015-01-05,58738,2
ES,2015-01-05,85974,4
ES,2015-01-06,13950,2
ES,2015-01-06,49705,1
ES,2015-01-06,50393,5
ES,2015-01-06,58738,3
ES,2015-01-06,85974,4
ES,2015-01-07,13950,3
ES,2015-01-07,49705,1
ES,2015-01-07,50393,5
ES,2015-01-07,58738,2
ES,2015-01-07,85974,4
ES,2015-01-08,13950,1
ES,2015-01-08,49705,2
ES,2015-01-08,50393,5
ES,2015-01-08,58738,3
ES,2015-01-08,85974,4
ES,2015-01-09,13950,3
ES,2015-01-09,49705,1
ES,2015-01-09,50393,5
ES,2015-01-09,58738,2
ES,2015-01-09,85974,4
ES,2015-01-12,13950,2
ES,2015-01-12,49705,1
ES,2015-01-12,50393,5
ES,2015-01-12,58738,3
ES,2015-01-12,85974,4
ES,2015-01-13,13950,2
ES,2015-01-13,49705,1
ES,2015-01-13,50393,5
ES,2015-01-13,58738,3
ES,2015-01-13,85974,4
ES,2015-01-14,13950,3
ES,2015-01-14,49705,1
ES,2015-01-14,50393,5
ES,2015-01-14,58738,2
ES,2015-01-14,85974,4
ES,2015-01-15,13950,1
ES,2015-01-15,49705,2
ES,2015-01-15,50393,5
ES,2015-01-15,58738,3
ES,2015-01-15,85974,4
ES,2015-01-16,13950,2
ES,2015-01-16,49705,1
ES,2015-01-16,50393,5
ES,2015-01-16,58738,3
ES,2015-01-16,85974,4
ES,2015-01-20,13950,3
ES,2015-01-20,49705,2
ES,2015-01-20,50393,5
ES,2015-01-20,58738,1
ES,2015-01-20,85974,4
ES,2015-01-21,13950,2
ES,2015-01-21,49705,1
ES,2015-01-21,50393,5
ES,2015-01-21,58738,3
ES,2015-01-21,85974,4
ES,2015-01-22,13950,2
ES,2015-01-22,49705,1
ES,2015-01-22,50393,5
ES,2015-01-22,58738,3
ES,2015-01-22,85974,4
ES,2015-01-23,13950,2
ES,2015-01-23,49705,2
ES,2015-01-23,50393,4
ES,2015-01-23,58738,1
ES,2015-01-23,85974,3
ES,2015-01-26,13950,3
ES,2015-01-26,49705,1
ES,2015-01-26,50393,5
ES,2015-01-26,58738,2
ES,2015-01-26,85974,4
ES,2015-01-27,13950,3
ES,2015-01-27,49705,1
ES,2015-01-27,50393,5
ES,2015-01-27,58738,2
ES,2015-01-27,85974,4
ES,2015-01-28,13950,2
ES,2015-01-28,49705,1
ES,2015-01-28,50393,5
ES,2015-01-28,58738,3
ES,2015-01-28,85974,4
ES,2015-01-29,13950,3
ES,2015-01-29,49705,1
ES,2015-01-29,50393,5
ES,2015-01-29,58738,2
ES,2015-01-29,85974,4
ES,2015-01-30,13950,2
ES,2015-01-30,49705,1
ES,2015-01-30,50393,5
ES,2015-01-30,58738,3
ES,2015-01-30,85974,4
ES,2015-02-02,13950,2
ES,2015-02-02,49705,1
ES,2015-02-02,50393,4
ES,2015-02-02,58738,1
ES,2015-02-02,85974,3
ES,2015-02-03,13950,3
ES,2015-02-03,49705,1
ES,2015-02-03,50393,5
ES,2015-02-03,58738,2
ES,2015-02-03,85974,4
ES,2015-02-04,13950,3
ES,2015-02-04,49705,1
ES,2015-02-04,50393,5
ES,2015-02-04,58738,2
ES,2015-02-04,85974,4
ES,2015-02-05,13950,2
ES,2015-02-05,49705,1
ES,2015-02-05,50393,5
ES,2015-02-05,58738,3
ES,2015-02-05,85974,4
ES,2015-02-06,13950,1
ES,2015-02-06,49705,2
ES,2015-02-06,50393,5
ES,2015-02-06,58738,3
ES,2015-02-06,85974,4
ES,2015-02-09,13950,2
ES,2015-02-09,49705,1
ES,2015-02-09,50393,5
ES,2015-02-09,58738,3
ES,2015-02-09,85974,4
ES,2015-02-10,13950,2
ES,2015-02-10,49705,1
ES,2015-02-10,50393,5
ES,2015-02-10,58738,3
ES,2015-02-10,85974,4
ES,2015-02-11,13950,2
ES,2015-02-11,49705,1
ES,2015-02-11,50393,5
ES,2015-02-11,58738,3
ES,2015-02-11,85974,4
ES,2015-02-12,13950,3
ES,2015-02-12,49705,1
ES,2015-02-12,50393,5
ES,2015-02-12,58738,2
ES,2015-02-12,85974,4
ES,2015-02-13,13950,1
ES,2015-02-13,49705,1
ES,2015-02-13,50393,4
ES,2015-02-13,58738,2
ES,2015-02-13,85974,3
ES,2015-02-17,13950,2
ES,2015-02-17,49705,1
ES,2015-02-17,50393,5
ES,2015-02-17,58738,3
ES,2015-02-17,85974,4
ES,2015-02-18,13950,2
ES,2015-02-18,49705,1
ES,2015-02-18,50393,5
ES,2015-02-18,58738,3
ES,2015-02-18,85974,4
ES,2015-02-19,13950,1
ES,2015-02-19,49705,1
ES,2015-02-19,50393,4
ES,2015-02-19,58738,2
ES,2015-02-19,85974,3
ES,2015-02-20,13950,2
ES,2015-02-20,49705,1
ES,2015-02-20,50393,5
ES,2015-02-20,58738,3
ES,2015-02-20,85974,4
ES,2015-02-23,13950,2
ES,2015-02-23,49705,1
ES,2015-02-23,50393,5
ES,2015-02-23,58738,3
ES,2015-02-23,85974,4
ES,2015-02-24,13950,2
ES,2015-02-24,49705,1
ES,2015-02-24,50393,5
ES,2015-02-24,58738,3
ES,2015-02-24,85974,4
ES,2015-02-25,13950,1
ES,2015-02-25,49705,1
ES,2015-02-25,50393,4
ES,2015-02-25,58738,2
ES,2015-02-25,85974,3
ES,2015-02-26,13950,1
ES,2015-02-26,49705,1
ES,2015-02-26,50393,4
ES,2015-02-26,58738,2
ES,2015-02-26,85974,3
ES,2015-02-27,13950,2
ES,2015-02-27,49705,1
ES,2015-02-27,50393,5
ES,2015-02-27,58738,3
ES,2015-02-27,85974,4
ES,2015-03-02,13950,2
ES,2015-03-02,49705,1
ES,2015-03-02,50393,5
ES,2015-03-02,58738,3
ES,2015-03-02,85974,4
ES,2015-03-03,13950,1
ES,2015-03-03,49705,2
ES,2015-03-03,50393,5
ES,2015-03-03,58738,3
ES,2015-03-03,85974,4
ES,2015-03-04,13950,1
ES,2015-03-04,49705,1
ES,2015-03-04,50393,4
ES,2015-03-04,58738,2
ES,2015-03-04,85974,3
ES,2015-03-05,13950,1
ES,2015-03-05,49705,1
ES,2015-03-05,50393,4
ES,2015-03-05,58738,2
ES,2015-03-05,85974,3
ES,2015-03-06,13950,2
ES,2015-03-06,49705,1
ES,2015-03-06,50393,5
ES,2015-03-06,58738,3
ES,2015-03-06,85974,4
ES,2015-03-09,13950,2
ES,2015-03-09,49705,1
ES,2015-03-09,50393,5
ES,2015-03-09,58738,3
ES,2015-03-09,85974,4
ES,2015-03-10,6505,1
ES,2015-03-10,13950,3
ES,2015-03-10,49705,2
ES,2015-03-10,50393,6
ES,2015-03-10,58738,4
ES,2015-03-10,85974,5
ES,2015-03-11,13950,2
ES,2015-03-11,49705,1
ES,2015-03-11,50393,5
ES,2015-03-11,58738,3
ES,2015-03-11,85974,4
ES,2015-03-12,6505,1
ES,2015-03-12,13950,2
ES,2015-03-12,49705,1
ES,2015-03-12,50393,5
ES,2015-03-12,58738,3
ES,2015-03-12,85974,4
ES,2015-03-13,6505,1
ES,2015-03-13,13950,2
ES,2015-03-13,49705,1
ES,2015-03-13,50393,4
ES,2015-03-13,58738,3
ES,2015-03-13,85974,5
ES,2015-03-16,13950,2
ES,2015-03-16,49705,1
ES,2015-03-16,50393,4
ES,2015-03-16,58738,3
ES,2015-03-16,85974,5
ES,2015-03-17,6505,1
ES,2015-03-17,13950,3
ES,2015-03-17,49705,2
ES,2015-03-17,50393,5
ES,2015-03-17,58738,4
ES,2015-03-17,85974,6
ES,2015-03-18,6505,1
ES,2015-03-18,13950,2
ES,2015-03-18,49705,1
ES,2015-03-18,50393,4
ES,2015-03-18,58738,3
ES,2015-03-18,85974,5
ES,2015-03-19,6505,1
ES,2015-03-19,13950,2
ES,2015-03-19,49705,1
ES,2015-03-19,50393,4
ES,2015-03-19,58738,3
ES,2015-03-19,85974,5
ES,2015-03-20,6505,1
ES,2015-03-20,13950,3
ES,2015-03-20,49705,2
ES,2015-03-20,50393,5
ES,2015-03-20,58738,4
ES,2015-03-20,85974,6
ES,2015-03-23,6505,1
ES,2015-03-23,13950,3
ES,2015-03-23,49705,2
ES,2015-03-23,58738,4
ES,2015-03-23,85974,5
ES,2015-03-24,6505,1
ES,2015-03-24,13950,3
ES,2015-03-24,49705,2
ES,2015-03-24,58738,4
ES,2015-03-24,85974,5
ES,2015-03-25,6505,1
ES,2015-03-25,13950,3
ES,2015-03-25,49705,2
ES,2015-03-25,58738,4
ES,2015-03-25,85974,5
ES,2015-03-26,6505,1
ES,2015-03-26,13950,3
ES,2015-03-26,49705,2
ES,2015-03-26,58738,4
ES,2015-03-26,85974,5
ES,2015-03-27,6505,1
ES,2015-03-27,13950,3
ES,2015-03-27,49705,2
ES,2015-03-27,58738,4
ES,2015-03-27,85974,5
ES,2015-03-30,6505,1
ES,2015-03-30,13950,2
ES,2015-03-30,49705,3
ES,2015-03-30,58738,4
ES,2015-03-30,85974,5
ES,2015-03-31,6505,1
ES,2015-03-31,13950,3
ES,2015-03-31,49705,2
ES,2015-03-31,58738,4
ES,2015-03-31,85974,5
ES,2015-04-01,6505,1
ES,2015-04-01,13950,3
ES,2015-04-01,49705,2
ES,2015-04-01,58738,4
ES,2015-04-01,85974,5
ES,2015-04-02,6505,1
ES,2015-04-02,13950,2
ES,2015-04-02,49705,1
ES,2015-04-02,58738,3
ES,2015-04-02,85974,4
ES,2015-04-03,6505,1
ES,2015-04-03,13950,2
ES,2015-04-03,49705,1
ES,2015-04-03,58738,3
ES,2015-04-03,85974,4
ES,2015-04-06,6505,1
ES,2015-04-06,13950,3
ES,2015-04-06,49705,2
ES,2015-04-06,58738,4
ES,2015-04-06,85974,5
ES,2015-04-07,6505,1
ES,2015-04-07,13950,3
ES,2015-04-07,49705,2
ES,2015-04-07,58738,4
ES,2015-04-07,85974,5
ES,2015-04-08,6505,1
ES,2015-04-08,13950,3
ES,2015-04-08,49705,2
ES,2015-04-08,58738,4
ES,2015-04-08,85974,5
ES,2015-04-09,6505,1
ES,2015-04-09,13950,2
ES,2015-04-09,49705,1
ES,2015-04-09,58738,3
ES,2015-04-09,85974,4
ES,2015-04-10,6505,1
ES,2015-04-10,13950,3
ES,2015-04-10,49705,2
ES,2015-04-10,58738,4
ES,2015-04-10,85974,5
ES,2015-04-13,6505,1
ES,2015-04-13,13950,2
ES,2015-04-13,49705,1
ES,2015-04-13,58738,3
ES,2015-04-13,85974,4
ES,2015-04-14,6505,1
ES,2015-04-14,13950,3
ES,2015-04-14,49705,2
ES,2015-04-14,58738,4
ES,2015-04-14,85974,5
ES,2015-04-15,6505,1
ES,2015-04-15,13950,3
ES,2015-04-15,49705,2
ES,2015-04-15,58738,4
ES,2015-04-15,85974,5
ES,2015-04-16,6505,2
ES,2015-04-16,13950,3
ES,2015-04-16,49705,1
ES,2015-04-16,58738,4
ES,2015-04-16,85974,5
ES,2015-04-17,6505,1
ES,2015-04-17,13950,3
ES,2015-04-17,49705,2
ES,2015-04-17,58738,4
ES,2015-04-17,85974,5
ES,2015-04-20,6505,1
ES,2015-04-20,13950,3
ES,2015-04-20,49705,2
ES,2015-04-20,58738,4
ES,2015-04-20,85974,5
ES,2015-04-21,6505,1
ES,2015-04-21,13950,3
ES,2015-04-21,49705,2
ES,2015-04-21,58738,4
ES,2015-04-21,85974,5
ES,2015-04-22,6505,1
ES,2015-04-22,13950,3
ES,2015-04-22,49705,2
ES,2015-04-22,58738,4
ES,2015-04-22,85974,5
ES,2015-04-23,6505,1
ES,2015-04-23,13950,3
ES,2015-04-23,49705,2
ES,2015-04-23,58738,4
ES,2015-04-23,85974,5
ES,2015-04-24,6505,1
ES,2015-04-24,13950,3
ES,2015-04-24,49705,2
ES,2015-04-24,58738,4
ES,2015-04-24,85974,5
ES,2015-04-27,6505,1
ES,2015-04-27,13950,3
ES,2015-04-27,49705,2
ES,2015-04-27,58738,4
ES,2015-04-27,85974,5
ES,2015-04-28,6505,1
ES,2015-04-28,13950,3
ES,2015-04-28,49705,2
ES,2015-04-28,58738,4
ES,2015-04-28,85974,5
ES,2015-04-29,6505,1
ES,2015-04-29,13950,2
ES,2015-04-29,49705,1
ES,2015-04-29,58738,3
ES,2015-04-29,85974,4
ES,2015-04-30,6505,1
ES,2015-04-30,13950,3
ES,2015-04-30,49705,2
ES,2015-04-30,58738,4
ES,2015-04-30,85974,5
ES,2015-05-01,6505,1
ES,2015-05-01,13950,3
ES,2015-05-01,49705,2
ES,2015-05-01,58738,4
ES,2015-05-01,85974,5
ES,2015-05-04,6505,2
ES,2015-05-04,13950,3
ES,2015-05-04,49705,1
ES,2015-05-04,58738,4
ES,2015-05-04,85974,5
ES,2015-05-05,6505,1
ES,2015-05-05,13950,2
ES,2015-05-05,49705,1
ES,2015-05-05,58738,3
ES,2015-05-05,85974,4
ES,2015-05-06,6505,1
ES,2015-05-06,13950,3
ES,2015-05-06,49705,2
ES,2015-05-06,58738,4
ES,2015-05-06,85974,5
ES,2015-05-07,6505,1
ES,2015-05-07,13950,3
ES,2015-05-07,49705,2
ES,2015-05-07,58738,4
ES,2015-05-07,85974,5
ES,2015-05-08,6505,1
ES,2015-05-08,13950,3
ES,2015-05-08,49705,2
ES,2015-05-08,58738,4
ES,2015-05-08,85974,5
ES,2015-05-11,6505,2
ES,2015-05-11,13950,3
ES,2015-05-11,49705,1
ES,2015-05-11,58738,4
ES,2015-05-11,85974,5
ES,2015-05-12,6505,1
ES,2015-05-12,13950,3
ES,2015-05-12,49705,2
ES,2015-05-12,58738,4
ES,2015-05-12,85974,5
ES,2015-05-13,6505,1
ES,2015-05-13,13950,3
ES,2015-05-13,49705,2
ES,2015-05-13,58738,4
ES,2015-05-13,85974,5
ES,2015-05-14,6505,3
ES,2015-05-14,13950,2
ES,2015-05-14,49705,1
ES,2015-05-14,58738,4
ES,2015-05-14,85974,5
ES,2015-05-15,6505,1
ES,2015-05-15,13950,2
ES,2015-05-15,49705,1
ES,2015-05-15,58738,3
ES,2015-05-15,85974,4
ES,2015-05-18,6505,2
ES,2015-05-18,13950,3
ES,2015-05-18,49705,1
ES,2015-05-18,58738,4
ES,2015-05-18,85974,5
ES,2015-05-19,6505,2
ES,2015-05-19,13950,3
ES,2015-05-19,49705,1
ES,2015-05-19,58738,4
ES,2015-05-19,85974,5
ES,2015-05-20,6505,1
ES,2015-05-20,13950,3
ES,2015-05-20,49705,2
ES,2015-05-20,58738,4
ES,2015-05-20,85974,5
ES,2015-05-21,6505,2
ES,2015-05-21,13950,3
ES,2015-05-21,49705,1
ES,2015-05-21,58738,4
ES,2015-05-21,85974,5
ES,2015-05-22,6505,1
ES,2015-05-22,13950,2
ES,2015-05-22,49705,1
ES,2015-05-22,58738,3
ES,2015-05-22,85974,4
ES,2015-05-26,6505,1
ES,2015-05-26,13950,3
ES,2015-05-26,49705,2
ES,2015-05-26,58738,4
ES,2015-05-26,85974,5
ES,2015-05-27,6505,2
ES,2015-05-27,13950,3
ES,2015-05-27,49705,1
ES,2015-05-27,58738,4
ES,2015-05-27,85974,5
ES,2015-05-28,6505,1
ES,2015-05-28,13950,3
ES,2015-05-28,49705,2
ES,2015-05-28,58738,4
ES,2015-05-28,85974,5
ES,2015-05-29,6505,1
ES,2015-05-29,13950,3
ES,2015-05-29,49705,2
ES,2015-05-29,58738,4
ES,2015-05-29,85974,5
ES,2015-06-01,6505,1
ES,2015-06-01,13950,2
ES,2015-06-01,49705,1
ES,2015-06-01,58738,3
ES,2015-06-01,85974,4
ES,2015-06-02,6505,1
ES,2015-06-02,13950,2
ES,2015-06-02,49705,1
ES,2015-06-02,58738,3
ES,2015-06-02,85974,4
ES,2015-06-03,6505,1
ES,2015-06-03,13950,3
ES,2015-06-03,49705,2
ES,2015-06-03,58738,4
ES,2015-06-03,85974,5
ES,2015-06-04,6505,1
ES,2015-06-04,13950,3
ES,2015-06-04,49705,2
ES,2015-06-04,58738,4
ES,2015-06-04,85974,5
ES,2015-06-05,6505,1
ES,2015-06-05,13950,3
ES,2015-06-05,49705,2
ES,2015-06-05,58738,4
ES,2015-06-05,85974,5
ES,2015-06-08,6505,1
ES,2015-06-08,13950,3
ES,2015-06-08,49705,2
ES,2015-06-08,58738,4
ES,2015-06-08,85974,5
ES,2015-06-09,6505,1
ES,2015-06-09,13950,3
ES,2015-06-09,49705,2
ES,2015-06-09,58738,4
ES,2015-06-09,85974,5
ES,2015-06-10,6505,1
ES,2015-06-10,13950,2
ES,2015-06-10,49705,1
ES,2015-06-10,58738,3
ES,2015-06-10,85974,4
ES,2015-06-11,6505,1
ES,2015-06-11,13950,3
ES,2015-06-11,49705,2
ES,2015-06-11,58738,4
ES,2015-06-11,85974,5
ES,2015-06-12,6505,1
ES,2015-06-12,13950,3
ES,2015-06-12,49705,2
ES,2015-06-12,58738,5
ES,2015-06-12,85974,4
ES,2015-06-15,6505,1
ES,2015-06-15,13950,3
ES,2015-06-15,49705,2
ES,2015-06-15,58738,5
ES,2015-06-15,85974,4
ES,2015-06-16,6505,1
ES,2015-06-16,13950,3
ES,2015-06-16,49705,2
ES,2015-06-16,58738,5
ES,2015-06-16,85974,4
ES,2015-06-17,2615,1
ES,2015-06-17,6505,2
ES,2015-06-17,13950,4
ES,2015-06-17,49705,3
ES,2015-06-17,58738,6
ES,2015-06-17,85974,5
ES,2015-06-18,2615,1
ES,2015-06-18,6505,2
ES,2015-06-18,13950,4
ES,2015-06-18,49705,3
ES,2015-06-18,58738,6
ES,2015-06-18,85974,5
ES,2015-06-19,2615,1
ES,2015-06-19,6505,2
ES,2015-06-19,13950,4
ES,2015-06-19,49705,3
ES,2015-06-19,58738,6
ES,2015-06-19,85974,5
ES,2015-06-22,2615,1
ES,2015-06-22,6505,2
ES,2015-06-22,13950,4
ES,2015-06-22,49705,3
ES,2015-06-22,58738,5
ES,2015-06-23,2615,1
ES,2015-06-23,6505,1
ES,2015-06-23,13950,3
ES,2015-06-23,49705,2
ES,2015-06-23,58738,4
ES,2015-06-24,2615,1
ES,2015-06-24,6505,2
ES,2015-06-24,13950,4
ES,2015-06-24,49705,3
ES,2015-06-24,58738,5
ES,2015-06-25,2615,1
ES,2015-06-25,6505,2
ES,2015-06-25,13950,4
ES,2015-06-25,49705,3
ES,2015-06-25,58738,5
ES,2015-06-26,2615,1
ES,2015-06-26,6505,2
ES,2015-06-26,13950,4
ES,2015-06-26,49705,3
ES,2015-06-26,58738,5
ES,2015-06-29,2615,1
ES,2015-06-29,6505,2
ES,2015-06-29,13950,4
ES,2015-06-29,49705,3
ES,2015-06-29,58738,5
ES,2015-06-30,2615,1
ES,2015-06-30,6505,2
ES,2015-06-30,13950,4
ES,2015-06-30,49705,3
ES,2015-06-30,58738,5
ES,2015-07-01,2615,1
ES,2015-07-01,6505,2
ES,2015-07-01,13950,4
ES,2015-07-01,49705,3
ES,2015-07-01,58738,5
ES,2015-07-02,2615,1
ES,2015-07-02,6505,2
ES,2015-07-02,13950,3
ES,2015-07-02,49705,2
ES,2015-07-02,58738,4
ES,2015-07-03,2615,1
ES,2015-07-03,6505,1
ES,2015-07-03,13950,2
ES,2015-07-03,49705,1
ES,2015-07-03,58738,3
ES,2015-07-06,2615,1
ES,2015-07-06,6505,2
ES,2015-07-06,13950,4
ES,2015-07-06,49705,3
ES,2015-07-06,58738,5
ES,2015-07-07,2615,1
ES,2015-07-07,6505,2
ES,2015-07-07,13950,4
ES,2015-07-07,49705,3
ES,2015-07-07,58738,5
ES,2015-07-08,2615,1
ES,2015-07-08,6505,2
ES,2015-07-08,13950,4
ES,2015-07-08,49705,3
ES,2015-07-08,58738,5
ES,2015-07-09,2615,1
ES,2015-07-09,6505,2
ES,2015-07-09,13950,4
ES,2015-07-09,49705,3
ES,2015-07-09,58738,5
ES,2015-07-10,2615,1
ES,2015-07-10,6505,2
ES,2015-07-10,13950,4
ES,2015-07-10,49705,3
ES,2015-07-10,58738,5
ES,2015-07-13,2615,1
ES,2015-07-13,6505,2
ES,2015-07-13,13950,4
ES,2015-07-13,49705,3
ES,2015-07-13,58738,5
ES,2015-07-14,2615,2
ES,2015-07-14,6505,1
ES,2015-07-14,13950,3
ES,2015-07-14,49705,1
ES,2015-07-14,58738,4
ES,2015-07-15,2615,2
ES,2015-07-15,6505,1
ES,2015-07-15,13950,4
ES,2015-07-15,49705,3
ES,2015-07-15,58738,5
ES,2015-07-16,2615,1
ES,2015-07-16,6505,2
ES,2015-07-16,13950,4
ES,2015-07-16,49705,3
ES,2015-07-16,58738,5
ES,2015-07-17,2615,1
ES,2015-07-17,6505,2
ES,2015-07-17,13950,3
ES,2015-07-17,49705,2
ES,2015-07-17,58738,4
ES,2015-07-20,2615,1
ES,2015-07-20,6505,2
ES,2015-07-20,13950,4
ES,2015-07-20,49705,3
ES,2015-07-20,58738,5
ES,2015-07-21,2615,1
ES,2015-07-21,6505,1
ES,2015-07-21,13950,3
ES,2015-07-21,49705,2
ES,2015-07-21,58738,4
ES,2015-07-22,2615,2
ES,2015-07-22,6505,1
ES,2015-07-22,13950,4
ES,2015-07-22,49705,3
ES,2015-07-22,58738,5
ES,2015-07-23,2615,1
ES,2015-07-23,6505,2
ES,2015-07-23,13950,4
ES,2015-07-23,49705,3
ES,2015-07-23,58738,5
ES,2015-07-24,2615,2
ES,2015-07-24,6505,1
ES,2015-07-24,13950,4
ES,2015-07-24,49705,3
ES,2015-07-24,58738,5
ES,2015-07-27,2615,1
ES,2015-07-27,6505,2
ES,2015-07-27,13950,4
ES,2015-07-27,49705,3
ES,2015-07-27,58738,5
ES,2015-07-28,2615,1
ES,2015-07-28,6505,2
ES,2015-07-28,13950,4
ES,2015-07-28,49705,3
ES,2015-07-28,58738,5
ES,2015-07-29,2615,1
ES,2015-07-29,6505,1
ES,2015-07-29,13950,3
ES,2015-07-29,49705,2
ES,2015-07-29,58738,4
ES,2015-07-30,2615,1
ES,2015-07-30,6505,2
ES,2015-07-30,13950,4
ES,2015-07-30,49705,3
ES,2015-07-30,58738,5
ES,2015-07-31,2615,1
ES,2015-07-31,6505,2
ES,2015-07-31,13950,4
ES,2015-07-31,49705,3
ES,2015-07-31,58738,5
ES,2015-08-03,2615,1
ES,2015-08-03,6505,2
ES,2015-08-03,13950,4
ES,2015-08-03,49705,3
ES,2015-08-03,58738,5
ES,2015-08-04,2615,1
ES,2015-08-04,6505,2
ES,2015-08-04,13950,4
ES,2015-08-04,49705,3
ES,2015-08-04,58738,5
ES,2015-08-05,2615,1
ES,2015-08-05,6505,2
ES,2015-08-05,13950,4
ES,2015-08-05,49705,3
ES,2015-08-05,58738,5
ES,2015-08-06,2615,1
ES,2015-08-06,6505,2
ES,2015-08-06,13950,4
ES,2015-08-06,49705,3
ES,2015-08-06,58738,5
ES,2015-08-07,2615,1
ES,2015-08-07,6505,2
ES,2015-08-07,13950,4
ES,2015-08-07,49705,3
ES,2015-08-07,58738,5
ES,2015-08-10,2615,1
ES,2015-08-10,6505,2
ES,2015-08-10,13950,4
ES,2015-08-10,49705,3
ES,2015-08-10,58738,5
ES,2015-08-11,2615,1
ES,2015-08-11,6505,2
ES,2015-08-11,13950,4
ES,2015-08-11,49705,3
ES,2015-08-11,58738,5
ES,2015-08-12,2615,1
ES,2015-08-12,6505,2
ES,2015-08-12,13950,4
ES,2015-08-12,49705,3
ES,2015-08-12,58738,5
ES,2015-08-13,2615,1
ES,2015-08-13,6505,2
ES,2015-08-13,13950,4
ES,2015-08-13,49705,3
ES,2015-08-13,58738,5
ES,2015-08-14,2615,1
ES,2015-08-14,6505,2
ES,2015-08-14,13950,4
ES,2015-08-14,49705,3
ES,2015-08-14,58738,5
ES,2015-08-17,2615,1
ES,2015-08-17,6505,2
ES,2015-08-17,13950,4
ES,2015-08-17,49705,3
ES,2015-08-17,58738,5
ES,2015-08-18,2615,1
ES,2015-08-18,6505,2
ES,2015-08-18,13950,4
ES,2015-08-18,49705,3
ES,2015-08-18,58738,5
ES,2015-08-19,2615,1
ES,2015-08-19,6505,2
ES,2015-08-19,13950,4
ES,2015-08-19,49705,3
ES,2015-08-19,58738,5
ES,2015-08-20,2615,1
ES,2015-08-20,6505,2
ES,2015-08-20,13950,4
ES,2015-08-20,49705,3
ES,2015-08-20,58738,5
ES,2015-08-21,2615,1
ES,2015-08-21,6505,2
ES,2015-08-21,13950,4
ES,2015-08-21,49705,3
ES,2015-08-21,58738,5
ES,2015-08-24,2615,1
ES,2015-08-24,6505,2
ES,2015-08-24,13950,4
ES,2015-08-24,49705,3
ES,2015-08-24,58738,5
ES,2015-08-25,2615,1
ES,2015-08-25,6505,2
ES,2015-08-25,13950,4
ES,2015-08-25,49705,3
ES,2015-08-25,58738,5
ES,2015-08-26,2615,2
ES,2015-08-26,6505,1
ES,2015-08-26,13950,4
ES,2015-08-26,49705,3
ES,2015-08-26,58738,5
ES,2015-08-27,2615,1
ES,2015-08-27,6505,2
ES,2015-08-27,13950,4
ES,2015-08-27,49705,3
ES,2015-08-27,58738,5
ES,2015-08-28,2615,1
ES,2015-08-28,6505,2
ES,2015-08-28,13950,4
ES,2015-08-28,49705,3
ES,2015-08-28,58738,5
ES,2015-08-31,2615,1
ES,2015-08-31,6505,2
ES,2015-08-31,13950,4
ES,2015-08-31,49705,3
ES,2015-08-31,58738,5
ES,2015-09-01,2615,1
ES,2015-09-01,6505,2
ES,2015-09-01,13950,4
ES,2015-09-01,49705,3
ES,2015-09-01,58738,5
ES,2015-09-02,2615,1
ES,2015-09-02,6505,2
ES,2015-09-02,13950,4
ES,2015-09-02,49705,3
ES,2015-09-02,58738,5
ES,2015-09-03,2615,1
ES,2015-09-03,6505,2
ES,2015-09-03,13950,4
ES,2015-09-03,49705,3
ES,2015-09-03,58738,5
ES,2015-09-04,2615,1
ES,2015-09-04,6505,2
ES,2015-09-04,13950,4
ES,2015-09-04,49705,3
ES,2015-09-04,58738,5
ES,2015-09-08,2615,3
ES,2015-09-08,2928,1
ES,2015-09-08,6505,2
ES,2015-09-08,13950,5
ES,2015-09-08,49705,4
ES,2015-09-08,58738,6
ES,2015-09-09,2615,1
ES,2015-09-09,2928,1
ES,2015-09-09,6505,2
ES,2015-09-09,13950,4
ES,2015-09-09,49705,3
ES,2015-09-09,58738,5
ES,2015-09-10,2615,1
ES,2015-09-10,2928,1
ES,2015-09-10,6505,2
ES,2015-09-10,13950,4
ES,2015-09-10,49705,3
ES,2015-09-10,58738,5
ES,2015-09-11,2615,1
ES,2015-09-11,6505,2
ES,2015-09-11,13950,5
ES,2015-09-11,49705,3
ES,2015-09-11,58738,4
ES,2015-09-14,2615,1
ES,2015-09-14,6505,2
ES,2015-09-14,13950,5
ES,2015-09-14,49705,3
ES,2015-09-14,58738,4
ES,2015-09-15,2615,2
ES,2015-09-15,2928,1
ES,2015-09-15,6505,3
ES,2015-09-15,13950,6
ES,2015-09-15,49705,4
ES,2015-09-15,58738,5
ES,2015-09-16,2615,1
ES,2015-09-16,6505,2
ES,2015-09-16,13950,5
ES,2015-09-16,49705,3
ES,2015-09-16,58738,4
ES,2015-09-17,2615,2
ES,2015-09-17,2928,1
ES,2015-09-17,6505,3
ES,2015-09-17,13950,6
ES,2015-09-17,49705,4
ES,2015-09-17,58738,5
ES,2015-09-18,2615,2
ES,2015-09-18,2928,1
ES,2015-09-18,6505,3
ES,2015-09-18,13950,5
ES,2015-09-18,49705,4
ES,2015-09-21,2615,1
ES,2015-09-21,2928,2
ES,2015-09-21,6505,3
ES,2015-09-21,13950,5
ES,2015-09-21,49705,4
ES,2015-09-22,2615,1
ES,2015-09-22,2928,1
ES,2015-09-22,6505,2
ES,2015-09-22,13950,4
ES,2015-09-22,49705,3
ES,2015-09-23,2615,1
ES,2015-09-23,2928,1
ES,2015-09-23,6505,2
ES,2015-09-23,13950,4
ES,2015-09-23,49705,3
ES,2015-09-24,2615,2
ES,2015-09-24,2928,1
ES,2015-09-24,6505,3
ES,2015-09-24,13950,5
ES,2015-09-24,49705,4
ES,2015-09-25,2615,2
ES,2015-09-25,2928,1
ES,2015-09-25,6505,3
ES,2015-09-25,13950,5
ES,2015-09-25,49705,4
ES,2015-09-28,2615,2
ES,2015-09-28,2928,1
ES,2015-09-28,6505,3
ES,2015-09-28,13950,5
ES,2015-09-28,49705,4
ES,2015-09-29,2615,1
ES,2015-09-29,2928,2
ES,2015-09-29,6505,3
ES,2015-09-29,13950,5
ES,2015-09-29,49705,4
ES,2015-09-30,2615,1
ES,2015-09-30,2928,1
ES,2015-09-30,6505,2
ES,2015-09-30,13950,4
ES,2015-09-30,49705,3
ES,2015-10-01,2615,2
ES,2015-10-01,2928,1
ES,2015-10-01,6505,3
ES,2015-10-01,13950,5
ES,2015-10-01,49705,4
ES,2015-10-02,2615,2
ES,2015-10-02,2928,1
ES,2015-10-02,6505,3
ES,2015-10-02,13950,5
ES,2015-10-02,49705,4
ES,2015-10-05,2615,2
ES,2015-10-05,2928,1
ES,2015-10-05,6505,3
ES,2015-10-05,13950,5
ES,2015-10-05,49705,4
ES,2015-10-06,2615,2
ES,2015-10-06,2928,1
ES,2015-10-06,6505,3
ES,2015-10-06,13950,5
ES,2015-10-06,49705,4
ES,2015-10-07,2615,2
ES,2015-10-07,2928,1
ES,2015-10-07,6505,3
ES,2015-10-07,13950,5
ES,2015-10-07,49705,4
ES,2015-10-08,2615,2
ES,2015-10-08,2928,1
ES,2015-10-08,6505,3
ES,2015-10-08,13950,5
ES,2015-10-08,49705,4
ES,2015-10-09,2615,1
ES,2015-10-09,2928,1
ES,2015-10-09,6505,2
ES,2015-10-09,13950,4
ES,2015-10-09,49705,3
ES,2015-10-12,2615,2
ES,2015-10-12,2928,1
ES,2015-10-12,6505,3
ES,2015-10-12,13950,5
ES,2015-10-12,49705,4
ES,2015-10-13,2615,1
ES,2015-10-13,2928,1
ES,2015-10-13,6505,2
ES,2015-10-13,13950,4
ES,2015-10-13,49705,3
ES,2015-10-14,2615,2
ES,2015-10-14,2928,1
ES,2015-10-14,6505,3
ES,2015-10-14,13950,5
ES,2015-10-14,49705,4
ES,2015-10-15,2615,2
ES,2015-10-15,2928,1
ES,2015-10-15,6505,3
ES,2015-10-15,13950,5
ES,2015-10-15,49705,4
ES,2015-10-16,2615,2
ES,2015-10-16,2928,1
ES,2015-10-16,6505,3
ES,2015-10-16,13950,5
ES,2015-10-16,49705,4
ES,2015-10-19,2615,2
ES,2015-10-19,2928,1
ES,2015-10-19,6505,3
ES,2015-10-19,13950,5
ES,2015-10-19,49705,4
ES,2015-10-20,2615,2
ES,2015-10-20,2928,1
ES,2015-10-20,6505,3
ES,2015-10-20,13950,5
ES,2015-10-20,49705,4
ES,2015-10-21,2615,1
ES,2015-10-21,2928,2
ES,2015-10-21,6505,3
ES,2015-10-21,13950,5
ES,2015-10-21,49705,4
ES,2015-10-22,2615,2
ES,2015-10-22,2928,1
ES,2015-10-22,6505,3
ES,2015-10-22,13950,5
ES,2015-10-22,49705,4
ES,2015-10-23,2615,2
ES,2015-10-23,2928,1
ES,2015-10-23,6505,3
ES,2015-10-23,13950,5
ES,2015-10-23,49705,4
ES,2015-10-26,2615,1
ES,2015-10-26,2928,1
ES,2015-10-26,6505,2
ES,2015-10-26,13950,4
ES,2015-10-26,49705,3
ES,2015-10-27,2615,1
ES,2015-10-27,2928,2
ES,2015-10-27,6505,3
ES,2015-10-27,13950,5
ES,2015-10-27,49705,4
ES,2015-10-28,2615,2
ES,2015-10-28,2928,1
ES,2015-10-28,6505,3
ES,2015-10-28,13950,5
ES,2015-10-28,49705,4
ES,2015-10-29,2615,1
ES,2015-10-29,2928,1
ES,2015-10-29,6505,2
ES,2015-10-29,13950,4
ES,2015-10-29,49705,3
ES,2015-10-30,2615,2
ES,2015-10-30,2928,1
ES,2015-10-30,6505,3
ES,2015-10-30,13950,5
ES,2015-10-30,49705,4
ES,2015-11-02,2615,2
ES,2015-11-02,2928,1
ES,2015-11-02,6505,3
ES,2015-11-02,13950,5
ES,2015-11-02,49705,4
ES,2015-11-03,2615,2
ES,2015-11-03,2928,1
ES,2015-11-03,6505,3
ES,2015-11-03,13950,5
ES,2015-11-03,49705,4
ES,2015-11-04,2615,1
ES,2015-11-04,2928,1
ES,2015-11-04,6505,2
ES,2015-11-04,13950,4
ES,2015-11-04,49705,3
ES,2015-11-05,2615,2
ES,2015-11-05,2928,1
ES,2015-11-05,6505,3
ES,2015-11-05,13950,5
ES,2015-11-05,49705,4
ES,2015-11-06,2615,2
ES,2015-11-06,2928,1
ES,2015-11-06,6505,3
ES,2015-11-06,13950,5
ES,2015-11-06,49705,4
ES,2015-11-09,2615,1
ES,2015-11-09,2928,2
ES,2015-11-09,6505,3
ES,2015-11-09,13950,5
ES,2015-11-09,49705,4
ES,2015-11-10,2615,2
ES,2015-11-10,2928,1
ES,2015-11-10,6505,3
ES,2015-11-10,13950,5
ES,2015-11-10,49705,4
ES,2015-11-11,2615,1
ES,2015-11-11,2928,1
ES,2015-11-11,6505,2
ES,2015-11-11,13950,4
ES,2015-11-11,49705,3
ES,2015-11-12,2615,1
ES,2015-11-12,2928,2
ES,2015-11-12,6505,3
ES,2015-11-12,13950,5
ES,2015-11-12,49705,4
ES,2015-11-13,2615,2
ES,2015-11-13,2928,1
ES,2015-11-13,6505,3
ES,2015-11-13,13950,5
ES,2015-11-13,49705,4
ES,2015-11-16,2615,2
ES,2015-11-16,2928,1
ES,2015-11-16,6505,3
ES,2015-11-16,13950,5
ES,2015-11-16,49705,4
ES,2015-11-17,2615,2
ES,2015-11-17,2928,1
ES,2015-11-17,6505,3
ES,2015-11-17,13950,5
ES,2015-11-17,49705,4
ES,2015-11-18,2615,1
ES,2015-11-18,2928,1
ES,2015-11-18,6505,2
ES,2015-11-18,13950,4
ES,2015-11-18,49705,3
ES,2018-02-23,16114,2
ES,2018-02-23,18720,1
ES,2018-02-23,21168,5
ES,2018-02-23,23252,4
ES,2018-02-23,57287,3
ES,2023-07-15,4916,1
ES,2024-12-07,42004134,1
ES,2026-10-02,10252,4
ES,2026-10-02,17740,1
ES,2026-10-02,42000746,1
ES,2026-10-02,42000977,1
ES,2026-10-02,42002687,1
ES,2026-10-02,42004092,1
ES,2026-10-02,42004134,1
ES,2026-10-02,42004613,1
ES,2026-10-02,42004653,1
ES,2026-10-02,42004833,1
ES,2026-10-02,42005050,1
ES,2026-10-02,42018369,1
ES,2026-10-02,42031296,1
ES,2026-10-02,42033138,1
ES,2026-10-02,42043646,1
ES,2026-10-02,42140856,2
ES,2026-10-02,42140860,3
ES,2026-10-02,42140861,1
ES,2026-10-02,42140863,1
ES,2026-10-02,42140874,1
ES,2026-10-02,42140879,1
ZN,2010-06-04,44395,1
ZN,2010-06-04,83568,1
ZN,2010-06-04,116177,1
ZN,2010-06-04,713381,1
ZN,2010-06-04,816003,1
ZN,2010-06-07,44395,2
ZN,2010-06-07,83568,1
ZN,2010-06-07,116177,1
ZN,2010-06-07,713381,3
ZN,2010-06-07,816003,4
ZN,2010-06-08,44395,1
ZN,2010-06-08,83568,1
ZN,2010-06-08,116177,1
ZN,2010-06-08,713381,2
ZN,2010-06-08,816003,3
ZN,2010-06-09,44395,1
ZN,2010-06-09,83568,1
ZN,2010-06-09,116177,1
ZN,2010-06-09,713381,2
ZN,2010-06-09,816003,3
ZN,2010-06-10,44395,1
ZN,2010-06-10,83568,1
ZN,2010-06-10,116177,1
ZN,2010-06-10,713381,2
ZN,2010-06-10,816003,3
ZN,2010-06-11,44395,1
ZN,2010-06-11,83568,1
ZN,2010-06-11,116177,1
ZN,2010-06-11,713381,2
ZN,2010-06-11,816003,3
ZN,2010-06-14,44395,2
ZN,2010-06-14,83568,1
ZN,2010-06-14,116177,1
ZN,2010-06-14,713381,3
ZN,2010-06-14,816003,4
ZN,2010-06-15,44395,2
ZN,2010-06-15,83568,1
ZN,2010-06-15,116177,1
ZN,2010-06-15,713381,3
ZN,2010-06-15,816003,4
ZN,2010-06-16,44395,1
ZN,2010-06-16,83568,1
ZN,2010-06-16,116177,1
ZN,2010-06-16,713381,2
ZN,2010-06-16,816003,3
ZN,2010-06-17,44395,2
ZN,2010-06-17,83568,1
ZN,2010-06-17,116177,1
ZN,2010-06-17,713381,3
ZN,2010-06-17,816003,4
ZN,2010-06-18,44395,2
ZN,2010-06-18,83568,1
ZN,2010-06-18,116177,1
ZN,2010-06-18,713381,3
ZN,2010-06-18,816003,4
ZN,2010-06-21,44395,2
ZN,2010-06-21,83568,1
ZN,2010-06-21,116177,1
ZN,2010-06-21,133520,1
ZN,2010-06-21,713381,3
ZN,2010-06-21,816003,4
ZN,2010-06-22,44395,2
ZN,2010-06-22,83568,1
ZN,2010-06-22,116177,1
ZN,2010-06-22,133520,1
ZN,2010-06-22,816003,3
ZN,2010-06-23,44395,3
ZN,2010-06-23,83568,1
ZN,2010-06-23,116177,2
ZN,2010-06-23,133520,1
ZN,2010-06-23,816003,4
ZN,2010-06-24,44395,4
ZN,2010-06-24,83568,3
ZN,2010-06-24,116177,2
ZN,2010-06-24,133520,1
ZN,2010-06-24,816003,5
ZN,2010-06-25,44395,2
ZN,2010-06-25,83568,1
ZN,2010-06-25,116177,1
ZN,2010-06-25,133520,1
ZN,2010-06-25,816003,3
ZN,2010-06-28,44395,4
ZN,2010-06-28,83568,3
ZN,2010-06-28,116177,2
ZN,2010-06-28,133520,1
ZN,2010-06-28,816003,5
ZN,2010-06-29,44395,3
ZN,2010-06-29,83568,2
ZN,2010-06-29,116177,2
ZN,2010-06-29,133520,1
ZN,2010-06-29,816003,4
ZN,2010-06-30,44395,4
ZN,2010-06-30,83568,2
ZN,2010-06-30,116177,3
ZN,2010-06-30,133520,1
ZN,2010-06-30,816003,5
ZN,2010-07-01,44395,2
ZN,2010-07-01,83568,1
ZN,2010-07-01,116177,1
ZN,2010-07-01,133520,1
ZN,2010-07-01,816003,3
ZN,2010-07-02,44395,2
ZN,2010-07-02,83568,1
ZN,2010-07-02,116177,1
ZN,2010-07-02,133520,1
ZN,2010-07-02,816003,3
ZN,2010-07-06,44395,3
ZN,2010-07-06,83568,1
ZN,2010-07-06,116177,2
ZN,2010-07-06,133520,1
ZN,2010-07-06,816003,4
ZN,2010-07-07,44395,2
ZN,2010-07-07,83568,1
ZN,2010-07-07,116177,1
ZN,2010-07-07,133520,1
ZN,2010-07-07,816003,3
ZN,2010-07-08,44395,3
ZN,2010-07-08,83568,1
ZN,2010-07-08,116177,2
ZN,2010-07-08,133520,1
ZN,2010-07-08,816003,4
ZN,2010-07-09,44395,2
ZN,2010-07-09,83568,1
ZN,2010-07-09,116177,1
ZN,2010-07-09,133520,1
ZN,2010-07-09,816003,3
ZN,2010-07-12,44395,3
ZN,2010-07-12,83568,2
ZN,2010-07-12,116177,1
ZN,2010-07-12,133520,1
ZN,2010-07-12,816003,4
ZN,2010-07-13,44395,2
ZN,2010-07-13,83568,1
ZN,2010-07-13,116177,1
ZN,2010-07-13,133520,1
ZN,2010-07-13,816003,3
ZN,2010-07-14,44395,3
ZN,2010-07-14,83568,2
ZN,2010-07-14,116177,1
ZN,2010-07-14,133520,1
ZN,2010-07-14,816003,4
ZN,2010-07-15,44395,4
ZN,2010-07-15,83568,3
ZN,2010-07-15,116177,2
ZN,2010-07-15,133520,1
ZN,2010-07-15,816003,5
ZN,2010-07-16,44395,2
ZN,2010-07-16,83568,1
ZN,2010-07-16,116177,1
ZN,2010-07-16,133520,1
ZN,2010-07-16,816003,3
ZN,2010-07-19,44395,2
ZN,2010-07-19,83568,1
ZN,2010-07-19,116177,1
ZN,2010-07-19,133520,1
ZN,2010-07-19,816003,3
ZN,2010-07-20,44395,2
ZN,2010-07-20,83568,1
ZN,2010-07-20,116177,1
ZN,2010-07-20,133520,1
ZN,2010-07-20,816003,3
ZN,2010-07-21,44395,3
ZN,2010-07-21,83568,2
ZN,2010-07-21,116177,2
ZN,2010-07-21,133520,1
ZN,2010-07-21,816003,4
ZN,2010-07-22,44395,2
ZN,2010-07-22,83568,1
ZN,2010-07-22,116177,1
ZN,2010-07-22,133520,1
ZN,2010-07-22,816003,3
ZN,2010-07-23,44395,3
ZN,2010-07-23,83568,2
ZN,2010-07-23,116177,1
ZN,2010-07-23,133520,1
ZN,2010-07-23,816003,4
ZN,2010-07-26,44395,2
ZN,2010-07-26,83568,1
ZN,2010-07-26,116177,1
ZN,2010-07-26,133520,1
ZN,2010-07-26,816003,3
ZN,2010-07-27,44395,2
ZN,2010-07-27,83568,1
ZN,2010-07-27,116177,1
ZN,2010-07-27,133520,1
ZN,2010-07-27,816003,3
ZN,2010-07-28,44395,2
ZN,2010-07-28,83568,1
ZN,2010-07-28,116177,1
ZN,2010-07-28,133520,1
ZN,2010-07-28,816003,3
ZN,2010-07-29,44395,3
ZN,2010-07-29,83568,2
ZN,2010-07-29,116177,1
ZN,2010-07-29,133520,1
ZN,2010-07-29,816003,4
ZN,2010-07-30,44395,2
ZN,2010-07-30,83568,1
ZN,2010-07-30,116177,1
ZN,2010-07-30,133520,1
ZN,2010-07-30,816003,3
ZN,2010-08-02,44395,2
ZN,2010-08-02,83568,1
ZN,2010-08-02,116177,1
ZN,2010-08-02,133520,1
ZN,2010-08-02,816003,3
ZN,2010-08-03,44395,2
ZN,2010-08-03,83568,1
ZN,2010-08-03,116177,1
ZN,2010-08-03,133520,1
ZN,2010-08-03,816003,3
ZN,2010-08-04,44395,3
ZN,2010-08-04,83568,2
ZN,2010-08-04,116177,1
ZN,2010-08-04,133520,1
ZN,2010-08-04,816003,4
ZN,2010-08-05,44395,3
ZN,2010-08-05,83568,2
ZN,2010-08-05,116177,1
ZN,2010-08-05,133520,1
ZN,2010-08-05,816003,4
ZN,2010-08-06,44395,2
ZN,2010-08-06,83568,1
ZN,2010-08-06,116177,1
ZN,2010-08-06,133520,1
ZN,2010-08-06,816003,3
ZN,2010-08-09,44395,3
ZN,2010-08-09,83568,2
ZN,2010-08-09,116177,1
ZN,2010-08-09,133520,1
ZN,2010-08-09,816003,4
ZN,2010-08-10,44395,3
ZN,2010-08-10,83568,2
ZN,2010-08-10,116177,1
ZN,2010-08-10,133520,1
ZN,2010-08-10,816003,4
ZN,2010-08-11,44395,2
ZN,2010-08-11,83568,1
ZN,2010-08-11,116177,1
ZN,2010-08-11,133520,1
ZN,2010-08-11,816003,3
ZN,2010-08-12,44395,2
ZN,2010-08-12,83568,1
ZN,2010-08-12,116177,1
ZN,2010-08-12,133520,1
ZN,2010-08-12,816003,3
ZN,2010-08-13,44395,3
ZN,2010-08-13,83568,2
ZN,2010-08-13,116177,1
ZN,2010-08-13,133520,1
ZN,2010-08-13,816003,4
ZN,2010-08-16,44395,3
ZN,2010-08-16,83568,2
ZN,2010-08-16,116177,1
ZN,2010-08-16,133520,1
ZN,2010-08-16,816003,4
ZN,2010-08-17,44395,3
ZN,2010-08-17,83568,2
ZN,2010-08-17,116177,1
ZN,2010-08-17,133520,1
ZN,2010-08-17,816003,4
ZN,2010-08-18,44395,2
ZN,2010-08-18,83568,1
ZN,2010-08-18,116177,1
ZN,2010-08-18,133520,1
ZN,2010-08-18,816003,3
ZN,2010-08-19,44395,2
ZN,2010-08-19,83568,1
ZN,2010-08-19,116177,1
ZN,2010-08-19,133520,1
ZN,2010-08-19,816003,3
ZN,2010-08-20,44395,2
ZN,2010-08-20,83568,1
ZN,2010-08-20,116177,1
ZN,2010-08-20,133520,1
ZN,2010-08-20,816003,3
ZN,2010-08-23,44395,3
ZN,2010-08-23,83568,2
ZN,2010-08-23,116177,1
ZN,2010-08-23,133520,1
ZN,2010-08-23,816003,4
ZN,2010-08-24,44395,3
ZN,2010-08-24,83568,2
ZN,2010-08-24,116177,1
ZN,2010-08-24,133520,1
ZN,2010-08-24,816003,4
ZN,2010-08-25,44395,3
ZN,2010-08-25,83568,2
ZN,2010-08-25,116177,1
ZN,2010-08-25,133520,1
ZN,2010-08-25,816003,4
ZN,2010-08-26,44395,2
ZN,2010-08-26,83568,1
ZN,2010-08-26,116177,1
ZN,2010-08-26,133520,1
ZN,2010-08-26,816003,3
ZN,2010-08-27,44395,3
ZN,2010-08-27,83568,2
ZN,2010-08-27,116177,1
ZN,2010-08-27,133520,1
ZN,2010-08-27,816003,4
ZN,2010-08-30,44395,2
ZN,2010-08-30,83568,1
ZN,2010-08-30,116177,1
ZN,2010-08-30,133520,1
ZN,2010-08-30,816003,3
ZN,2010-08-31,44395,4
ZN,2010-08-31,83568,2
ZN,2010-08-31,116177,1
ZN,2010-08-31,133520,1
ZN,2010-08-31,816003,3
ZN,2010-09-01,44395,4
ZN,2010-09-01,83568,2
ZN,2010-09-01,116177,1
ZN,2010-09-01,133520,1
ZN,2010-09-01,816003,3
ZN,2010-09-02,44395,4
ZN,2010-09-02,83568,2
ZN,2010-09-02,116177,1
ZN,2010-09-02,133520,1
ZN,2010-09-02,816003,3
ZN,2010-09-03,44395,4
ZN,2010-09-03,83568,2
ZN,2010-09-03,116177,1
ZN,2010-09-03,133520,1
ZN,2010-09-03,816003,3
ZN,2010-09-07,44395,4
ZN,2010-09-07,83568,2
ZN,2010-09-07,116177,1
ZN,2010-09-07,133520,1
ZN,2010-09-07,816003,3
ZN,2010-09-08,44395,4
ZN,2010-09-08,83568,2
ZN,2010-09-08,116177,1
ZN,2010-09-08,133520,1
ZN,2010-09-08,816003,3
ZN,2010-09-09,44395,4
ZN,2010-09-09,83568,2
ZN,2010-09-09,116177,1
ZN,2010-09-09,133520,1
ZN,2010-09-09,816003,3
ZN,2010-09-10,44395,4
ZN,2010-09-10,83568,2
ZN,2010-09-10,116177,1
ZN,2010-09-10,133520,1
ZN,2010-09-10,816003,3
ZN,2010-09-13,44395,4
ZN,2010-09-13,83568,2
ZN,2010-09-13,116177,1
ZN,2010-09-13,133520,1
ZN,2010-09-13,816003,3
ZN,2010-09-14,44395,4
ZN,2010-09-14,83568,2
ZN,2010-09-14,116177,1
ZN,2010-09-14,133520,1
ZN,2010-09-14,816003,3
ZN,2010-09-15,44395,4
ZN,2010-09-15,83568,2
ZN,2010-09-15,116177,1
ZN,2010-09-15,133520,1
ZN,2010-09-15,816003,3
ZN,2010-09-16,44395,4
ZN,2010-09-16,83568,2
ZN,2010-09-16,116177,1
ZN,2010-09-16,133520,1
ZN,2010-09-16,816003,3
ZN,2010-09-17,44395,3
ZN,2010-09-17,83568,1
ZN,2010-09-17,116177,1
ZN,2010-09-17,133520,1
ZN,2010-09-17,816003,2
ZN,2010-09-20,44395,4
ZN,2010-09-20,83568,2
ZN,2010-09-20,116177,1
ZN,2010-09-20,133520,1
ZN,2010-09-20,816003,3
ZN,2010-09-21,44395,4
ZN,2010-09-21,83568,2
ZN,2010-09-21,116177,1
ZN,2010-09-21,133520,1
ZN,2010-09-21,578198,1
ZN,2010-09-21,816003,3
ZN,2010-09-22,44395,3
ZN,2010-09-22,83568,2
ZN,2010-09-22,116177,1
ZN,2010-09-22,133520,1
ZN,2010-09-22,578198,1
ZN,2010-09-23,44395,3
ZN,2010-09-23,83568,2
ZN,2010-09-23,116177,1
ZN,2010-09-23,133520,1
ZN,2010-09-23,578198,1
ZN,2010-09-24,44395,4
ZN,2010-09-24,83568,3
ZN,2010-09-24,116177,2
ZN,2010-09-24,133520,1
ZN,2010-09-24,578198,1
ZN,2010-09-27,44395,4
ZN,2010-09-27,83568,3
ZN,2010-09-27,116177,2
ZN,2010-09-27,133520,1
ZN,2010-09-27,578198,1
ZN,2010-09-28,44395,3
ZN,2010-09-28,83568,2
ZN,2010-09-28,116177,2
ZN,2010-09-28,133520,1
ZN,2010-09-28,578198,1
ZN,2010-09-29,44395,4
ZN,2010-09-29,83568,2
ZN,2010-09-29,116177,3
ZN,2010-09-29,133520,1
ZN,2010-09-29,578198,1
ZN,2010-09-30,44395,4
ZN,2010-09-30,83568,3
ZN,2010-09-30,116177,2
ZN,2010-09-30,133520,1
ZN,2010-09-30,578198,1
ZN,2010-10-01,44395,3
ZN,2010-10-01,83568,2
ZN,2010-10-01,116177,1
ZN,2010-10-01,133520,1
ZN,2010-10-01,578198,1
ZN,2010-10-04,44395,3
ZN,2010-10-04,83568,2
ZN,2010-10-04,116177,1
ZN,2010-10-04,133520,1
ZN,2010-10-04,578198,1
ZN,2010-10-05,44395,4
ZN,2010-10-05,83568,3
ZN,2010-10-05,116177,2
ZN,2010-10-05,133520,1
ZN,2010-10-05,578198,1
ZN,2010-10-06,44395,4
ZN,2010-10-06,83568,2
ZN,2010-10-06,116177,3
ZN,2010-10-06,133520,1
ZN,2010-10-06,578198,1
ZN,2010-10-07,44395,4
ZN,2010-10-07,83568,3
ZN,2010-10-07,116177,2
ZN,2010-10-07,133520,1
ZN,2010-10-07,578198,1
ZN,2010-10-08,44395,3
ZN,2010-10-08,83568,2
ZN,2010-10-08,116177,1
ZN,2010-10-08,133520,1
ZN,2010-10-08,578198,1
ZN,2010-10-11,44395,4
ZN,2010-10-11,83568,3
ZN,2010-10-11,116177,2
ZN,2010-10-11,133520,1
ZN,2010-10-11,578198,1
ZN,2010-10-12,44395,4
ZN,2010-10-12,83568,3
ZN,2010-10-12,116177,2
ZN,2010-10-12,133520,1
ZN,2010-10-12,578198,1
ZN,2010-10-13,44395,4
ZN,2010-10-13,83568,3
ZN,2010-10-13,116177,2
ZN,2010-10-13,133520,1
ZN,2010-10-13,578198,1
ZN,2010-10-14,44395,4
ZN,2010-10-14,83568,3
ZN,2010-10-14,116177,2
ZN,2010-10-14,133520,1
ZN,2010-10-14,578198,1
ZN,2010-10-15,44395,3
ZN,2010-10-15,83568,2
ZN,2010-10-15,116177,1
ZN,2010-10-15,133520,1
ZN,2010-10-15,578198,1
ZN,2010-10-18,44395,3
ZN,2010-10-18,83568,2
ZN,2010-10-18,116177,1
ZN,2010-10-18,133520,1
ZN,2010-10-18,578198,1
ZN,2010-10-19,44395,4
ZN,2010-10-19,83568,3
ZN,2010-10-19,116177,2
ZN,2010-10-19,133520,1
ZN,2010-10-19,578198,1
ZN,2010-10-20,44395,4
ZN,2010-10-20,83568,3
ZN,2010-10-20,116177,2
ZN,2010-10-20,133520,1
ZN,2010-10-20,578198,1
ZN,2010-10-21,44395,3
ZN,2010-10-21,83568,2
ZN,2010-10-21,116177,1
ZN,2010-10-21,133520,1
ZN,2010-10-21,578198,1
ZN,2010-10-22,44395,3
ZN,2010-10-22,83568,2
ZN,2010-10-22,116177,1
ZN,2010-10-22,133520,1
ZN,2010-10-22,578198,1
ZN,2010-10-25,44395,4
ZN,2010-10-25,83568,3
ZN,2010-10-25,116177,2
ZN,2010-10-25,133520,1
ZN,2010-10-25,578198,1
ZN,2010-10-26,44395,4
ZN,2010-10-26,83568,3
ZN,2010-10-26,116177,2
ZN,2010-10-26,133520,1
ZN,2010-10-26,578198,1
ZN,2010-10-27,44395,3
ZN,2010-10-27,83568,2
ZN,2010-10-27,116177,1
ZN,2010-10-27,133520,1
ZN,2010-10-27,578198,1
ZN,2010-10-28,44395,4
ZN,2010-10-28,83568,3
ZN,2010-10-28,116177,2
ZN,2010-10-28,133520,1
ZN,2010-10-28,578198,1
ZN,2010-10-29,44395,3
ZN,2010-10-29,83568,2
ZN,2010-10-29,116177,1
ZN,2010-10-29,133520,1
ZN,2010-10-29,578198,1
ZN,2010-11-01,44395,4
ZN,2010-11-01,83568,3
ZN,2010-11-01,116177,2
ZN,2010-11-01,133520,1
ZN,2010-11-01,578198,1
ZN,2010-11-02,44395,3
ZN,2010-11-02,83568,2
ZN,2010-11-02,116177,1
ZN,2010-11-02,133520,1
ZN,2010-11-02,578198,1
ZN,2010-11-03,44395,5
ZN,2010-11-03,83568,4
ZN,2010-11-03,116177,2
ZN,2010-11-03,133520,1
ZN,2010-11-03,578198,3
ZN,2010-11-04,44395,4
ZN,2010-11-04,83568,3
ZN,2010-11-04,116177,2
ZN,2010-11-04,133520,1
ZN,2010-11-04,578198,1
ZN,2010-11-05,44395,4
ZN,2010-11-05,83568,3
ZN,2010-11-05,116177,1
ZN,2010-11-05,133520,1
ZN,2010-11-05,578198,2
ZN,2010-11-08,44395,3
ZN,2010-11-08,83568,2
ZN,2010-11-08,116177,1
ZN,2010-11-08,133520,1
ZN,2010-11-08,578198,1
ZN,2010-11-09,44395,4
ZN,2010-11-09,83568,3
ZN,2010-11-09,116177,1
ZN,2010-11-09,133520,1
ZN,2010-11-09,578198,2
ZN,2010-11-10,44395,4
ZN,2010-11-10,83568,3
ZN,2010-11-10,116177,2
ZN,2010-11-10,133520,1
ZN,2010-11-10,578198,1
ZN,2010-11-11,44395,3
ZN,2010-11-11,83568,2
ZN,2010-11-11,116177,1
ZN,2010-11-11,133520,1
ZN,2010-11-11,578198,1
ZN,2010-11-12,44395,4
ZN,2010-11-12,83568,3
ZN,2010-11-12,116177,2
ZN,2010-11-12,133520,1
ZN,2010-11-12,578198,1
ZN,2010-11-15,44395,4
ZN,2010-11-15,83568,3
ZN,2010-11-15,116177,2
ZN,2010-11-15,133520,1
ZN,2010-11-15,578198,1
ZN,2010-11-16,44395,4
ZN,2010-11-16,83568,3
ZN,2010-11-16,116177,2
ZN,2010-11-16,133520,1
ZN,2010-11-16,578198,1
ZN,2010-11-17,44395,4
ZN,2010-11-17,83568,3
ZN,2010-11-17,116177,2
ZN,2010-11-17,133520,1
ZN,2010-11-17,578198,1
ZN,2010-11-18,44395,4
ZN,2010-11-18,83568,3
ZN,2010-11-18,116177,2
ZN,2010-11-18,133520,1
ZN,2010-11-18,578198,2
ZN,2010-11-19,44395,4
ZN,2010-11-19,83568,3
ZN,2010-11-19,116177,2
ZN,2010-11-19,133520,1
ZN,2010-11-19,578198,1
ZN,2010-11-22,44395,4
ZN,2010-11-22,83568,3
ZN,2010-11-22,116177,2
ZN,2010-11-22,133520,1
ZN,2010-11-22,578198,1
ZN,2010-11-23,44395,5
ZN,2010-11-23,83568,4
ZN,2010-11-23,116177,3
ZN,2010-11-23,133520,1
ZN,2010-11-23,578198,2
ZN,2010-11-24,44395,4
ZN,2010-11-24,83568,3
ZN,2010-11-24,116177,2
ZN,2010-11-24,133520,1
ZN,2010-11-24,578198,1
ZN,2010-11-26,44395,4
ZN,2010-11-26,83568,3
ZN,2010-11-26,116177,2
ZN,2010-11-26,133520,1
ZN,2010-11-26,578198,1
ZN,2010-11-29,44395,4
ZN,2010-11-29,83568,3
ZN,2010-11-29,116177,2
ZN,2010-11-29,133520,1
ZN,2010-11-29,578198,1
ZN,2010-11-30,44395,3
ZN,2010-11-30,83568,4
ZN,2010-11-30,116177,2
ZN,2010-11-30,133520,1
ZN,2010-11-30,578198,1
ZN,2010-12-01,44395,3
ZN,2010-12-01,83568,4
ZN,2010-12-01,116177,2
ZN,2010-12-01,133520,1
ZN,2010-12-01,578198,1
ZN,2010-12-02,44395,4
ZN,2010-12-02,83568,5
ZN,2010-12-02,116177,3
ZN,2010-12-02,133520,1
ZN,2010-12-02,578198,2
ZN,2010-12-03,44395,3
ZN,2010-12-03,83568,4
ZN,2010-12-03,116177,2
ZN,2010-12-03,133520,1
ZN,2010-12-03,578198,1
ZN,2010-12-06,44395,3
ZN,2010-12-06,83568,4
ZN,2010-12-06,116177,2
ZN,2010-12-06,133520,1
ZN,2010-12-06,578198,1
ZN,2010-12-07,44395,3
ZN,2010-12-07,83568,4
ZN,2010-12-07,116177,2
ZN,2010-12-07,133520,1
ZN,2010-12-07,578198,1
ZN,2010-12-08,44395,3
ZN,2010-12-08,83568,4
ZN,2010-12-08,116177,2
ZN,2010-12-08,133520,1
ZN,2010-12-08,578198,1
ZN,2010-12-09,44395,3
ZN,2010-12-09,83568,4
ZN,2010-12-09,116177,2
ZN,2010-12-09,133520,1
ZN,2010-12-09,578198,1
ZN,2010-12-10,44395,3
ZN,2010-12-10,83568,4
ZN,2010-12-10,116177,2
ZN,2010-12-10,133520,1
ZN,2010-12-10,578198,1
ZN,2010-12-13,44395,3
ZN,2010-12-13,83568,4
ZN,2010-12-13,116177,2
ZN,2010-12-13,133520,1
ZN,2010-12-13,578198,1
ZN,2010-12-14,44395,3
ZN,2010-12-14,83568,4
ZN,2010-12-14,116177,2
ZN,2010-12-14,133520,1
ZN,2010-12-14,578198,1
ZN,2010-12-15,44395,2
ZN,2010-12-15,83568,3
ZN,2010-12-15,116177,1
ZN,2010-12-15,133520,1
ZN,2010-12-15,578198,1
ZN,2010-12-16,44395,4
ZN,2010-12-16,83568,5
ZN,2010-12-16,116177,2
ZN,2010-12-16,133520,1
ZN,2010-12-16,578198,3
ZN,2010-12-17,44395,2
ZN,2010-12-17,83568,3
ZN,2010-12-17,116177,1
ZN,2010-12-17,133520,1
ZN,2010-12-17,578198,1
ZN,2010-12-20,44395,3
ZN,2010-12-20,83568,4
ZN,2010-12-20,116177,2
ZN,2010-12-20,133520,1
ZN,2010-12-20,578198,1
ZN,2010-12-21,44395,3
ZN,2010-12-21,83568,4
ZN,2010-12-21,116177,2
ZN,2010-12-21,133520,1
ZN,2010-12-21,578198,1
ZN,2010-12-21,745944,1
ZN,2010-12-22,83568,2
ZN,2010-12-22,116177,1
ZN,2010-12-22,133520,1
ZN,2010-12-22,578198,1
ZN,2010-12-22,745944,1
ZN,2010-12-23,83568,3
ZN,2010-12-23,116177,2
ZN,2010-12-23,133520,1
ZN,2010-12-23,578198,1
ZN,2010-12-23,745944,1
ZN,2010-12-24,83568,1
ZN,2010-12-24,116177,1
ZN,2010-12-24,133520,1
ZN,2010-12-24,578198,1
ZN,2010-12-24,745944,1
ZN,2010-12-27,83568,3
ZN,2010-12-27,116177,2
ZN,2010-12-27,133520,1
ZN,2010-12-27,578198,1
ZN,2010-12-27,745944,1
ZN,2010-12-28,83568,3
ZN,2010-12-28,116177,2
ZN,2010-12-28,133520,1
ZN,2010-12-28,578198,1
ZN,2010-12-28,745944,1
ZN,2010-12-29,83568,3
ZN,2010-12-29,116177,2
ZN,2010-12-29,133520,1
ZN,2010-12-29,578198,1
ZN,2010-12-29,745944,1
ZN,2010-12-30,83568,2
ZN,2010-12-30,116177,1
ZN,2010-12-30,133520,1
ZN,2010-12-30,578198,1
ZN,2010-12-30,745944,1
ZN,2010-12-31,83568,3
ZN,2010-12-31,116177,2
ZN,2010-12-31,133520,1
ZN,2010-12-31,578198,1
ZN,2010-12-31,745944,1
ZN,2011-01-03,83568,3
ZN,2011-01-03,116177,2
ZN,2011-01-03,133520,1
ZN,2011-01-03,578198,1
ZN,2011-01-03,745944,1
ZN,2011-01-04,83568,3
ZN,2011-01-04,116177,2
ZN,2011-01-04,133520,1
ZN,2011-01-04,578198,1
ZN,2011-01-04,745944,1
ZN,2011-01-05,83568,3
ZN,2011-01-05,116177,2
ZN,2011-01-05,133520,1
ZN,2011-01-05,578198,1
ZN,2011-01-05,745944,1
ZN,2011-01-06,83568,3
ZN,2011-01-06,116177,2
ZN,2011-01-06,133520,1
ZN,2011-01-06,578198,1
ZN,2011-01-06,745944,1
ZN,2011-01-07,83568,3
ZN,2011-01-07,116177,2
ZN,2011-01-07,133520,1
ZN,2011-01-07,578198,1
ZN,2011-01-07,745944,1
ZN,2011-01-10,83568,3
ZN,2011-01-10,116177,2
ZN,2011-01-10,133520,1
ZN,2011-01-10,578198,1
ZN,2011-01-10,745944,1
ZN,2011-01-11,83568,3
ZN,2011-01-11,116177,2
ZN,2011-01-11,133520,1
ZN,2011-01-11,578198,1
ZN,2011-01-11,745944,1
ZN,2011-01-12,83568,3
ZN,2011-01-12,116177,2
ZN,2011-01-12,133520,1
ZN,2011-01-12,578198,1
ZN,2011-01-12,745944,1
ZN,2011-01-13,83568,3
ZN,2011-01-13,116177,2
ZN,2011-01-13,133520,1
ZN,2011-01-13,578198,1
ZN,2011-01-13,745944,1
ZN,2011-01-14,83568,3
ZN,2011-01-14,116177,2
ZN,2011-01-14,133520,1
ZN,2011-01-14,578198,1
ZN,2011-01-14,745944,1
ZN,2011-01-18,83568,3
ZN,2011-01-18,116177,2
ZN,2011-01-18,133520,1
ZN,2011-01-18,578198,1
ZN,2011-01-18,745944,1
ZN,2011-01-19,83568,3
ZN,2011-01-19,116177,2
ZN,2011-01-19,133520,1
ZN,2011-01-19,578198,1
ZN,2011-01-19,745944,1
ZN,2011-01-20,83568,3
ZN,2011-01-20,116177,2
ZN,2011-01-20,133520,1
ZN,2011-01-20,578198,1
ZN,2011-01-20,745944,1
ZN,2011-01-21,83568,3
ZN,2011-01-21,116177,2
ZN,2011-01-21,133520,1
ZN,2011-01-21,578198,1
ZN,2011-01-21,745944,1
ZN,2011-01-24,83568,3
ZN,2011-01-24,116177,2
ZN,2011-01-24,133520,1
ZN,2011-01-24,578198,1
ZN,2011-01-24,745944,1
ZN,2011-01-25,83568,3
ZN,2011-01-25,116177,2
ZN,2011-01-25,133520,1
ZN,2011-01-25,578198,1
ZN,2011-01-25,745944,1
ZN,2011-01-26,83568,3
ZN,2011-01-26,116177,2
ZN,2011-01-26,133520,1
ZN,2011-01-26,578198,1
ZN,2011-01-26,745944,1
ZN,2011-01-27,83568,3
ZN,2011-01-27,116177,2
ZN,2011-01-27,133520,1
ZN,2011-01-27,578198,1
ZN,2011-01-27,745944,1
ZN,2011-01-28,83568,3
ZN,2011-01-28,116177,2
ZN,2011-01-28,133520,1
ZN,2011-01-28,578198,1
ZN,2011-01-28,745944,1
ZN,2011-01-31,83568,3
ZN,2011-01-31,116177,2
ZN,2011-01-31,133520,1
ZN,2011-01-31,578198,1
ZN,2011-01-31,745944,1
ZN,2011-02-01,83568,3
ZN,2011-02-01,116177,2
ZN,2011-02-01,133520,1
ZN,2011-02-01,578198,1
ZN,2011-02-01,745944,1
ZN,2011-02-02,83568,3
ZN,2011-02-02,116177,2
ZN,2011-02-02,133520,1
ZN,2011-02-02,578198,1
ZN,2011-02-02,745944,1
ZN,2011-02-03,83568,3
ZN,2011-02-03,116177,2
ZN,2011-02-03,133520,1
ZN,2011-02-03,578198,1
ZN,2011-02-03,745944,1
ZN,2011-02-04,83568,3
ZN,2011-02-04,116177,2
ZN,2011-02-04,133520,1
ZN,2011-02-04,578198,1
ZN,2011-02-04,745944,1
ZN,2011-02-07,83568,4
ZN,2011-02-07,116177,3
ZN,2011-02-07,133520,2
ZN,2011-02-07,578198,1
ZN,2011-02-07,745944,1
ZN,2011-02-08,83568,3
ZN,2011-02-08,116177,2
ZN,2011-02-08,133520,1
ZN,2011-02-08,578198,1
ZN,2011-02-08,745944,1
ZN,2011-02-09,83568,3
ZN,2011-02-09,116177,2
ZN,2011-02-09,133520,1
ZN,2011-02-09,578198,1
ZN,2011-02-09,745944,1
ZN,2011-02-10,83568,3
ZN,2011-02-10,116177,2
ZN,2011-02-10,133520,1
ZN,2011-02-10,578198,1
ZN,2011-02-10,745944,1
ZN,2011-02-11,83568,3
ZN,2011-02-11,116177,2
ZN,2011-02-11,133520,1
ZN,2011-02-11,578198,1
ZN,2011-02-11,745944,1
ZN,2011-02-14,83568,3
ZN,2011-02-14,116177,2
ZN,2011-02-14,133520,1
ZN,2011-02-14,578198,1
ZN,2011-02-14,745944,1
ZN,2011-02-15,83568,3
ZN,2011-02-15,116177,2
ZN,2011-02-15,133520,1
ZN,2011-02-15,578198,1
ZN,2011-02-15,745944,1
ZN,2011-02-16,83568,3
ZN,2011-02-16,116177,2
ZN,2011-02-16,133520,1
ZN,2011-02-16,578198,1
ZN,2011-02-16,745944,1
ZN,2011-02-17,83568,3
ZN,2011-02-17,116177,2
ZN,2011-02-17,133520,1
ZN,2011-02-17,578198,1
ZN,2011-02-17,745944,1
ZN,2011-02-18,83568,3
ZN,2011-02-18,116177,2
ZN,2011-02-18,133520,1
ZN,2011-02-18,578198,1
ZN,2011-02-18,745944,1
ZN,2011-02-22,83568,3
ZN,2011-02-22,116177,2
ZN,2011-02-22,133520,1
ZN,2011-02-22,578198,1
ZN,2011-02-22,745944,1
ZN,2011-02-23,83568,4
ZN,2011-02-23,116177,3
ZN,2011-02-23,133520,2
ZN,2011-02-23,578198,1
ZN,2011-02-23,745944,1
ZN,2011-02-24,83568,3
ZN,2011-02-24,116177,2
ZN,2011-02-24,133520,1
ZN,2011-02-24,578198,1
ZN,2011-02-24,745944,1
ZN,2011-02-25,83568,4
ZN,2011-02-25,116177,3
ZN,2011-02-25,133520,2
ZN,2011-02-25,578198,1
ZN,2011-02-25,745944,1
ZN,2011-02-28,83568,2
ZN,2011-02-28,116177,3
ZN,2011-02-28,133520,1
ZN,2011-02-28,578198,1
ZN,2011-02-28,745944,1
ZN,2011-03-01,83568,3
ZN,2011-03-01,116177,4
ZN,2011-03-01,133520,2
ZN,2011-03-01,578198,1
ZN,2011-03-01,745944,1
ZN,2011-03-02,83568,2
ZN,2011-03-02,116177,3
ZN,2011-03-02,133520,1
ZN,2011-03-02,578198,1
ZN,2011-03-02,745944,1
ZN,2011-03-03,83568,3
ZN,2011-03-03,116177,4
ZN,2011-03-03,133520,2
ZN,2011-03-03,578198,1
ZN,2011-03-03,745944,1
ZN,2011-03-04,83568,3
ZN,2011-03-04,116177,4
ZN,2011-03-04,133520,2
ZN,2011-03-04,578198,1
ZN,2011-03-04,745944,1
ZN,2011-03-07,83568,3
ZN,2011-03-07,116177,4
ZN,2011-03-07,133520,2
ZN,2011-03-07,578198,1
ZN,2011-03-07,745944,1
ZN,2011-03-08,83568,3
ZN,2011-03-08,116177,4
ZN,2011-03-08,133520,2
ZN,2011-03-08,578198,1
ZN,2011-03-08,745944,1
ZN,2011-03-09,83568,3
ZN,2011-03-09,116177,4
ZN,2011-03-09,133520,2
ZN,2011-03-09,578198,1
ZN,2011-03-09,745944,1
ZN,2011-03-10,83568,3
ZN,2011-03-10,116177,4
ZN,2011-03-10,133520,2
ZN,2011-03-10,578198,1
ZN,2011-03-10,745944,1
ZN,2011-03-11,83568,3
ZN,2011-03-11,116177,4
ZN,2011-03-11,133520,2
ZN,2011-03-11,578198,1
ZN,2011-03-11,745944,1
ZN,2011-03-14,83568,3
ZN,2011-03-14,116177,4
ZN,2011-03-14,133520,2
ZN,2011-03-14,578198,1
ZN,2011-03-14,745944,1
ZN,2011-03-15,83568,3
ZN,2011-03-15,116177,4
ZN,2011-03-15,133520,2
ZN,2011-03-15,578198,1
ZN,2011-03-15,745944,1
ZN,2011-03-16,83568,2
ZN,2011-03-16,116177,3
ZN,2011-03-16,133520,1
ZN,2011-03-16,578198,1
ZN,2011-03-16,745944,1
ZN,2011-03-17,83568,3
ZN,2011-03-17,116177,4
ZN,2011-03-17,133520,2
ZN,2011-03-17,578198,1
ZN,2011-03-17,745944,1
ZN,2011-03-18,83568,2
ZN,2011-03-18,116177,3
ZN,2011-03-18,133520,1
ZN,2011-03-18,578198,1
ZN,2011-03-18,745944,1
ZN,2011-03-21,83568,3
ZN,2011-03-21,116177,4
ZN,2011-03-21,133520,2
ZN,2011-03-21,578198,1
ZN,2011-03-21,745944,1
ZN,2011-03-22,83568,3
ZN,2011-03-22,116177,4
ZN,2011-03-22,133520,2
ZN,2011-03-22,328264,1
ZN,2011-03-22,578198,1
ZN,2011-03-22,745944,1
ZN,2011-03-23,116177,3
ZN,2011-03-23,133520,2
ZN,2011-03-23,328264,1
ZN,2011-03-23,578198,1
ZN,2011-03-23,745944,1
ZN,2011-03-24,116177,3
ZN,2011-03-24,133520,2
ZN,2011-03-24,328264,1
ZN,2011-03-24,578198,1
ZN,2011-03-24,745944,1
ZN,2011-03-25,116177,3
ZN,2011-03-25,133520,2
ZN,2011-03-25,328264,1
ZN,2011-03-25,578198,1
ZN,2011-03-25,745944,1
ZN,2011-03-28,116177,3
ZN,2011-03-28,133520,2
ZN,2011-03-28,328264,1
ZN,2011-03-28,578198,1
ZN,2011-03-28,745944,1
ZN,2011-03-29,116177,3
ZN,2011-03-29,133520,2
ZN,2011-03-29,328264,1
ZN,2011-03-29,578198,1
ZN,2011-03-29,745944,1
ZN,2011-03-30,116177,3
ZN,2011-03-30,133520,2
ZN,2011-03-30,328264,1
ZN,2011-03-30,578198,1
ZN,2011-03-30,745944,1
ZN,2011-03-31,116177,3
ZN,2011-03-31,133520,2
ZN,2011-03-31,328264,1
ZN,2011-03-31,578198,1
ZN,2011-03-31,745944,1
ZN,2011-04-01,116177,3
ZN,2011-04-01,133520,2
ZN,2011-04-01,328264,1
ZN,2011-04-01,578198,1
ZN,2011-04-01,745944,1
ZN,2011-04-04,116177,3
ZN,2011-04-04,133520,2
ZN,2011-04-04,328264,1
ZN,2011-04-04,578198,1
ZN,2011-04-04,745944,1
ZN,2011-04-05,116177,3
ZN,2011-04-05,133520,2
ZN,2011-04-05,328264,1
ZN,2011-04-05,578198,1
ZN,2011-04-05,745944,1
ZN,2011-04-06,116177,3
ZN,2011-04-06,133520,2
ZN,2011-04-06,328264,1
ZN,2011-04-06,578198,1
ZN,2011-04-06,745944,1
ZN,2011-04-07,116177,3
ZN,2011-04-07,133520,2
ZN,2011-04-07,328264,1
ZN,2011-04-07,578198,1
ZN,2011-04-07,745944,1
ZN,2011-04-08,116177,3
ZN,2011-04-08,133520,2
ZN,2011-04-08,328264,1
ZN,2011-04-08,578198,1
ZN,2011-04-08,745944,1
ZN,2011-04-11,116177,3
ZN,2011-04-11,133520,2
ZN,2011-04-11,328264,1
ZN,2011-04-11,578198,1
ZN,2011-04-11,745944,1
ZN,2011-04-12,116177,3
ZN,2011-04-12,133520,2
ZN,2011-04-12,328264,1
ZN,2011-04-12,578198,1
ZN,2011-04-12,745944,1
ZN,2011-04-13,116177,3
ZN,2011-04-13,133520,2
ZN,2011-04-13,328264,1
ZN,2011-04-13,578198,1
ZN,2011-04-13,745944,1
ZN,2011-04-14,116177,3
ZN,2011-04-14,133520,2
ZN,2011-04-14,328264,1
ZN,2011-04-14,578198,1
ZN,2011-04-14,745944,1
ZN,2011-04-15,116177,3
ZN,2011-04-15,133520,2
ZN,2011-04-15,328264,1
ZN,2011-04-15,578198,1
ZN,2011-04-15,745944,1
ZN,2011-04-18,116177,3
ZN,2011-04-18,133520,2
ZN,2011-04-18,328264,1
ZN,2011-04-18,578198,1
ZN,2011-04-18,745944,1
ZN,2011-04-19,116177,3
ZN,2011-04-19,133520,2
ZN,2011-04-19,328264,1
ZN,2011-04-19,578198,1
ZN,2011-04-19,745944,1
ZN,2011-04-20,116177,3
ZN,2011-04-20,133520,2
ZN,2011-04-20,328264,1
ZN,2011-04-20,578198,1
ZN,2011-04-20,745944,1
ZN,2011-04-21,116177,3
ZN,2011-04-21,133520,2
ZN,2011-04-21,328264,1
ZN,2011-04-21,578198,1
ZN,2011-04-21,745944,1
ZN,2011-04-22,116177,1
ZN,2011-04-22,133520,1
ZN,2011-04-22,328264,1
ZN,2011-04-22,578198,1
ZN,2011-04-22,745944,1
ZN,2011-04-25,116177,3
ZN,2011-04-25,133520,2
ZN,2011-04-25,328264,1
ZN,2011-04-25,578198,1
ZN,2011-04-25,745944,1
ZN,2011-04-26,116177,3
ZN,2011-04-26,133520,2
ZN,2011-04-26,328264,1
ZN,2011-04-26,578198,1
ZN,2011-04-26,745944,1
ZN,2011-04-27,116177,3
ZN,2011-04-27,133520,2
ZN,2011-04-27,328264,1
ZN,2011-04-27,578198,1
ZN,2011-04-27,745944,1
ZN,2011-04-28,116177,4
ZN,2011-04-28,133520,3
ZN,2011-04-28,328264,1
ZN,2011-04-28,578198,2
ZN,2011-04-28,745944,1
ZN,2011-04-29,116177,3
ZN,2011-04-29,133520,2
ZN,2011-04-29,328264,1
ZN,2011-04-29,578198,1
ZN,2011-04-29,745944,1
ZN,2011-05-02,116177,3
ZN,2011-05-02,133520,2
ZN,2011-05-02,328264,1
ZN,2011-05-02,578198,1
ZN,2011-05-02,745944,1
ZN,2011-05-03,116177,3
ZN,2011-05-03,133520,2
ZN,2011-05-03,328264,1
ZN,2011-05-03,578198,1
ZN,2011-05-03,745944,1
ZN,2011-05-04,116177,3
ZN,2011-05-04,133520,2
ZN,2011-05-04,328264,1
ZN,2011-05-04,578198,1
ZN,2011-05-04,745944,1
ZN,2011-05-05,116177,4
ZN,2011-05-05,133520,3
ZN,2011-05-05,328264,1
ZN,2011-05-05,578198,2
ZN,2011-05-05,745944,1
ZN,2011-05-06,116177,3
ZN,2011-05-06,133520,2
ZN,2011-05-06,328264,1
ZN,2011-05-06,578198,1
ZN,2011-05-06,745944,1
ZN,2011-05-09,116177,3
ZN,2011-05-09,133520,2
ZN,2011-05-09,328264,1
ZN,2011-05-09,578198,1
ZN,2011-05-09,745944,1
ZN,2011-05-10,116177,4
ZN,2011-05-10,133520,3
ZN,2011-05-10,328264,1
ZN,2011-05-10,578198,2
ZN,2011-05-10,745944,1
ZN,2011-05-11,116177,3
ZN,2011-05-11,133520,2
ZN,2011-05-11,328264,1
ZN,2011-05-11,578198,1
ZN,2011-05-11,745944,1
ZN,2011-05-12,116177,3
ZN,2011-05-12,133520,2
ZN,2011-05-12,328264,1
ZN,2011-05-12,578198,1
ZN,2011-05-12,745944,1
ZN,2011-05-13,116177,3
ZN,2011-05-13,133520,2
ZN,2011-05-13,328264,1
ZN,2011-05-13,578198,1
ZN,2011-05-13,745944,1
ZN,2011-05-16,116177,3
ZN,2011-05-16,133520,2
ZN,2011-05-16,328264,1
ZN,2011-05-16,578198,1
ZN,2011-05-16,745944,1
ZN,2011-05-17,116177,3
ZN,2011-05-17,133520,2
ZN,2011-05-17,328264,1
ZN,2011-05-17,578198,1
ZN,2011-05-17,745944,1
ZN,2011-05-18,116177,3
ZN,2011-05-18,133520,2
ZN,2011-05-18,328264,1
ZN,2011-05-18,578198,1
ZN,2011-05-18,745944,1
ZN,2011-05-19,116177,3
ZN,2011-05-19,133520,2
ZN,2011-05-19,328264,1
ZN,2011-05-19,578198,1
ZN,2011-05-19,745944,1
ZN,2011-05-20,116177,3
ZN,2011-05-20,133520,2
ZN,2011-05-20,328264,1
ZN,2011-05-20,578198,1
ZN,2011-05-20,745944,1
ZN,2011-05-23,116177,4
ZN,2011-05-23,133520,3
ZN,2011-05-23,328264,1
ZN,2011-05-23,578198,2
ZN,2011-05-23,745944,1
ZN,2011-05-24,116177,4
ZN,2011-05-24,133520,3
ZN,2011-05-24,328264,1
ZN,2011-05-24,578198,2
ZN,2011-05-24,745944,1
ZN,2011-05-25,116177,4
ZN,2011-05-25,133520,3
ZN,2011-05-25,328264,1
ZN,2011-05-25,578198,2
ZN,2011-05-25,745944,1
ZN,2011-05-26,116177,4
ZN,2011-05-26,133520,3
ZN,2011-05-26,328264,1
ZN,2011-05-26,578198,2
ZN,2011-05-26,745944,1
ZN,2011-05-27,116177,3
ZN,2011-05-27,133520,2
ZN,2011-05-27,328264,1
ZN,2011-05-27,578198,1
ZN,2011-05-27,745944,1
ZN,2011-05-31,116177,3
ZN,2011-05-31,133520,4
ZN,2011-05-31,328264,1
ZN,2011-05-31,578198,2
ZN,2011-05-31,745944,1
ZN,2011-06-01,116177,3
ZN,2011-06-01,133520,4
ZN,2011-06-01,328264,1
ZN,2011-06-01,578198,2
ZN,2011-06-01,745944,1
ZN,2011-06-02,116177,2
ZN,2011-06-02,133520,3
ZN,2011-06-02,328264,1
ZN,2011-06-02,578198,1
ZN,2011-06-02,745944,1
ZN,2011-06-03,116177,3
ZN,2011-06-03,133520,4
ZN,2011-06-03,328264,1
ZN,2011-06-03,578198,2
ZN,2011-06-03,745944,1
ZN,2011-06-06,116177,2
ZN,2011-06-06,133520,3
ZN,2011-06-06,328264,1
ZN,2011-06-06,578198,1
ZN,2011-06-06,745944,1
ZN,2011-06-07,116177,3
ZN,2011-06-07,133520,4
ZN,2011-06-07,328264,1
ZN,2011-06-07,578198,2
ZN,2011-06-07,745944,1
ZN,2011-06-08,116177,3
ZN,2011-06-08,133520,4
ZN,2011-06-08,328264,1
ZN,2011-06-08,578198,2
ZN,2011-06-08,745944,1
ZN,2011-06-09,116177,2
ZN,2011-06-09,133520,3
ZN,2011-06-09,328264,1
ZN,2011-06-09,578198,1
ZN,2011-06-09,745944,1
ZN,2011-06-10,116177,2
ZN,2011-06-10,133520,3
ZN,2011-06-10,328264,1
ZN,2011-06-10,578198,1
ZN,2011-06-10,745944,1
ZN,2011-06-13,116177,3
ZN,2011-06-13,133520,4
ZN,2011-06-13,328264,1
ZN,2011-06-13,578198,2
ZN,2011-06-13,745944,1
ZN,2011-06-14,116177,3
ZN,2011-06-14,133520,4
ZN,2011-06-14,328264,1
ZN,2011-06-14,578198,2
ZN,2011-06-14,745944,1
ZN,2011-06-15,116177,2
ZN,2011-06-15,133520,3
ZN,2011-06-15,328264,1
ZN,2011-06-15,578198,1
ZN,2011-06-15,745944,1
ZN,2011-06-16,116177,3
ZN,2011-06-16,133520,4
ZN,2011-06-16,328264,1
ZN,2011-06-16,578198,2
ZN,2011-06-16,745944,1
ZN,2011-06-17,116177,2
ZN,2011-06-17,133520,3
ZN,2011-06-17,328264,1
ZN,2011-06-17,578198,1
ZN,2011-06-17,745944,1
ZN,2011-06-20,116177,3
ZN,2011-06-20,133520,4
ZN,2011-06-20,328264,1
ZN,2011-06-20,578198,2
ZN,2011-06-20,745944,1
ZN,2011-06-21,116177,2
ZN,2011-06-21,133520,3
ZN,2011-06-21,328264,1
ZN,2011-06-21,578198,1
ZN,2011-06-21,585392,1
ZN,2011-06-21,745944,1
ZN,2011-06-22,133520,3
ZN,2011-06-22,328264,1
ZN,2011-06-22,578198,2
ZN,2011-06-22,585392,1
ZN,2011-06-22,745944,1
ZN,2011-06-23,133520,3
ZN,2011-06-23,328264,1
ZN,2011-06-23,578198,2
ZN,2011-06-23,585392,1
ZN,2011-06-23,745944,1
ZN,2011-06-24,133520,3
ZN,2011-06-24,328264,1
ZN,2011-06-24,578198,2
ZN,2011-06-24,585392,1
ZN,2011-06-24,745944,1
ZN,2011-06-27,133520,3
ZN,2011-06-27,328264,1
ZN,2011-06-27,578198,2
ZN,2011-06-27,585392,1
ZN,2011-06-27,745944,1
ZN,2011-06-28,133520,3
ZN,2011-06-28,328264,1
ZN,2011-06-28,578198,2
ZN,2011-06-28,585392,1
ZN,2011-06-28,745944,1
ZN,2011-06-29,133520,3
ZN,2011-06-29,328264,1
ZN,2011-06-29,578198,2
ZN,2011-06-29,585392,1
ZN,2011-06-29,745944,1
ZN,2011-06-30,133520,3
ZN,2011-06-30,328264,1
ZN,2011-06-30,578198,2
ZN,2011-06-30,585392,1
ZN,2011-06-30,745944,1
ZN,2011-07-01,133520,3
ZN,2011-07-01,328264,1
ZN,2011-07-01,578198,2
ZN,2011-07-01,585392,1
ZN,2011-07-01,745944,1
ZN,2011-07-05,133520,3
ZN,2011-07-05,328264,1
ZN,2011-07-05,578198,2
ZN,2011-07-05,585392,1
ZN,2011-07-05,745944,1
ZN,2011-07-06,133520,3
ZN,2011-07-06,328264,1
ZN,2011-07-06,578198,2
ZN,2011-07-06,585392,1
ZN,2011-07-06,745944,1
ZN,2011-07-07,133520,3
ZN,2011-07-07,328264,1
ZN,2011-07-07,578198,2
ZN,2011-07-07,585392,1
ZN,2011-07-07,745944,1
ZN,2011-07-08,133520,3
ZN,2011-07-08,328264,1
ZN,2011-07-08,578198,2
ZN,2011-07-08,585392,1
ZN,2011-07-08,745944,1
ZN,2011-07-11,133520,3
ZN,2011-07-11,328264,1
ZN,2011-07-11,578198,2
ZN,2011-07-11,585392,1
ZN,2011-07-11,745944,1
ZN,2011-07-12,133520,3
ZN,2011-07-12,328264,1
ZN,2011-07-12,578198,2
ZN,2011-07-12,585392,1
ZN,2011-07-12,745944,1
ZN,2011-07-13,133520,3
ZN,2011-07-13,328264,1
ZN,2011-07-13,578198,2
ZN,2011-07-13,585392,1
ZN,2011-07-13,745944,1
ZN,2011-07-14,133520,3
ZN,2011-07-14,328264,1
ZN,2011-07-14,578198,2
ZN,2011-07-14,585392,1
ZN,2011-07-14,745944,1
ZN,2011-07-15,133520,3
ZN,2011-07-15,328264,1
ZN,2011-07-15,578198,2
ZN,2011-07-15,585392,1
ZN,2011-07-15,745944,1
ZN,2011-07-18,133520,3
ZN,2011-07-18,328264,1
ZN,2011-07-18,578198,2
ZN,2011-07-18,585392,1
ZN,2011-07-18,745944,1
ZN,2011-07-19,133520,3
ZN,2011-07-19,328264,1
ZN,2011-07-19,578198,2
ZN,2011-07-19,585392,1
ZN,2011-07-19,745944,1
ZN,2011-07-20,133520,3
ZN,2011-07-20,328264,1
ZN,2011-07-20,578198,2
ZN,2011-07-20,585392,1
ZN,2011-07-20,745944,1
ZN,2011-07-21,133520,3
ZN,2011-07-21,328264,1
ZN,2011-07-21,578198,2
ZN,2011-07-21,585392,1
ZN,2011-07-21,745944,1
ZN,2011-07-22,133520,3
ZN,2011-07-22,328264,1
ZN,2011-07-22,578198,2
ZN,2011-07-22,585392,1
ZN,2011-07-22,745944,1
ZN,2011-07-25,133520,3
ZN,2011-07-25,328264,1
ZN,2011-07-25,578198,2
ZN,2011-07-25,585392,1
ZN,2011-07-25,745944,1
ZN,2011-07-26,133520,3
ZN,2011-07-26,328264,1
ZN,2011-07-26,578198,2
ZN,2011-07-26,585392,1
ZN,2011-07-26,745944,1
ZN,2011-07-27,133520,3
ZN,2011-07-27,328264,1
ZN,2011-07-27,578198,2
ZN,2011-07-27,585392,1
ZN,2011-07-27,745944,1
ZN,2011-07-28,133520,3
ZN,2011-07-28,328264,1
ZN,2011-07-28,578198,2
ZN,2011-07-28,585392,1
ZN,2011-07-28,745944,1
ZN,2011-07-29,133520,3
ZN,2011-07-29,328264,1
ZN,2011-07-29,578198,2
ZN,2011-07-29,585392,1
ZN,2011-07-29,745944,1
ZN,2011-08-01,133520,3
ZN,2011-08-01,328264,1
ZN,2011-08-01,578198,2
ZN,2011-08-01,585392,1
ZN,2011-08-01,745944,1
ZN,2011-08-02,133520,3
ZN,2011-08-02,328264,1
ZN,2011-08-02,578198,2
ZN,2011-08-02,585392,1
ZN,2011-08-02,745944,1
ZN,2011-08-03,133520,3
ZN,2011-08-03,328264,1
ZN,2011-08-03,578198,2
ZN,2011-08-03,585392,1
ZN,2011-08-03,745944,1
ZN,2011-08-04,133520,3
ZN,2011-08-04,328264,1
ZN,2011-08-04,578198,2
ZN,2011-08-04,585392,1
ZN,2011-08-04,745944,1
ZN,2011-08-05,133520,3
ZN,2011-08-05,328264,1
ZN,2011-08-05,578198,2
ZN,2011-08-05,585392,1
ZN,2011-08-05,745944,1
ZN,2011-08-08,133520,3
ZN,2011-08-08,328264,1
ZN,2011-08-08,578198,2
ZN,2011-08-08,585392,1
ZN,2011-08-08,745944,1
ZN,2011-08-09,133520,3
ZN,2011-08-09,328264,1
ZN,2011-08-09,578198,2
ZN,2011-08-09,585392,1
ZN,2011-08-09,745944,1
ZN,2011-08-10,133520,3
ZN,2011-08-10,328264,1
ZN,2011-08-10,578198,2
ZN,2011-08-10,585392,1
ZN,2011-08-10,745944,1
ZN,2011-08-11,133520,3
ZN,2011-08-11,328264,1
ZN,2011-08-11,578198,2
ZN,2011-08-11,585392,1
ZN,2011-08-11,745944,1
ZN,2011-08-12,133520,3
ZN,2011-08-12,328264,1
ZN,2011-08-12,578198,2
ZN,2011-08-12,585392,1
ZN,2011-08-12,745944,1
ZN,2011-08-15,133520,3
ZN,2011-08-15,328264,1
ZN,2011-08-15,578198,2
ZN,2011-08-15,585392,1
ZN,2011-08-15,745944,1
ZN,2011-08-16,133520,3
ZN,2011-08-16,328264,1
ZN,2011-08-16,578198,2
ZN,2011-08-16,585392,1
ZN,2011-08-16,745944,1
ZN,2011-08-17,133520,3
ZN,2011-08-17,328264,1
ZN,2011-08-17,578198,2
ZN,2011-08-17,585392,1
ZN,2011-08-17,745944,1
ZN,2011-08-18,133520,3
ZN,2011-08-18,328264,1
ZN,2011-08-18,578198,2
ZN,2011-08-18,585392,1
ZN,2011-08-18,745944,1
ZN,2011-08-19,133520,3
ZN,2011-08-19,328264,1
ZN,2011-08-19,578198,2
ZN,2011-08-19,585392,1
ZN,2011-08-19,745944,1
ZN,2011-08-22,133520,3
ZN,2011-08-22,328264,1
ZN,2011-08-22,578198,2
ZN,2011-08-22,585392,1
ZN,2011-08-22,745944,1
ZN,2011-08-23,133520,3
ZN,2011-08-23,328264,1
ZN,2011-08-23,578198,2
ZN,2011-08-23,585392,1
ZN,2011-08-23,745944,1
ZN,2011-08-24,133520,3
ZN,2011-08-24,328264,1
ZN,2011-08-24,578198,2
ZN,2011-08-24,585392,1
ZN,2011-08-24,745944,1
ZN,2011-08-25,133520,3
ZN,2011-08-25,328264,1
ZN,2011-08-25,578198,2
ZN,2011-08-25,585392,1
ZN,2011-08-25,745944,1
ZN,2011-08-26,133520,3
ZN,2011-08-26,328264,1
ZN,2011-08-26,578198,2
ZN,2011-08-26,585392,1
ZN,2011-08-26,745944,1
ZN,2011-08-29,133520,3
ZN,2011-08-29,328264,1
ZN,2011-08-29,578198,2
ZN,2011-08-29,585392,1
ZN,2011-08-29,745944,1
ZN,2011-08-30,133520,3
ZN,2011-08-30,328264,1
ZN,2011-08-30,578198,2
ZN,2011-08-30,585392,1
ZN,2011-08-30,745944,1
ZN,2011-08-31,133520,2
ZN,2011-08-31,328264,1
ZN,2011-08-31,578198,3
ZN,2011-08-31,585392,1
ZN,2011-08-31,745944,1
ZN,2011-09-01,133520,2
ZN,2011-09-01,328264,1
ZN,2011-09-01,578198,3
ZN,2011-09-01,585392,1
ZN,2011-09-01,745944,1
ZN,2011-09-02,133520,2
ZN,2011-09-02,328264,1
ZN,2011-09-02,578198,3
ZN,2011-09-02,585392,1
ZN,2011-09-02,745944,1
ZN,2011-09-06,133520,2
ZN,2011-09-06,328264,1
ZN,2011-09-06,578198,3
ZN,2011-09-06,585392,1
ZN,2011-09-06,745944,1
ZN,2011-09-07,133520,2
ZN,2011-09-07,328264,1
ZN,2011-09-07,578198,3
ZN,2011-09-07,585392,1
ZN,2011-09-07,745944,1
ZN,2011-09-08,133520,2
ZN,2011-09-08,328264,1
ZN,2011-09-08,578198,3
ZN,2011-09-08,585392,1
ZN,2011-09-08,745944,1
ZN,2011-09-09,133520,2
ZN,2011-09-09,328264,1
ZN,2011-09-09,578198,3
ZN,2011-09-09,585392,1
ZN,2011-09-09,745944,1
ZN,2011-09-12,133520,2
ZN,2011-09-12,328264,1
ZN,2011-09-12,578198,3
ZN,2011-09-12,585392,1
ZN,2011-09-12,745944,1
ZN,2011-09-13,133520,2
ZN,2011-09-13,328264,1
ZN,2011-09-13,578198,3
ZN,2011-09-13,585392,1
ZN,2011-09-13,745944,1
ZN,2011-09-14,133520,2
ZN,2011-09-14,328264,1
ZN,2011-09-14,578198,3
ZN,2011-09-14,585392,1
ZN,2011-09-14,745944,1
ZN,2011-09-15,133520,2
ZN,2011-09-15,328264,1
ZN,2011-09-15,578198,3
ZN,2011-09-15,585392,1
ZN,2011-09-15,745944,1
ZN,2011-09-16,133520,3
ZN,2011-09-16,328264,1
ZN,2011-09-16,578198,4
ZN,2011-09-16,585392,1
ZN,2011-09-16,745944,2
ZN,2011-09-19,133520,3
ZN,2011-09-19,328264,1
ZN,2011-09-19,578198,4
ZN,2011-09-19,585392,1
ZN,2011-09-19,745944,2
ZN,2011-09-20,133520,3
ZN,2011-09-20,328264,1
ZN,2011-09-20,578198,4
ZN,2011-09-20,585392,1
ZN,2011-09-20,745944,2
ZN,2011-09-21,133520,3
ZN,2011-09-21,328264,1
ZN,2011-09-21,578198,4
ZN,2011-09-21,585392,1
ZN,2011-09-21,720496,1
ZN,2011-09-21,745944,2
ZN,2011-09-22,328264,1
ZN,2011-09-22,578198,3
ZN,2011-09-22,585392,1
ZN,2011-09-22,720496,1
ZN,2011-09-22,745944,2
ZN,2011-09-23,328264,1
ZN,2011-09-23,578198,3
ZN,2011-09-23,585392,1
ZN,2011-09-23,720496,1
ZN,2011-09-23,745944,2
ZN,2011-09-26,328264,1
ZN,2011-09-26,578198,3
ZN,2011-09-26,585392,1
ZN,2011-09-26,720496,1
ZN,2011-09-26,745944,2
ZN,2011-09-27,328264,1
ZN,2011-09-27,578198,3
ZN,2011-09-27,585392,1
ZN,2011-09-27,720496,1
ZN,2011-09-27,745944,2
ZN,2011-09-28,328264,1
ZN,2011-09-28,578198,3
ZN,2011-09-28,585392,1
ZN,2011-09-28,720496,1
ZN,2011-09-28,745944,2
ZN,2011-09-29,328264,1
ZN,2011-09-29,578198,3
ZN,2011-09-29,585392,1
ZN,2011-09-29,720496,1
ZN,2011-09-29,745944,2
ZN,2011-09-30,328264,1
ZN,2011-09-30,578198,3
ZN,2011-09-30,585392,1
ZN,2011-09-30,720496,1
ZN,2011-09-30,745944,2
ZN,2011-10-03,328264,1
ZN,2011-10-03,578198,3
ZN,2011-10-03,585392,1
ZN,2011-10-03,720496,1
ZN,2011-10-03,745944,2
ZN,2011-10-04,328264,1
ZN,2011-10-04,578198,3
ZN,2011-10-04,585392,1
ZN,2011-10-04,720496,1
ZN,2011-10-04,745944,2
ZN,2011-10-05,328264,1
ZN,2011-10-05,578198,3
ZN,2011-10-05,585392,1
ZN,2011-10-05,720496,1
ZN,2011-10-05,745944,2
ZN,2011-10-06,328264,1
ZN,2011-10-06,578198,3
ZN,2011-10-06,585392,1
ZN,2011-10-06,720496,1
ZN,2011-10-06,745944,2
ZN,2011-10-07,328264,1
ZN,2011-10-07,578198,3
ZN,2011-10-07,585392,1
ZN,2011-10-07,720496,1
ZN,2011-10-07,745944,2
ZN,2011-10-10,328264,1
ZN,2011-10-10,578198,3
ZN,2011-10-10,585392,1
ZN,2011-10-10,720496,1
ZN,2011-10-10,745944,2
ZN,2011-10-11,328264,1
ZN,2011-10-11,578198,3
ZN,2011-10-11,585392,1
ZN,2011-10-11,720496,1
ZN,2011-10-11,745944,2
ZN,2011-10-12,328264,1
ZN,2011-10-12,578198,3
ZN,2011-10-12,585392,1
ZN,2011-10-12,720496,1
ZN,2011-10-12,745944,2
ZN,2011-10-13,328264,1
ZN,2011-10-13,578198,3
ZN,2011-10-13,585392,1
ZN,2011-10-13,720496,1
ZN,2011-10-13,745944,2
ZN,2011-10-14,328264,1
ZN,2011-10-14,578198,3
ZN,2011-10-14,585392,1
ZN,2011-10-14,720496,1
ZN,2011-10-14,745944,2
ZN,2011-10-17,328264,1
ZN,2011-10-17,578198,3
ZN,2011-10-17,585392,1
ZN,2011-10-17,720496,1
ZN,2011-10-17,745944,2
ZN,2011-10-18,328264,1
ZN,2011-10-18,578198,3
ZN,2011-10-18,585392,1
ZN,2011-10-18,720496,1
ZN,2011-10-18,745944,2
ZN,2011-10-19,328264,1
ZN,2011-10-19,578198,3
ZN,2011-10-19,585392,1
ZN,2011-10-19,720496,1
ZN,2011-10-19,745944,2
ZN,2011-10-20,328264,1
ZN,2011-10-20,578198,3
ZN,2011-10-20,585392,1
ZN,2011-10-20,720496,1
ZN,2011-10-20,745944,2
ZN,2011-10-21,328264,1
ZN,2011-10-21,578198,3
ZN,2011-10-21,585392,1
ZN,2011-10-21,720496,1
ZN,2011-10-21,745944,2
ZN,2011-10-24,328264,1
ZN,2011-10-24,578198,3
ZN,2011-10-24,585392,1
ZN,2011-10-24,720496,1
ZN,2011-10-24,745944,2
ZN,2011-10-25,328264,1
ZN,2011-10-25,578198,3
ZN,2011-10-25,585392,1
ZN,2011-10-25,720496,1
ZN,2011-10-25,745944,2
ZN,2011-10-26,328264,1
ZN,2011-10-26,578198,3
ZN,2011-10-26,585392,1
ZN,2011-10-26,720496,1
ZN,2011-10-26,745944,2
ZN,2011-10-27,328264,1
ZN,2011-10-27,578198,3
ZN,2011-10-27,585392,1
ZN,2011-10-27,720496,1
ZN,2011-10-27,745944,2
ZN,2011-10-28,328264,1
ZN,2011-10-28,578198,3
ZN,2011-10-28,585392,1
ZN,2011-10-28,720496,1
ZN,2011-10-28,745944,2
ZN,2011-10-31,328264,1
ZN,2011-10-31,578198,3
ZN,2011-10-31,585392,1
ZN,2011-10-31,720496,1
ZN,2011-10-31,745944,2
ZN,2011-11-01,328264,1
ZN,2011-11-01,578198,3
ZN,2011-11-01,585392,1
ZN,2011-11-01,720496,1
ZN,2011-11-01,745944,2
ZN,2011-11-02,328264,1
ZN,2011-11-02,578198,3
ZN,2011-11-02,585392,1
ZN,2011-11-02,720496,1
ZN,2011-11-02,745944,2
ZN,2011-11-03,328264,1
ZN,2011-11-03,578198,3
ZN,2011-11-03,585392,1
ZN,2011-11-03,720496,1
ZN,2011-11-03,745944,2
ZN,2011-11-04,328264,1
ZN,2011-11-04,578198,3
ZN,2011-11-04,585392,1
ZN,2011-11-04,720496,1
ZN,2011-11-04,745944,2
ZN,2011-11-07,328264,1
ZN,2011-11-07,578198,3
ZN,2011-11-07,585392,1
ZN,2011-11-07,720496,1
ZN,2011-11-07,745944,2
ZN,2011-11-08,328264,1
ZN,2011-11-08,578198,3
ZN,2011-11-08,585392,1
ZN,2011-11-08,720496,1
ZN,2011-11-08,745944,2
ZN,2011-11-09,328264,1
ZN,2011-11-09,578198,3
ZN,2011-11-09,585392,1
ZN,2011-11-09,720496,1
ZN,2011-11-09,745944,2
ZN,2011-11-10,328264,1
ZN,2011-11-10,578198,3
ZN,2011-11-10,585392,1
ZN,2011-11-10,720496,1
ZN,2011-11-10,745944,2
ZN,2011-11-11,328264,1
ZN,2011-11-11,578198,3
ZN,2011-11-11,585392,1
ZN,2011-11-11,720496,1
ZN,2011-11-11,745944,2
ZN,2011-11-14,328264,1
ZN,2011-11-14,578198,3
ZN,2011-11-14,585392,1
ZN,2011-11-14,720496,1
ZN,2011-11-14,745944,2
ZN,2011-11-15,328264,1
ZN,2011-11-15,578198,3
ZN,2011-11-15,585392,1
ZN,2011-11-15,720496,1
ZN,2011-11-15,745944,2
ZN,2011-11-16,328264,1
ZN,2011-11-16,578198,3
ZN,2011-11-16,585392,1
ZN,2011-11-16,720496,1
ZN,2011-11-16,745944,2
ZN,2011-11-17,328264,1
ZN,2011-11-17,578198,3
ZN,2011-11-17,585392,1
ZN,2011-11-17,720496,1
ZN,2011-11-17,745944,2
ZN,2011-11-18,328264,1
ZN,2011-11-18,578198,3
ZN,2011-11-18,585392,1
ZN,2011-11-18,720496,1
ZN,2011-11-18,745944,2
ZN,2011-11-21,328264,1
ZN,2011-11-21,578198,3
ZN,2011-11-21,585392,1
ZN,2011-11-21,720496,1
ZN,2011-11-21,745944,2
ZN,2011-11-22,328264,1
ZN,2011-11-22,578198,3
ZN,2011-11-22,585392,1
ZN,2011-11-22,720496,1
ZN,2011-11-22,745944,2
ZN,2011-11-23,328264,1
ZN,2011-11-23,578198,3
ZN,2011-11-23,585392,1
ZN,2011-11-23,720496,1
ZN,2011-11-23,745944,2
ZN,2011-11-25,328264,1
ZN,2011-11-25,578198,3
ZN,2011-11-25,585392,1
ZN,2011-11-25,720496,1
ZN,2011-11-25,745944,2
ZN,2011-11-28,328264,1
ZN,2011-11-28,578198,3
ZN,2011-11-28,585392,1
ZN,2011-11-28,720496,1
ZN,2011-11-28,745944,2
ZN,2011-11-29,328264,1
ZN,2011-11-29,578198,3
ZN,2011-11-29,585392,1
ZN,2011-11-29,720496,1
ZN,2011-11-29,745944,2
ZN,2011-11-30,328264,1
ZN,2011-11-30,578198,2
ZN,2011-11-30,585392,1
ZN,2011-11-30,720496,1
ZN,2011-11-30,745944,3
ZN,2011-12-01,328264,1
ZN,2011-12-01,578198,2
ZN,2011-12-01,585392,1
ZN,2011-12-01,720496,1
ZN,2011-12-01,745944,3
ZN,2011-12-02,328264,1
ZN,2011-12-02,578198,2
ZN,2011-12-02,585392,1
ZN,2011-12-02,720496,1
ZN,2011-12-02,745944,3
ZN,2011-12-05,328264,1
ZN,2011-12-05,578198,2
ZN,2011-12-05,585392,1
ZN,2011-12-05,720496,1
ZN,2011-12-05,745944,3
ZN,2011-12-06,328264,1
ZN,2011-12-06,578198,2
ZN,2011-12-06,585392,1
ZN,2011-12-06,720496,1
ZN,2011-12-06,745944,3
ZN,2011-12-07,328264,1
ZN,2011-12-07,578198,2
ZN,2011-12-07,585392,1
ZN,2011-12-07,720496,1
ZN,2011-12-07,745944,3
ZN,2011-12-08,328264,1
ZN,2011-12-08,578198,2
ZN,2011-12-08,585392,1
ZN,2011-12-08,720496,1
ZN,2011-12-08,745944,3
ZN,2011-12-09,328264,1
ZN,2011-12-09,578198,2
ZN,2011-12-09,585392,1
ZN,2011-12-09,720496,1
ZN,2011-12-09,745944,3
ZN,2011-12-12,328264,1
ZN,2011-12-12,578198,2
ZN,2011-12-12,585392,1
ZN,2011-12-12,720496,1
ZN,2011-12-12,745944,3
ZN,2011-12-13,328264,1
ZN,2011-12-13,578198,2
ZN,2011-12-13,585392,1
ZN,2011-12-13,720496,1
ZN,2011-12-13,745944,3
ZN,2011-12-14,328264,1
ZN,2011-12-14,578198,2
ZN,2011-12-14,585392,1
ZN,2011-12-14,720496,1
ZN,2011-12-14,745944,3
ZN,2011-12-15,328264,1
ZN,2011-12-15,578198,2
ZN,2011-12-15,585392,1
ZN,2011-12-15,720496,1
ZN,2011-12-15,745944,3
ZN,2011-12-16,328264,1
ZN,2011-12-16,578198,2
ZN,2011-12-16,585392,1
ZN,2011-12-16,720496,1
ZN,2011-12-16,745944,3
ZN,2011-12-19,328264,1
ZN,2011-12-19,578198,2
ZN,2011-12-19,585392,1
ZN,2011-12-19,720496,1
ZN,2011-12-19,745944,3
ZN,2011-12-20,328264,1
ZN,2011-12-20,578198,2
ZN,2011-12-20,585392,1
ZN,2011-12-20,720496,1
ZN,2011-12-20,745944,3
ZN,2011-12-20,896125,1
ZN,2011-12-21,328264,1
ZN,2011-12-21,585392,1
ZN,2011-12-21,720496,1
ZN,2011-12-21,745944,2
ZN,2011-12-21,896125,1
ZN,2011-12-22,328264,1
ZN,2011-12-22,585392,1
ZN,2011-12-22,720496,1
ZN,2011-12-22,745944,2
ZN,2011-12-22,896125,1
ZN,2011-12-23,328264,1
ZN,2011-12-23,585392,1
ZN,2011-12-23,720496,1
ZN,2011-12-23,745944,2
ZN,2011-12-23,896125,1
ZN,2011-12-27,328264,2
ZN,2011-12-27,585392,1
ZN,2011-12-27,720496,1
ZN,2011-12-27,745944,3
ZN,2011-12-27,896125,1
ZN,2011-12-28,328264,2
ZN,2011-12-28,585392,1
ZN,2011-12-28,720496,1
ZN,2011-12-28,745944,3
ZN,2011-12-28,896125,1
ZN,2011-12-29,328264,2
ZN,2011-12-29,585392,1
ZN,2011-12-29,720496,1
ZN,2011-12-29,745944,3
ZN,2011-12-29,896125,1
ZN,2011-12-30,328264,2
ZN,2011-12-30,585392,1
ZN,2011-12-30,720496,1
ZN,2011-12-30,745944,3
ZN,2011-12-30,896125,1
ZN,2012-01-03,328264,2
ZN,2012-01-03,585392,1
ZN,2012-01-03,720496,1
ZN,2012-01-03,745944,3
ZN,2012-01-03,896125,1
ZN,2012-01-04,328264,2
ZN,2012-01-04,585392,1
ZN,2012-01-04,720496,1
ZN,2012-01-04,745944,3
ZN,2012-01-04,896125,1
ZN,2012-01-05,328264,2
ZN,2012-01-05,585392,1
ZN,2012-01-05,720496,1
ZN,2012-01-05,745944,3
ZN,2012-01-05,896125,1
ZN,2012-01-06,328264,2
ZN,2012-01-06,585392,1
ZN,2012-01-06,720496,1
ZN,2012-01-06,745944,3
ZN,2012-01-06,896125,1
ZN,2012-01-09,328264,1
ZN,2012-01-09,585392,1
ZN,2012-01-09,720496,1
ZN,2012-01-09,745944,2
ZN,2012-01-09,896125,1
ZN,2012-01-10,328264,2
ZN,2012-01-10,585392,1
ZN,2012-01-10,720496,1
ZN,2012-01-10,745944,3
ZN,2012-01-10,896125,1
ZN,2012-01-11,328264,2
ZN,2012-01-11,585392,1
ZN,2012-01-11,720496,1
ZN,2012-01-11,745944,3
ZN,2012-01-11,896125,1
ZN,2012-01-12,328264,2
ZN,2012-01-12,585392,1
ZN,2012-01-12,720496,1
ZN,2012-01-12,745944,3
ZN,2012-01-12,896125,1
ZN,2012-01-13,328264,2
ZN,2012-01-13,585392,1
ZN,2012-01-13,720496,1
ZN,2012-01-13,745944,3
ZN,2012-01-13,896125,1
ZN,2012-01-17,328264,2
ZN,2012-01-17,585392,1
ZN,2012-01-17,720496,1
ZN,2012-01-17,745944,3
ZN,2012-01-17,896125,1
ZN,2012-01-18,328264,2
ZN,2012-01-18,585392,1
ZN,2012-01-18,720496,1
ZN,2012-01-18,745944,3
ZN,2012-01-18,896125,1
ZN,2012-01-19,328264,2
ZN,2012-01-19,585392,1
ZN,2012-01-19,720496,1
ZN,2012-01-19,745944,3
ZN,2012-01-19,896125,1
ZN,2012-01-20,328264,2
ZN,2012-01-20,585392,1
ZN,2012-01-20,720496,1
ZN,2012-01-20,745944,3
ZN,2012-01-20,896125,1
ZN,2012-01-23,328264,2
ZN,2012-01-23,585392,1
ZN,2012-01-23,720496,1
ZN,2012-01-23,745944,3
ZN,2012-01-23,896125,1
ZN,2012-01-24,328264,2
ZN,2012-01-24,585392,1
ZN,2012-01-24,720496,1
ZN,2012-01-24,745944,3
ZN,2012-01-24,896125,1
ZN,2012-01-25,328264,2
ZN,2012-01-25,585392,1
ZN,2012-01-25,720496,1
ZN,2012-01-25,745944,3
ZN,2012-01-25,896125,1
ZN,2012-01-26,328264,2
ZN,2012-01-26,585392,1
ZN,2012-01-26,720496,1
ZN,2012-01-26,745944,3
ZN,2012-01-26,896125,1
ZN,2012-01-27,328264,3
ZN,2012-01-27,585392,1
ZN,2012-01-27,720496,2
ZN,2012-01-27,745944,4
ZN,2012-01-27,896125,1
ZN,2012-01-30,328264,2
ZN,2012-01-30,585392,1
ZN,2012-01-30,720496,1
ZN,2012-01-30,745944,3
ZN,2012-01-30,896125,1
ZN,2012-01-31,328264,2
ZN,2012-01-31,585392,1
ZN,2012-01-31,720496,1
ZN,2012-01-31,745944,3
ZN,2012-01-31,896125,1
ZN,2012-02-01,328264,2
ZN,2012-02-01,585392,1
ZN,2012-02-01,720496,1
ZN,2012-02-01,745944,3
ZN,2012-02-01,896125,1
ZN,2012-02-02,328264,2
ZN,2012-02-02,585392,1
ZN,2012-02-02,720496,1
ZN,2012-02-02,745944,3
ZN,2012-02-02,896125,1
ZN,2012-02-03,328264,2
ZN,2012-02-03,585392,1
ZN,2012-02-03,720496,1
ZN,2012-02-03,745944,3
ZN,2012-02-03,896125,1
ZN,2012-02-06,328264,2
ZN,2012-02-06,585392,1
ZN,2012-02-06,720496,1
ZN,2012-02-06,745944,3
ZN,2012-02-06,896125,1
ZN,2012-02-07,328264,2
ZN,2012-02-07,585392,1
ZN,2012-02-07,720496,1
ZN,2012-02-07,745944,3
ZN,2012-02-07,896125,1
ZN,2012-02-08,328264,2
ZN,2012-02-08,585392,1
ZN,2012-02-08,720496,1
ZN,2012-02-08,745944,3
ZN,2012-02-08,896125,1
ZN,2012-02-09,328264,2
ZN,2012-02-09,585392,1
ZN,2012-02-09,720496,1
ZN,2012-02-09,745944,3
ZN,2012-02-09,896125,1
ZN,2012-02-10,328264,2
ZN,2012-02-10,585392,1
ZN,2012-02-10,720496,1
ZN,2012-02-10,745944,3
ZN,2012-02-10,896125,1
ZN,2012-02-13,328264,2
ZN,2012-02-13,585392,1
ZN,2012-02-13,720496,1
ZN,2012-02-13,745944,3
ZN,2012-02-13,896125,1
ZN,2012-02-14,328264,2
ZN,2012-02-14,585392,1
ZN,2012-02-14,720496,1
ZN,2012-02-14,745944,3
ZN,2012-02-14,896125,1
ZN,2012-02-15,328264,2
ZN,2012-02-15,585392,1
ZN,2012-02-15,720496,1
ZN,2012-02-15,745944,3
ZN,2012-02-15,896125,1
ZN,2012-02-16,328264,2
ZN,2012-02-16,585392,1
ZN,2012-02-16,720496,1
ZN,2012-02-16,745944,3
ZN,2012-02-16,896125,1
ZN,2012-02-17,328264,2
ZN,2012-02-17,585392,1
ZN,2012-02-17,720496,1
ZN,2012-02-17,745944,3
ZN,2012-02-17,896125,1
ZN,2012-02-21,328264,2
ZN,2012-02-21,585392,1
ZN,2012-02-21,720496,1
ZN,2012-02-21,745944,3
ZN,2012-02-21,896125,1
ZN,2012-02-22,328264,2
ZN,2012-02-22,585392,1
ZN,2012-02-22,720496,1
ZN,2012-02-22,745944,3
ZN,2012-02-22,896125,1
ZN,2012-02-23,328264,2
ZN,2012-02-23,585392,1
ZN,2012-02-23,720496,1
ZN,2012-02-23,745944,3
ZN,2012-02-23,896125,1
ZN,2012-02-24,328264,2
ZN,2012-02-24,585392,1
ZN,2012-02-24,720496,1
ZN,2012-02-24,745944,3
ZN,2012-02-24,896125,1
ZN,2012-02-27,328264,2
ZN,2012-02-27,585392,1
ZN,2012-02-27,720496,1
ZN,2012-02-27,745944,3
ZN,2012-02-27,896125,1
ZN,2012-02-28,328264,2
ZN,2012-02-28,585392,1
ZN,2012-02-28,720496,1
ZN,2012-02-28,745944,3
ZN,2012-02-28,896125,1
ZN,2012-02-29,328264,3
ZN,2012-02-29,585392,1
ZN,2012-02-29,720496,1
ZN,2012-02-29,745944,2
ZN,2012-02-29,896125,1
ZN,2012-03-01,328264,3
ZN,2012-03-01,585392,1
ZN,2012-03-01,720496,1
ZN,2012-03-01,745944,2
ZN,2012-03-01,896125,1
ZN,2012-03-02,328264,3
ZN,2012-03-02,585392,1
ZN,2012-03-02,720496,1
ZN,2012-03-02,745944,2
ZN,2012-03-02,896125,1
ZN,2012-03-05,328264,3
ZN,2012-03-05,585392,1
ZN,2012-03-05,720496,1
ZN,2012-03-05,745944,2
ZN,2012-03-05,896125,1
ZN,2012-03-06,328264,3
ZN,2012-03-06,585392,1
ZN,2012-03-06,720496,1
ZN,2012-03-06,745944,2
ZN,2012-03-06,896125,1
ZN,2012-03-07,328264,3
ZN,2012-03-07,585392,1
ZN,2012-03-07,720496,1
ZN,2012-03-07,745944,2
ZN,2012-03-07,896125,1
ZN,2012-03-08,328264,3
ZN,2012-03-08,585392,1
ZN,2012-03-08,720496,1
ZN,2012-03-08,745944,2
ZN,2012-03-08,896125,1
ZN,2012-03-09,328264,3
ZN,2012-03-09,585392,1
ZN,2012-03-09,720496,1
ZN,2012-03-09,745944,2
ZN,2012-03-09,896125,1
ZN,2012-03-12,328264,3
ZN,2012-03-12,585392,1
ZN,2012-03-12,720496,1
ZN,2012-03-12,745944,2
ZN,2012-03-12,896125,1
ZN,2012-03-13,328264,4
ZN,2012-03-13,585392,1
ZN,2012-03-13,720496,2
ZN,2012-03-13,745944,3
ZN,2012-03-13,896125,1
ZN,2012-03-14,328264,3
ZN,2012-03-14,585392,1
ZN,2012-03-14,720496,1
ZN,2012-03-14,745944,2
ZN,2012-03-14,896125,1
ZN,2012-03-15,328264,3
ZN,2012-03-15,585392,1
ZN,2012-03-15,720496,1
ZN,2012-03-15,745944,2
ZN,2012-03-15,896125,1
ZN,2012-03-16,328264,3
ZN,2012-03-16,585392,1
ZN,2012-03-16,720496,1
ZN,2012-03-16,745944,2
ZN,2012-03-16,896125,1
ZN,2012-03-19,328264,3
ZN,2012-03-19,585392,1
ZN,2012-03-19,720496,1
ZN,2012-03-19,745944,2
ZN,2012-03-19,896125,1
ZN,2012-03-20,328264,3
ZN,2012-03-20,585392,1
ZN,2012-03-20,619999,1
ZN,2012-03-20,720496,1
ZN,2012-03-20,745944,2
ZN,2012-03-20,896125,1
ZN,2012-03-21,328264,3
ZN,2012-03-21,585392,1
ZN,2012-03-21,619999,1
ZN,2012-03-21,720496,1
ZN,2012-03-21,745944,2
ZN,2012-03-21,896125,1
ZN,2012-03-22,328264,3
ZN,2012-03-22,585392,2
ZN,2012-03-22,619999,1
ZN,2012-03-22,720496,1
ZN,2012-03-22,896125,1
ZN,2012-03-23,328264,2
ZN,2012-03-23,585392,1
ZN,2012-03-23,619999,1
ZN,2012-03-23,720496,1
ZN,2012-03-23,896125,1
ZN,2012-03-26,328264,2
ZN,2012-03-26,585392,1
ZN,2012-03-26,619999,1
ZN,2012-03-26,720496,1
ZN,2012-03-26,896125,1
ZN,2012-03-27,328264,2
ZN,2012-03-27,585392,1
ZN,2012-03-27,619999,1
ZN,2012-03-27,720496,1
ZN,2012-03-27,896125,1
ZN,2012-03-28,328264,3
ZN,2012-03-28,585392,2
ZN,2012-03-28,619999,1
ZN,2012-03-28,720496,1
ZN,2012-03-28,896125,1
ZN,2012-03-29,328264,2
ZN,2012-03-29,585392,1
ZN,2012-03-29,619999,1
ZN,2012-03-29,720496,1
ZN,2012-03-29,896125,1
ZN,2012-03-30,328264,3
ZN,2012-03-30,585392,2
ZN,2012-03-30,619999,1
ZN,2012-03-30,720496,1
ZN,2012-03-30,896125,1
ZN,2012-04-02,328264,3
ZN,2012-04-02,585392,2
ZN,2012-04-02,619999,1
ZN,2012-04-02,720496,1
ZN,2012-04-02,896125,1
ZN,2012-04-03,328264,3
ZN,2012-04-03,585392,2
ZN,2012-04-03,619999,1
ZN,2012-04-03,720496,1
ZN,2012-04-03,896125,1
ZN,2012-04-04,328264,3
ZN,2012-04-04,585392,2
ZN,2012-04-04,619999,1
ZN,2012-04-04,720496,1
ZN,2012-04-04,896125,1
ZN,2012-04-05,328264,3
ZN,2012-04-05,585392,2
ZN,2012-04-05,619999,1
ZN,2012-04-05,720496,1
ZN,2012-04-05,896125,1
ZN,2012-04-06,328264,3
ZN,2012-04-06,585392,2
ZN,2012-04-06,619999,1
ZN,2012-04-06,720496,1
ZN,2012-04-06,896125,1
ZN,2012-04-09,328264,3
ZN,2012-04-09,585392,2
ZN,2012-04-09,619999,1
ZN,2012-04-09,720496,1
ZN,2012-04-09,896125,1
ZN,2012-04-10,328264,3
ZN,2012-04-10,585392,2
ZN,2012-04-10,619999,1
ZN,2012-04-10,720496,1
ZN,2012-04-10,896125,1
ZN,2012-04-11,328264,3
ZN,2012-04-11,585392,2
ZN,2012-04-11,619999,1
ZN,2012-04-11,720496,1
ZN,2012-04-11,896125,1
ZN,2012-04-12,328264,3
ZN,2012-04-12,585392,2
ZN,2012-04-12,619999,1
ZN,2012-04-12,720496,1
ZN,2012-04-12,896125,1
ZN,2012-04-13,328264,3
ZN,2012-04-13,585392,2
ZN,2012-04-13,619999,1
ZN,2012-04-13,720496,1
ZN,2012-04-13,896125,1
ZN,2012-04-16,328264,3
ZN,2012-04-16,585392,2
ZN,2012-04-16,619999,1
ZN,2012-04-16,720496,1
ZN,2012-04-16,896125,1
ZN,2012-04-17,328264,3
ZN,2012-04-17,585392,2
ZN,2012-04-17,619999,1
ZN,2012-04-17,720496,1
ZN,2012-04-17,896125,1
ZN,2012-04-18,328264,3
ZN,2012-04-18,585392,2
ZN,2012-04-18,619999,1
ZN,2012-04-18,720496,1
ZN,2012-04-18,896125,1
ZN,2012-04-19,328264,3
ZN,2012-04-19,585392,2
ZN,2012-04-19,619999,1
ZN,2012-04-19,720496,1
ZN,2012-04-19,896125,1
ZN,2012-04-20,328264,3
ZN,2012-04-20,585392,2
ZN,2012-04-20,619999,1
ZN,2012-04-20,720496,1
ZN,2012-04-20,896125,1
ZN,2012-04-23,328264,3
ZN,2012-04-23,585392,2
ZN,2012-04-23,619999,1
ZN,2012-04-23,720496,1
ZN,2012-04-23,896125,1
ZN,2012-04-24,328264,3
ZN,2012-04-24,585392,2
ZN,2012-04-24,619999,1
ZN,2012-04-24,720496,1
ZN,2012-04-24,896125,1
ZN,2012-04-25,328264,3
ZN,2012-04-25,585392,2
ZN,2012-04-25,619999,1
ZN,2012-04-25,720496,1
ZN,2012-04-25,896125,1
ZN,2012-04-26,328264,3
ZN,2012-04-26,585392,2
ZN,2012-04-26,619999,1
ZN,2012-04-26,720496,1
ZN,2012-04-26,896125,1
ZN,2012-04-27,328264,3
ZN,2012-04-27,585392,2
ZN,2012-04-27,619999,1
ZN,2012-04-27,720496,1
ZN,2012-04-27,896125,1
ZN,2012-04-30,328264,3
ZN,2012-04-30,585392,2
ZN,2012-04-30,619999,1
ZN,2012-04-30,720496,1
ZN,2012-04-30,896125,1
ZN,2012-05-01,328264,3
ZN,2012-05-01,585392,2
ZN,2012-05-01,619999,1
ZN,2012-05-01,720496,1
ZN,2012-05-01,896125,1
ZN,2012-05-02,328264,3
ZN,2012-05-02,585392,2
ZN,2012-05-02,619999,1
ZN,2012-05-02,720496,1
ZN,2012-05-02,896125,1
ZN,2012-05-03,328264,3
ZN,2012-05-03,585392,2
ZN,2012-05-03,619999,1
ZN,2012-05-03,720496,1
ZN,2012-05-03,896125,1
ZN,2012-05-04,328264,3
ZN,2012-05-04,585392,2
ZN,2012-05-04,619999,1
ZN,2012-05-04,720496,1
ZN,2012-05-04,896125,1
ZN,2012-05-07,328264,3
ZN,2012-05-07,585392,2
ZN,2012-05-07,619999,1
ZN,2012-05-07,720496,1
ZN,2012-05-07,896125,1
ZN,2012-05-08,328264,3
ZN,2012-05-08,585392,2
ZN,2012-05-08,619999,1
ZN,2012-05-08,720496,1
ZN,2012-05-08,896125,1
ZN,2012-05-09,328264,3
ZN,2012-05-09,585392,2
ZN,2012-05-09,619999,1
ZN,2012-05-09,720496,1
ZN,2012-05-09,896125,1
ZN,2012-05-10,328264,3
ZN,2012-05-10,585392,2
ZN,2012-05-10,619999,1
ZN,2012-05-10,720496,1
ZN,2012-05-10,896125,1
ZN,2012-05-11,328264,3
ZN,2012-05-11,585392,2
ZN,2012-05-11,619999,1
ZN,2012-05-11,720496,1
ZN,2012-05-11,896125,1
ZN,2012-05-14,328264,3
ZN,2012-05-14,585392,2
ZN,2012-05-14,619999,1
ZN,2012-05-14,720496,1
ZN,2012-05-14,896125,1
ZN,2012-05-15,328264,3
ZN,2012-05-15,585392,2
ZN,2012-05-15,619999,1
ZN,2012-05-15,720496,1
ZN,2012-05-15,896125,1
ZN,2012-05-16,328264,3
ZN,2012-05-16,585392,2
ZN,2012-05-16,619999,1
ZN,2012-05-16,720496,1
ZN,2012-05-16,896125,1
ZN,2012-05-17,328264,3
ZN,2012-05-17,585392,2
ZN,2012-05-17,619999,1
ZN,2012-05-17,720496,1
ZN,2012-05-17,896125,1
ZN,2012-05-18,328264,3
ZN,2012-05-18,585392,2
ZN,2012-05-18,619999,1
ZN,2012-05-18,720496,1
ZN,2012-05-18,896125,1
ZN,2012-05-21,328264,3
ZN,2012-05-21,585392,2
ZN,2012-05-21,619999,1
ZN,2012-05-21,720496,1
ZN,2012-05-21,896125,1
ZN,2012-05-22,328264,3
ZN,2012-05-22,585392,2
ZN,2012-05-22,619999,1
ZN,2012-05-22,720496,1
ZN,2012-05-22,896125,1
ZN,2012-05-23,328264,3
ZN,2012-05-23,585392,2
ZN,2012-05-23,619999,1
ZN,2012-05-23,720496,1
ZN,2012-05-23,896125,1
ZN,2012-05-24,328264,4
ZN,2012-05-24,585392,3
ZN,2012-05-24,619999,1
ZN,2012-05-24,720496,2
ZN,2012-05-24,896125,1
ZN,2012-05-25,328264,3
ZN,2012-05-25,585392,2
ZN,2012-05-25,619999,1
ZN,2012-05-25,720496,1
ZN,2012-05-25,896125,1
ZN,2012-05-29,328264,3
ZN,2012-05-29,585392,2
ZN,2012-05-29,619999,1
ZN,2012-05-29,720496,1
ZN,2012-05-29,896125,1
ZN,2012-05-30,328264,3
ZN,2012-05-30,585392,2
ZN,2012-05-30,619999,1
ZN,2012-05-30,720496,1
ZN,2012-05-30,896125,1
ZN,2012-05-31,328264,2
ZN,2012-05-31,585392,3
ZN,2012-05-31,619999,1
ZN,2012-05-31,720496,1
ZN,2012-05-31,896125,1
ZN,2012-06-01,328264,2
ZN,2012-06-01,585392,3
ZN,2012-06-01,619999,1
ZN,2012-06-01,720496,1
ZN,2012-06-01,896125,1
ZN,2012-06-04,328264,2
ZN,2012-06-04,585392,3
ZN,2012-06-04,619999,1
ZN,2012-06-04,720496,1
ZN,2012-06-04,896125,1
ZN,2012-06-05,328264,2
ZN,2012-06-05,585392,3
ZN,2012-06-05,619999,1
ZN,2012-06-05,720496,1
ZN,2012-06-05,896125,1
ZN,2012-06-06,328264,2
ZN,2012-06-06,585392,3
ZN,2012-06-06,619999,1
ZN,2012-06-06,720496,1
ZN,2012-06-06,896125,1
ZN,2012-06-07,328264,2
ZN,2012-06-07,585392,3
ZN,2012-06-07,619999,1
ZN,2012-06-07,720496,1
ZN,2012-06-07,896125,1
ZN,2012-06-08,328264,2
ZN,2012-06-08,585392,3
ZN,2012-06-08,619999,1
ZN,2012-06-08,720496,1
ZN,2012-06-08,896125,1
ZN,2012-06-11,328264,2
ZN,2012-06-11,585392,3
ZN,2012-06-11,619999,1
ZN,2012-06-11,720496,1
ZN,2012-06-11,896125,1
ZN,2012-06-12,328264,2
ZN,2012-06-12,585392,3
ZN,2012-06-12,619999,1
ZN,2012-06-12,720496,1
ZN,2012-06-12,896125,1
ZN,2012-06-13,328264,2
ZN,2012-06-13,585392,3
ZN,2012-06-13,619999,1
ZN,2012-06-13,720496,1
ZN,2012-06-13,896125,1
ZN,2012-06-14,328264,2
ZN,2012-06-14,585392,3
ZN,2012-06-14,619999,1
ZN,2012-06-14,720496,1
ZN,2012-06-14,896125,1
ZN,2012-06-15,328264,3
ZN,2012-06-15,585392,4
ZN,2012-06-15,619999,1
ZN,2012-06-15,720496,2
ZN,2012-06-15,896125,1
ZN,2012-06-18,328264,2
ZN,2012-06-18,585392,3
ZN,2012-06-18,619999,1
ZN,2012-06-18,720496,1
ZN,2012-06-18,896125,1
ZN,2012-06-19,328264,3
ZN,2012-06-19,585392,4
ZN,2012-06-19,619999,1
ZN,2012-06-19,720496,2
ZN,2012-06-19,896125,1
ZN,2012-06-20,328264,2
ZN,2012-06-20,400198,1
ZN,2012-06-20,585392,3
ZN,2012-06-20,619999,1
ZN,2012-06-20,720496,1
ZN,2012-06-20,896125,1
ZN,2012-06-21,400198,1
ZN,2012-06-21,585392,3
ZN,2012-06-21,619999,1
ZN,2012-06-21,720496,2
ZN,2012-06-21,896125,1
ZN,2012-06-22,400198,1
ZN,2012-06-22,585392,2
ZN,2012-06-22,619999,1
ZN,2012-06-22,720496,1
ZN,2012-06-22,896125,1
ZN,2012-06-25,400198,1
ZN,2012-06-25,585392,2
ZN,2012-06-25,619999,1
ZN,2012-06-25,720496,1
ZN,2012-06-25,896125,1
ZN,2012-06-26,400198,1
ZN,2012-06-26,585392,2
ZN,2012-06-26,619999,1
ZN,2012-06-26,720496,1
ZN,2012-06-26,896125,1
ZN,2012-06-27,400198,1
ZN,2012-06-27,585392,2
ZN,2012-06-27,619999,1
ZN,2012-06-27,720496,1
ZN,2012-06-27,896125,1
ZN,2012-06-28,400198,1
ZN,2012-06-28,585392,2
ZN,2012-06-28,619999,1
ZN,2012-06-28,720496,1
ZN,2012-06-28,896125,1
ZN,2012-06-29,400198,1
ZN,2012-06-29,585392,3
ZN,2012-06-29,619999,1
ZN,2012-06-29,720496,2
ZN,2012-06-29,896125,1
ZN,2012-07-02,400198,1
ZN,2012-07-02,585392,3
ZN,2012-07-02,619999,1
ZN,2012-07-02,720496,2
ZN,2012-07-02,896125,1
ZN,2012-07-03,400198,1
ZN,2012-07-03,585392,3
ZN,2012-07-03,619999,1
ZN,2012-07-03,720496,2
ZN,2012-07-03,896125,1
ZN,2012-07-05,400198,1
ZN,2012-07-05,585392,3
ZN,2012-07-05,619999,1
ZN,2012-07-05,720496,2
ZN,2012-07-05,896125,1
ZN,2012-07-06,400198,1
ZN,2012-07-06,585392,3
ZN,2012-07-06,619999,1
ZN,2012-07-06,720496,2
ZN,2012-07-06,896125,1
ZN,2012-07-09,400198,1
ZN,2012-07-09,585392,3
ZN,2012-07-09,619999,1
ZN,2012-07-09,720496,2
ZN,2012-07-09,896125,1
ZN,2012-07-10,400198,1
ZN,2012-07-10,585392,3
ZN,2012-07-10,619999,1
ZN,2012-07-10,720496,2
ZN,2012-07-10,896125,1
ZN,2012-07-11,400198,1
ZN,2012-07-11,585392,3
ZN,2012-07-11,619999,1
ZN,2012-07-11,720496,2
ZN,2012-07-11,896125,1
ZN,2012-07-12,400198,1
ZN,2012-07-12,585392,3
ZN,2012-07-12,619999,1
ZN,2012-07-12,720496,2
ZN,2012-07-12,896125,1
ZN,2012-07-13,400198,1
ZN,2012-07-13,585392,2
ZN,2012-07-13,619999,1
ZN,2012-07-13,720496,1
ZN,2012-07-13,896125,1
ZN,2012-07-16,400198,1
ZN,2012-07-16,585392,3
ZN,2012-07-16,619999,1
ZN,2012-07-16,720496,2
ZN,2012-07-16,896125,1
ZN,2012-07-17,400198,1
ZN,2012-07-17,585392,3
ZN,2012-07-17,619999,1
ZN,2012-07-17,720496,2
ZN,2012-07-17,896125,1
ZN,2012-07-18,400198,1
ZN,2012-07-18,585392,3
ZN,2012-07-18,619999,1
ZN,2012-07-18,720496,2
ZN,2012-07-18,896125,1
ZN,2012-07-19,400198,1
ZN,2012-07-19,585392,3
ZN,2012-07-19,619999,1
ZN,2012-07-19,720496,2
ZN,2012-07-19,896125,1
ZN,2012-07-20,400198,1
ZN,2012-07-20,585392,3
ZN,2012-07-20,619999,1
ZN,2012-07-20,720496,2
ZN,2012-07-20,896125,1
ZN,2012-07-23,400198,1
ZN,2012-07-23,585392,3
ZN,2012-07-23,619999,1
ZN,2012-07-23,720496,2
ZN,2012-07-23,896125,1
ZN,2012-07-24,400198,1
ZN,2012-07-24,585392,3
ZN,2012-07-24,619999,1
ZN,2012-07-24,720496,2
ZN,2012-07-24,896125,1
ZN,2012-07-25,400198,1
ZN,2012-07-25,585392,3
ZN,2012-07-25,619999,1
ZN,2012-07-25,720496,2
ZN,2012-07-25,896125,1
ZN,2012-07-26,400198,1
ZN,2012-07-26,585392,3
ZN,2012-07-26,619999,1
ZN,2012-07-26,720496,2
ZN,2012-07-26,896125,1
ZN,2012-07-27,400198,1
ZN,2012-07-27,585392,3
ZN,2012-07-27,619999,1
ZN,2012-07-27,720496,2
ZN,2012-07-27,896125,1
ZN,2012-07-30,400198,1
ZN,2012-07-30,585392,3
ZN,2012-07-30,619999,1
ZN,2012-07-30,720496,2
ZN,2012-07-30,896125,1
ZN,2012-07-31,400198,1
ZN,2012-07-31,585392,3
ZN,2012-07-31,619999,1
ZN,2012-07-31,720496,2
ZN,2012-07-31,896125,1
ZN,2012-08-01,400198,1
ZN,2012-08-01,585392,3
ZN,2012-08-01,619999,1
ZN,2012-08-01,720496,2
ZN,2012-08-01,896125,1
ZN,2012-08-02,400198,1
ZN,2012-08-02,585392,3
ZN,2012-08-02,619999,1
ZN,2012-08-02,720496,2
ZN,2012-08-02,896125,1
ZN,2012-08-03,400198,1
ZN,2012-08-03,585392,3
ZN,2012-08-03,619999,1
ZN,2012-08-03,720496,2
ZN,2012-08-03,896125,1
ZN,2012-08-06,400198,1
ZN,2012-08-06,585392,3
ZN,2012-08-06,619999,1
ZN,2012-08-06,720496,2
ZN,2012-08-06,896125,1
ZN,2012-08-07,400198,1
ZN,2012-08-07,585392,3
ZN,2012-08-07,619999,1
ZN,2012-08-07,720496,2
ZN,2012-08-07,896125,1
ZN,2012-08-08,400198,1
ZN,2012-08-08,585392,3
ZN,2012-08-08,619999,1
ZN,2012-08-08,720496,2
ZN,2012-08-08,896125,1
ZN,2012-08-09,400198,1
ZN,2012-08-09,585392,3
ZN,2012-08-09,619999,1
ZN,2012-08-09,720496,2
ZN,2012-08-09,896125,1
ZN,2012-08-10,400198,1
ZN,2012-08-10,585392,3
ZN,2012-08-10,619999,1
ZN,2012-08-10,720496,2
ZN,2012-08-10,896125,1
ZN,2012-08-13,400198,1
ZN,2012-08-13,585392,3
ZN,2012-08-13,619999,1
ZN,2012-08-13,720496,2
ZN,2012-08-13,896125,1
ZN,2012-08-14,400198,1
ZN,2012-08-14,585392,3
ZN,2012-08-14,619999,1
ZN,2012-08-14,720496,2
ZN,2012-08-14,896125,1
ZN,2012-08-15,400198,1
ZN,2012-08-15,585392,3
ZN,2012-08-15,619999,1
ZN,2012-08-15,720496,2
ZN,2012-08-15,896125,1
ZN,2012-08-16,400198,1
ZN,2012-08-16,585392,3
ZN,2012-08-16,619999,1
ZN,2012-08-16,720496,2
ZN,2012-08-16,896125,1
ZN,2012-08-17,400198,1
ZN,2012-08-17,585392,3
ZN,2012-08-17,619999,1
ZN,2012-08-17,720496,2
ZN,2012-08-17,896125,1
ZN,2012-08-20,400198,1
ZN,2012-08-20,585392,3
ZN,2012-08-20,619999,1
ZN,2012-08-20,720496,2
ZN,2012-08-20,896125,1
ZN,2012-08-21,400198,1
ZN,2012-08-21,585392,3
ZN,2012-08-21,619999,1
ZN,2012-08-21,720496,2
ZN,2012-08-21,896125,1
ZN,2012-08-22,400198,1
ZN,2012-08-22,585392,3
ZN,2012-08-22,619999,1
ZN,2012-08-22,720496,2
ZN,2012-08-22,896125,1
ZN,2012-08-23,400198,1
ZN,2012-08-23,585392,3
ZN,2012-08-23,619999,1
ZN,2012-08-23,720496,2
ZN,2012-08-23,896125,1
ZN,2012-08-24,400198,1
ZN,2012-08-24,585392,3
ZN,2012-08-24,619999,1
ZN,2012-08-24,720496,2
ZN,2012-08-24,896125,1
ZN,2012-08-27,400198,1
ZN,2012-08-27,585392,3
ZN,2012-08-27,619999,1
ZN,2012-08-27,720496,2
ZN,2012-08-27,896125,1
ZN,2012-08-28,400198,1
ZN,2012-08-28,585392,3
ZN,2012-08-28,619999,1
ZN,2012-08-28,720496,2
ZN,2012-08-28,896125,1
ZN,2012-08-29,400198,1
ZN,2012-08-29,585392,3
ZN,2012-08-29,619999,1
ZN,2012-08-29,720496,2
ZN,2012-08-29,896125,1
ZN,2012-08-30,400198,1
ZN,2012-08-30,585392,3
ZN,2012-08-30,619999,1
ZN,2012-08-30,720496,2
ZN,2012-08-30,896125,1
ZN,2012-08-31,400198,1
ZN,2012-08-31,585392,2
ZN,2012-08-31,619999,1
ZN,2012-08-31,720496,3
ZN,2012-08-31,896125,1
ZN,2012-09-04,400198,1
ZN,2012-09-04,585392,2
ZN,2012-09-04,619999,1
ZN,2012-09-04,720496,3
ZN,2012-09-04,896125,1
ZN,2012-09-05,400198,1
ZN,2012-09-05,585392,2
ZN,2012-09-05,619999,1
ZN,2012-09-05,720496,3
ZN,2012-09-05,896125,1
ZN,2012-09-06,400198,1
ZN,2012-09-06,585392,2
ZN,2012-09-06,619999,1
ZN,2012-09-06,720496,3
ZN,2012-09-06,896125,1
ZN,2012-09-07,400198,1
ZN,2012-09-07,585392,2
ZN,2012-09-07,619999,1
ZN,2012-09-07,720496,3
ZN,2012-09-07,896125,1
ZN,2012-09-10,400198,1
ZN,2012-09-10,585392,2
ZN,2012-09-10,619999,1
ZN,2012-09-10,720496,3
ZN,2012-09-10,896125,1
ZN,2012-09-11,400198,1
ZN,2012-09-11,585392,2
ZN,2012-09-11,619999,1
ZN,2012-09-11,720496,3
ZN,2012-09-11,896125,1
ZN,2012-09-12,400198,1
ZN,2012-09-12,585392,2
ZN,2012-09-12,619999,1
ZN,2012-09-12,720496,3
ZN,2012-09-12,896125,1
ZN,2012-09-13,400198,1
ZN,2012-09-13,585392,2
ZN,2012-09-13,619999,1
ZN,2012-09-13,720496,3
ZN,2012-09-13,896125,1
ZN,2012-09-14,400198,1
ZN,2012-09-14,585392,2
ZN,2012-09-14,619999,1
ZN,2012-09-14,720496,3
ZN,2012-09-14,896125,1
ZN,2012-09-17,400198,1
ZN,2012-09-17,585392,3
ZN,2012-09-17,619999,1
ZN,2012-09-17,720496,4
ZN,2012-09-17,896125,2
ZN,2012-09-18,400198,1
ZN,2012-09-18,585392,2
ZN,2012-09-18,619999,1
ZN,2012-09-18,720496,3
ZN,2012-09-18,896125,1
ZN,2012-09-19,400198,1
ZN,2012-09-19,585392,3
ZN,2012-09-19,619999,1
ZN,2012-09-19,720496,4
ZN,2012-09-19,780401,1
ZN,2012-09-19,896125,2
ZN,2012-09-20,400198,1
ZN,2012-09-20,619999,1
ZN,2012-09-20,720496,2
ZN,2012-09-20,780401,1
ZN,2012-09-20,896125,1
ZN,2012-09-21,400198,1
ZN,2012-09-21,619999,1
ZN,2012-09-21,720496,3
ZN,2012-09-21,780401,1
ZN,2012-09-21,896125,2
ZN,2012-09-24,400198,1
ZN,2012-09-24,619999,1
ZN,2012-09-24,720496,2
ZN,2012-09-24,780401,1
ZN,2012-09-24,896125,1
ZN,2012-09-25,400198,1
ZN,2012-09-25,619999,1
ZN,2012-09-25,720496,2
ZN,2012-09-25,780401,1
ZN,2012-09-25,896125,1
ZN,2012-09-26,400198,1
ZN,2012-09-26,619999,1
ZN,2012-09-26,720496,3
ZN,2012-09-26,780401,1
ZN,2012-09-26,896125,2
ZN,2012-09-27,400198,1
ZN,2012-09-27,619999,1
ZN,2012-09-27,720496,3
ZN,2012-09-27,780401,1
ZN,2012-09-27,896125,2
ZN,2012-09-28,400198,1
ZN,2012-09-28,619999,1
ZN,2012-09-28,720496,3
ZN,2012-09-28,780401,1
ZN,2012-09-28,896125,2
ZN,2012-10-01,400198,1
ZN,2012-10-01,619999,1
ZN,2012-10-01,720496,3
ZN,2012-10-01,780401,1
ZN,2012-10-01,896125,2
ZN,2012-10-02,400198,1
ZN,2012-10-02,619999,1
ZN,2012-10-02,720496,3
ZN,2012-10-02,780401,1
ZN,2012-10-02,896125,2
ZN,2012-10-03,400198,1
ZN,2012-10-03,619999,1
ZN,2012-10-03,720496,3
ZN,2012-10-03,780401,1
ZN,2012-10-03,896125,2
ZN,2012-10-04,400198,1
ZN,2012-10-04,619999,1
ZN,2012-10-04,720496,3
ZN,2012-10-04,780401,1
ZN,2012-10-04,896125,2
ZN,2012-10-05,400198,1
ZN,2012-10-05,619999,1
ZN,2012-10-05,720496,2
ZN,2012-10-05,780401,1
ZN,2012-10-05,896125,1
ZN,2012-10-08,400198,1
ZN,2012-10-08,619999,1
ZN,2012-10-08,720496,3
ZN,2012-10-08,780401,1
ZN,2012-10-08,896125,2
ZN,2012-10-09,400198,1
ZN,2012-10-09,619999,1
ZN,2012-10-09,720496,3
ZN,2012-10-09,780401,1
ZN,2012-10-09,896125,2
ZN,2012-10-10,400198,1
ZN,2012-10-10,619999,1
ZN,2012-10-10,720496,3
ZN,2012-10-10,780401,1
ZN,2012-10-10,896125,2
ZN,2012-10-11,400198,1
ZN,2012-10-11,619999,1
ZN,2012-10-11,720496,3
ZN,2012-10-11,780401,1
ZN,2012-10-11,896125,2
ZN,2012-10-12,400198,1
ZN,2012-10-12,619999,1
ZN,2012-10-12,720496,3
ZN,2012-10-12,780401,1
ZN,2012-10-12,896125,2
ZN,2012-10-15,400198,1
ZN,2012-10-15,619999,1
ZN,2012-10-15,720496,3
ZN,2012-10-15,780401,1
ZN,2012-10-15,896125,2
ZN,2012-10-16,400198,1
ZN,2012-10-16,619999,1
ZN,2012-10-16,720496,3
ZN,2012-10-16,780401,1
ZN,2012-10-16,896125,2
ZN,2012-10-17,400198,1
ZN,2012-10-17,619999,1
ZN,2012-10-17,720496,3
ZN,2012-10-17,780401,1
ZN,2012-10-17,896125,2
ZN,2012-10-18,400198,1
ZN,2012-10-18,619999,1
ZN,2012-10-18,720496,3
ZN,2012-10-18,780401,1
ZN,2012-10-18,896125,2
ZN,2012-10-19,400198,1
ZN,2012-10-19,619999,1
ZN,2012-10-19,720496,3
ZN,2012-10-19,780401,1
ZN,2012-10-19,896125,2
ZN,2012-10-22,400198,1
ZN,2012-10-22,619999,1
ZN,2012-10-22,720496,3
ZN,2012-10-22,780401,1
ZN,2012-10-22,896125,2
ZN,2012-10-23,400198,1
ZN,2012-10-23,619999,1
ZN,2012-10-23,720496,3
ZN,2012-10-23,780401,1
ZN,2012-10-23,896125,2
ZN,2012-10-24,400198,1
ZN,2012-10-24,619999,1
ZN,2012-10-24,720496,3
ZN,2012-10-24,780401,1
ZN,2012-10-24,896125,2
ZN,2012-10-25,400198,1
ZN,2012-10-25,619999,1
ZN,2012-10-25,720496,3
ZN,2012-10-25,780401,1
ZN,2012-10-25,896125,2
ZN,2012-10-26,400198,1
ZN,2012-10-26,619999,1
ZN,2012-10-26,720496,3
ZN,2012-10-26,780401,1
ZN,2012-10-26,896125,2
ZN,2012-10-29,400198,1
ZN,2012-10-29,619999,1
ZN,2012-10-29,720496,3
ZN,2012-10-29,780401,1
ZN,2012-10-29,896125,2
ZN,2012-10-30,400198,1
ZN,2012-10-30,619999,1
ZN,2012-10-30,720496,3
ZN,2012-10-30,780401,1
ZN,2012-10-30,896125,2
ZN,2012-10-31,400198,1
ZN,2012-10-31,619999,1
ZN,2012-10-31,720496,3
ZN,2012-10-31,780401,1
ZN,2012-10-31,896125,2
ZN,2012-11-01,400198,1
ZN,2012-11-01,619999,1
ZN,2012-11-01,720496,3
ZN,2012-11-01,780401,1
ZN,2012-11-01,896125,2
ZN,2012-11-02,400198,1
ZN,2012-11-02,619999,1
ZN,2012-11-02,720496,3
ZN,2012-11-02,780401,1
ZN,2012-11-02,896125,2
ZN,2012-11-05,400198,1
ZN,2012-11-05,619999,1
ZN,2012-11-05,720496,3
ZN,2012-11-05,780401,1
ZN,2012-11-05,896125,2
ZN,2012-11-06,400198,1
ZN,2012-11-06,619999,1
ZN,2012-11-06,720496,3
ZN,2012-11-06,780401,1
ZN,2012-11-06,896125,2
ZN,2012-11-07,400198,1
ZN,2012-11-07,619999,1
ZN,2012-11-07,720496,3
ZN,2012-11-07,780401,1
ZN,2012-11-07,896125,2
ZN,2012-11-08,400198,1
ZN,2012-11-08,619999,1
ZN,2012-11-08,720496,3
ZN,2012-11-08,780401,1
ZN,2012-11-08,896125,2
ZN,2012-11-09,400198,1
ZN,2012-11-09,619999,1
ZN,2012-11-09,720496,3
ZN,2012-11-09,780401,1
ZN,2012-11-09,896125,2
ZN,2012-11-12,400198,1
ZN,2012-11-12,619999,1
ZN,2012-11-12,720496,3
ZN,2012-11-12,780401,1
ZN,2012-11-12,896125,2
ZN,2012-11-13,400198,1
ZN,2012-11-13,619999,1
ZN,2012-11-13,720496,3
ZN,2012-11-13,780401,1
ZN,2012-11-13,896125,2
ZN,2012-11-14,400198,1
ZN,2012-11-14,619999,1
ZN,2012-11-14,720496,3
ZN,2012-11-14,780401,1
ZN,2012-11-14,896125,2
ZN,2012-11-15,400198,1
ZN,2012-11-15,619999,1
ZN,2012-11-15,720496,3
ZN,2012-11-15,780401,1
ZN,2012-11-15,896125,2
ZN,2012-11-16,400198,1
ZN,2012-11-16,619999,1
ZN,2012-11-16,720496,3
ZN,2012-11-16,780401,1
ZN,2012-11-16,896125,2
ZN,2012-11-19,400198,1
ZN,2012-11-19,619999,1
ZN,2012-11-19,720496,3
ZN,2012-11-19,780401,1
ZN,2012-11-19,896125,2
ZN,2012-11-20,400198,1
ZN,2012-11-20,619999,1
ZN,2012-11-20,720496,3
ZN,2012-11-20,780401,1
ZN,2012-11-20,896125,2
ZN,2012-11-21,400198,1
ZN,2012-11-21,619999,1
ZN,2012-11-21,720496,3
ZN,2012-11-21,780401,1
ZN,2012-11-21,896125,2
ZN,2012-11-23,400198,1
ZN,2012-11-23,619999,1
ZN,2012-11-23,720496,3
ZN,2012-11-23,780401,1
ZN,2012-11-23,896125,2
ZN,2012-11-26,400198,1
ZN,2012-11-26,619999,1
ZN,2012-11-26,720496,3
ZN,2012-11-26,780401,1
ZN,2012-11-26,896125,2
ZN,2012-11-27,400198,1
ZN,2012-11-27,619999,1
ZN,2012-11-27,720496,3
ZN,2012-11-27,780401,1
ZN,2012-11-27,896125,2
ZN,2012-11-28,400198,1
ZN,2012-11-28,619999,1
ZN,2012-11-28,720496,3
ZN,2012-11-28,780401,1
ZN,2012-11-28,896125,2
ZN,2012-11-29,400198,1
ZN,2012-11-29,619999,1
ZN,2012-11-29,720496,3
ZN,2012-11-29,780401,1
ZN,2012-11-29,896125,2
ZN,2012-11-30,400198,1
ZN,2012-11-30,619999,1
ZN,2012-11-30,720496,2
ZN,2012-11-30,780401,1
ZN,2012-11-30,896125,3
ZN,2012-12-03,400198,1
ZN,2012-12-03,619999,1
ZN,2012-12-03,720496,2
ZN,2012-12-03,780401,1
ZN,2012-12-03,896125,3
ZN,2012-12-04,400198,1
ZN,2012-12-04,619999,1
ZN,2012-12-04,720496,2
ZN,2012-12-04,780401,1
ZN,2012-12-04,896125,3
ZN,2012-12-05,400198,1
ZN,2012-12-05,619999,1
ZN,2012-12-05,720496,2
ZN,2012-12-05,780401,1
ZN,2012-12-05,896125,3
ZN,2012-12-06,400198,1
ZN,2012-12-06,619999,1
ZN,2012-12-06,720496,2
ZN,2012-12-06,780401,1
ZN,2012-12-06,896125,3
ZN,2012-12-07,400198,1
ZN,2012-12-07,619999,1
ZN,2012-12-07,720496,2
ZN,2012-12-07,780401,1
ZN,2012-12-07,896125,3
ZN,2012-12-10,400198,1
ZN,2012-12-10,619999,1
ZN,2012-12-10,720496,2
ZN,2012-12-10,780401,1
ZN,2012-12-10,896125,3
ZN,2012-12-11,400198,1
ZN,2012-12-11,619999,1
ZN,2012-12-11,720496,2
ZN,2012-12-11,780401,1
ZN,2012-12-11,896125,3
ZN,2012-12-12,400198,1
ZN,2012-12-12,619999,1
ZN,2012-12-12,720496,2
ZN,2012-12-12,780401,1
ZN,2012-12-12,896125,3
ZN,2012-12-13,400198,1
ZN,2012-12-13,619999,1
ZN,2012-12-13,720496,2
ZN,2012-12-13,780401,1
ZN,2012-12-13,896125,3
ZN,2012-12-14,400198,1
ZN,2012-12-14,619999,1
ZN,2012-12-14,720496,2
ZN,2012-12-14,780401,1
ZN,2012-12-14,896125,3
ZN,2012-12-17,400198,1
ZN,2012-12-17,619999,1
ZN,2012-12-17,720496,2
ZN,2012-12-17,780401,1
ZN,2012-12-17,896125,3
ZN,2012-12-18,400198,1
ZN,2012-12-18,619999,1
ZN,2012-12-18,720496,2
ZN,2012-12-18,780401,1
ZN,2012-12-18,896125,3
ZN,2012-12-19,381207,1
ZN,2012-12-19,400198,1
ZN,2012-12-19,619999,1
ZN,2012-12-19,720496,2
ZN,2012-12-19,780401,1
ZN,2012-12-19,896125,3
ZN,2012-12-20,381207,1
ZN,2012-12-20,400198,1
ZN,2012-12-20,619999,1
ZN,2012-12-20,780401,1
ZN,2012-12-20,896125,2
ZN,2012-12-21,381207,1
ZN,2012-12-21,400198,1
ZN,2012-12-21,619999,1
ZN,2012-12-21,780401,1
ZN,2012-12-21,896125,2
ZN,2012-12-24,381207,1
ZN,2012-12-24,400198,1
ZN,2012-12-24,619999,1
ZN,2012-12-24,780401,1
ZN,2012-12-24,896125,2
ZN,2012-12-26,381207,1
ZN,2012-12-26,400198,1
ZN,2012-12-26,619999,1
ZN,2012-12-26,780401,1
ZN,2012-12-26,896125,2
ZN,2012-12-27,381207,1
ZN,2012-12-27,400198,1
ZN,2012-12-27,619999,1
ZN,2012-12-27,780401,1
ZN,2012-12-27,896125,2
ZN,2012-12-28,381207,1
ZN,2012-12-28,400198,1
ZN,2012-12-28,619999,1
ZN,2012-12-28,780401,1
ZN,2012-12-28,896125,2
ZN,2012-12-31,381207,1
ZN,2012-12-31,400198,1
ZN,2012-12-31,619999,1
ZN,2012-12-31,780401,1
ZN,2012-12-31,896125,2
ZN,2013-01-02,381207,1
ZN,2013-01-02,400198,1
ZN,2013-01-02,619999,2
ZN,2013-01-02,780401,1
ZN,2013-01-02,896125,3
ZN,2013-01-03,381207,1
ZN,2013-01-03,400198,1
ZN,2013-01-03,619999,2
ZN,2013-01-03,780401,1
ZN,2013-01-03,896125,3
ZN,2013-01-04,381207,1
ZN,2013-01-04,400198,1
ZN,2013-01-04,619999,2
ZN,2013-01-04,780401,1
ZN,2013-01-04,896125,3
ZN,2013-01-07,381207,1
ZN,2013-01-07,400198,1
ZN,2013-01-07,619999,2
ZN,2013-01-07,780401,1
ZN,2013-01-07,896125,3
ZN,2013-01-08,381207,1
ZN,2013-01-08,400198,1
ZN,2013-01-08,619999,2
ZN,2013-01-08,780401,1
ZN,2013-01-08,896125,3
ZN,2013-01-09,381207,1
ZN,2013-01-09,400198,1
ZN,2013-01-09,619999,2
ZN,2013-01-09,780401,1
ZN,2013-01-09,896125,3
ZN,2013-01-10,381207,1
ZN,2013-01-10,400198,1
ZN,2013-01-10,619999,2
ZN,2013-01-10,780401,1
ZN,2013-01-10,896125,3
ZN,2013-01-11,381207,1
ZN,2013-01-11,400198,1
ZN,2013-01-11,619999,2
ZN,2013-01-11,780401,1
ZN,2013-01-11,896125,3
ZN,2013-01-14,381207,1
ZN,2013-01-14,400198,1
ZN,2013-01-14,619999,2
ZN,2013-01-14,780401,1
ZN,2013-01-14,896125,3
ZN,2013-01-15,381207,1
ZN,2013-01-15,400198,1
ZN,2013-01-15,619999,2
ZN,2013-01-15,780401,1
ZN,2013-01-15,896125,3
ZN,2013-01-16,381207,1
ZN,2013-01-16,400198,1
ZN,2013-01-16,619999,2
ZN,2013-01-16,780401,1
ZN,2013-01-16,896125,3
ZN,2013-01-17,381207,1
ZN,2013-01-17,400198,1
ZN,2013-01-17,619999,2
ZN,2013-01-17,780401,1
ZN,2013-01-17,896125,3
ZN,2013-01-18,381207,1
ZN,2013-01-18,400198,1
ZN,2013-01-18,619999,2
ZN,2013-01-18,780401,1
ZN,2013-01-18,896125,3
ZN,2013-01-22,381207,1
ZN,2013-01-22,400198,1
ZN,2013-01-22,619999,2
ZN,2013-01-22,780401,1
ZN,2013-01-22,896125,3
ZN,2013-01-23,381207,1
ZN,2013-01-23,400198,1
ZN,2013-01-23,619999,2
ZN,2013-01-23,780401,1
ZN,2013-01-23,896125,3
ZN,2013-01-24,381207,1
ZN,2013-01-24,400198,1
ZN,2013-01-24,619999,2
ZN,2013-01-24,780401,1
ZN,2013-01-24,896125,3
ZN,2013-01-25,381207,1
ZN,2013-01-25,400198,1
ZN,2013-01-25,619999,2
ZN,2013-01-25,780401,1
ZN,2013-01-25,896125,3
ZN,2013-01-28,381207,1
ZN,2013-01-28,400198,1
ZN,2013-01-28,619999,2
ZN,2013-01-28,780401,1
ZN,2013-01-28,896125,3
ZN,2013-01-29,381207,1
ZN,2013-01-29,400198,1
ZN,2013-01-29,619999,2
ZN,2013-01-29,780401,1
ZN,2013-01-29,896125,3
ZN,2013-01-30,381207,1
ZN,2013-01-30,400198,1
ZN,2013-01-30,619999,2
ZN,2013-01-30,780401,1
ZN,2013-01-30,896125,3
ZN,2013-01-31,381207,1
ZN,2013-01-31,400198,1
ZN,2013-01-31,619999,2
ZN,2013-01-31,780401,1
ZN,2013-01-31,896125,3
ZN,2013-02-01,381207,1
ZN,2013-02-01,400198,1
ZN,2013-02-01,619999,2
ZN,2013-02-01,780401,1
ZN,2013-02-01,896125,3
ZN,2013-02-04,381207,1
ZN,2013-02-04,400198,1
ZN,2013-02-04,619999,2
ZN,2013-02-04,780401,1
ZN,2013-02-04,896125,3
ZN,2013-02-05,381207,1
ZN,2013-02-05,400198,1
ZN,2013-02-05,619999,2
ZN,2013-02-05,780401,1
ZN,2013-02-05,896125,3
ZN,2013-02-06,381207,1
ZN,2013-02-06,400198,1
ZN,2013-02-06,619999,2
ZN,2013-02-06,780401,1
ZN,2013-02-06,896125,3
ZN,2013-02-07,381207,1
ZN,2013-02-07,400198,1
ZN,2013-02-07,619999,2
ZN,2013-02-07,780401,1
ZN,2013-02-07,896125,3
ZN,2013-02-08,381207,1
ZN,2013-02-08,400198,1
ZN,2013-02-08,619999,2
ZN,2013-02-08,780401,1
ZN,2013-02-08,896125,3
ZN,2013-02-11,381207,1
ZN,2013-02-11,400198,1
ZN,2013-02-11,619999,2
ZN,2013-02-11,780401,1
ZN,2013-02-11,896125,3
ZN,2013-02-12,381207,1
ZN,2013-02-12,400198,1
ZN,2013-02-12,619999,2
ZN,2013-02-12,780401,1
ZN,2013-02-12,896125,3
ZN,2013-02-13,381207,1
ZN,2013-02-13,400198,1
ZN,2013-02-13,619999,2
ZN,2013-02-13,780401,1
ZN,2013-02-13,896125,3
ZN,2013-02-14,381207,1
ZN,2013-02-14,400198,1
ZN,2013-02-14,619999,2
ZN,2013-02-14,780401,1
ZN,2013-02-14,896125,3
ZN,2013-02-15,381207,1
ZN,2013-02-15,400198,1
ZN,2013-02-15,619999,2
ZN,2013-02-15,780401,1
ZN,2013-02-15,896125,3
ZN,2013-02-19,381207,1
ZN,2013-02-19,400198,1
ZN,2013-02-19,619999,2
ZN,2013-02-19,780401,1
ZN,2013-02-19,896125,3
ZN,2013-02-20,381207,1
ZN,2013-02-20,400198,1
ZN,2013-02-20,619999,2
ZN,2013-02-20,780401,1
ZN,2013-02-20,896125,3
ZN,2013-02-21,381207,1
ZN,2013-02-21,400198,1
ZN,2013-02-21,619999,2
ZN,2013-02-21,780401,1
ZN,2013-02-21,896125,3
ZN,2013-02-22,381207,1
ZN,2013-02-22,400198,1
ZN,2013-02-22,619999,2
ZN,2013-02-22,780401,1
ZN,2013-02-22,896125,3
ZN,2013-02-25,381207,1
ZN,2013-02-25,400198,1
ZN,2013-02-25,619999,2
ZN,2013-02-25,780401,1
ZN,2013-02-25,896125,3
ZN,2013-02-26,381207,1
ZN,2013-02-26,400198,1
ZN,2013-02-26,619999,2
ZN,2013-02-26,780401,1
ZN,2013-02-26,896125,3
ZN,2013-02-27,381207,1
ZN,2013-02-27,400198,1
ZN,2013-02-27,619999,2
ZN,2013-02-27,780401,1
ZN,2013-02-27,896125,3
ZN,2013-02-28,381207,1
ZN,2013-02-28,400198,1
ZN,2013-02-28,619999,3
ZN,2013-02-28,780401,1
ZN,2013-02-28,896125,2
ZN,2013-03-01,381207,1
ZN,2013-03-01,400198,1
ZN,2013-03-01,619999,3
ZN,2013-03-01,780401,1
ZN,2013-03-01,896125,2
ZN,2013-03-04,381207,1
ZN,2013-03-04,400198,1
ZN,2013-03-04,619999,3
ZN,2013-03-04,780401,1
ZN,2013-03-04,896125,2
ZN,2013-03-05,381207,1
ZN,2013-03-05,400198,1
ZN,2013-03-05,619999,3
ZN,2013-03-05,780401,1
ZN,2013-03-05,896125,2
ZN,2013-03-06,381207,1
ZN,2013-03-06,400198,1
ZN,2013-03-06,619999,3
ZN,2013-03-06,780401,1
ZN,2013-03-06,896125,2
ZN,2013-03-07,381207,1
ZN,2013-03-07,400198,1
ZN,2013-03-07,619999,3
ZN,2013-03-07,780401,1
ZN,2013-03-07,896125,2
ZN,2013-03-08,381207,1
ZN,2013-03-08,400198,1
ZN,2013-03-08,619999,3
ZN,2013-03-08,780401,1
ZN,2013-03-08,896125,2
ZN,2013-03-11,381207,1
ZN,2013-03-11,400198,1
ZN,2013-03-11,619999,3
ZN,2013-03-11,780401,1
ZN,2013-03-11,896125,2
ZN,2013-03-12,381207,1
ZN,2013-03-12,400198,1
ZN,2013-03-12,619999,3
ZN,2013-03-12,780401,1
ZN,2013-03-12,896125,2
ZN,2013-03-13,381207,1
ZN,2013-03-13,400198,1
ZN,2013-03-13,619999,3
ZN,2013-03-13,780401,1
ZN,2013-03-13,896125,2
ZN,2013-03-14,381207,1
ZN,2013-03-14,400198,1
ZN,2013-03-14,619999,3
ZN,2013-03-14,780401,1
ZN,2013-03-14,896125,2
ZN,2013-03-15,381207,1
ZN,2013-03-15,400198,1
ZN,2013-03-15,619999,3
ZN,2013-03-15,780401,1
ZN,2013-03-15,896125,2
ZN,2013-03-18,381207,1
ZN,2013-03-18,400198,1
ZN,2013-03-18,619999,3
ZN,2013-03-18,780401,1
ZN,2013-03-18,896125,2
ZN,2013-03-19,381207,1
ZN,2013-03-19,400198,1
ZN,2013-03-19,617542,1
ZN,2013-03-19,619999,3
ZN,2013-03-19,780401,1
ZN,2013-03-19,896125,2
ZN,2013-03-20,381207,1
ZN,2013-03-20,400198,2
ZN,2013-03-20,617542,1
ZN,2013-03-20,619999,3
ZN,2013-03-20,780401,1
ZN,2013-03-21,381207,1
ZN,2013-03-21,400198,1
ZN,2013-03-21,617542,1
ZN,2013-03-21,619999,2
ZN,2013-03-21,780401,1
ZN,2013-03-22,381207,1
ZN,2013-03-22,400198,1
ZN,2013-03-22,617542,1
ZN,2013-03-22,619999,2
ZN,2013-03-22,780401,1
ZN,2013-03-25,381207,1
ZN,2013-03-25,400198,1
ZN,2013-03-25,617542,1
ZN,2013-03-25,619999,2
ZN,2013-03-25,780401,1
ZN,2013-03-26,381207,1
ZN,2013-03-26,400198,1
ZN,2013-03-26,617542,1
ZN,2013-03-26,619999,2
ZN,2013-03-26,780401,1
ZN,2013-03-27,381207,1
ZN,2013-03-27,400198,1
ZN,2013-03-27,617542,1
ZN,2013-03-27,619999,2
ZN,2013-03-27,780401,1
ZN,2013-03-28,381207,1
ZN,2013-03-28,400198,2
ZN,2013-03-28,617542,1
ZN,2013-03-28,619999,3
ZN,2013-03-28,780401,1
ZN,2013-03-29,381207,1
ZN,2013-03-29,400198,1
ZN,2013-03-29,617542,1
ZN,2013-03-29,619999,1
ZN,2013-03-29,780401,1
ZN,2013-04-01,381207,1
ZN,2013-04-01,400198,2
ZN,2013-04-01,617542,1
ZN,2013-04-01,619999,3
ZN,2013-04-01,780401,1
ZN,2013-04-02,381207,1
ZN,2013-04-02,400198,2
ZN,2013-04-02,617542,1
ZN,2013-04-02,619999,3
ZN,2013-04-02,780401,1
ZN,2013-04-03,381207,1
ZN,2013-04-03,400198,2
ZN,2013-04-03,617542,1
ZN,2013-04-03,619999,3
ZN,2013-04-03,780401,1
ZN,2013-04-04,381207,1
ZN,2013-04-04,400198,2
ZN,2013-04-04,617542,1
ZN,2013-04-04,619999,3
ZN,2013-04-04,780401,1
ZN,2013-04-05,381207,1
ZN,2013-04-05,400198,2
ZN,2013-04-05,617542,1
ZN,2013-04-05,619999,3
ZN,2013-04-05,780401,1
ZN,2013-04-08,381207,1
ZN,2013-04-08,400198,2
ZN,2013-04-08,617542,1
ZN,2013-04-08,619999,3
ZN,2013-04-08,780401,1
ZN,2013-04-09,381207,1
ZN,2013-04-09,400198,2
ZN,2013-04-09,617542,1
ZN,2013-04-09,619999,3
ZN,2013-04-09,780401,1
ZN,2013-04-10,381207,1
ZN,2013-04-10,400198,2
ZN,2013-04-10,617542,1
ZN,2013-04-10,619999,3
ZN,2013-04-10,780401,1
ZN,2013-04-11,381207,1
ZN,2013-04-11,400198,2
ZN,2013-04-11,617542,1
ZN,2013-04-11,619999,3
ZN,2013-04-11,780401,1
ZN,2013-04-12,381207,1
ZN,2013-04-12,400198,2
ZN,2013-04-12,617542,1
ZN,2013-04-12,619999,3
ZN,2013-04-12,780401,1
ZN,2013-04-15,381207,1
ZN,2013-04-15,400198,2
ZN,2013-04-15,617542,1
ZN,2013-04-15,619999,3
ZN,2013-04-15,780401,1
ZN,2013-04-16,381207,1
ZN,2013-04-16,400198,2
ZN,2013-04-16,617542,1
ZN,2013-04-16,619999,3
ZN,2013-04-16,780401,1
ZN,2013-04-17,381207,1
ZN,2013-04-17,400198,2
ZN,2013-04-17,617542,1
ZN,2013-04-17,619999,3
ZN,2013-04-17,780401,1
ZN,2013-04-18,381207,1
ZN,2013-04-18,400198,2
ZN,2013-04-18,617542,1
ZN,2013-04-18,619999,3
ZN,2013-04-18,780401,1
ZN,2013-04-19,381207,1
ZN,2013-04-19,400198,2
ZN,2013-04-19,617542,1
ZN,2013-04-19,619999,3
ZN,2013-04-19,780401,1
ZN,2013-04-22,381207,1
ZN,2013-04-22,400198,2
ZN,2013-04-22,617542,1
ZN,2013-04-22,619999,3
ZN,2013-04-22,780401,1
ZN,2013-04-23,381207,1
ZN,2013-04-23,400198,2
ZN,2013-04-23,617542,1
ZN,2013-04-23,619999,3
ZN,2013-04-23,780401,1
ZN,2013-04-24,381207,1
ZN,2013-04-24,400198,2
ZN,2013-04-24,617542,1
ZN,2013-04-24,619999,3
ZN,2013-04-24,780401,1
ZN,2013-04-25,381207,1
ZN,2013-04-25,400198,2
ZN,2013-04-25,617542,1
ZN,2013-04-25,619999,3
ZN,2013-04-25,780401,1
ZN,2013-04-26,381207,1
ZN,2013-04-26,400198,2
ZN,2013-04-26,617542,1
ZN,2013-04-26,619999,3
ZN,2013-04-26,780401,1
ZN,2013-04-29,381207,1
ZN,2013-04-29,400198,2
ZN,2013-04-29,617542,1
ZN,2013-04-29,619999,3
ZN,2013-04-29,780401,1
ZN,2013-04-30,381207,1
ZN,2013-04-30,400198,2
ZN,2013-04-30,617542,1
ZN,2013-04-30,619999,3
ZN,2013-04-30,780401,1
ZN,2013-05-01,381207,1
ZN,2013-05-01,400198,2
ZN,2013-05-01,617542,1
ZN,2013-05-01,619999,3
ZN,2013-05-01,780401,1
ZN,2013-05-02,381207,1
ZN,2013-05-02,400198,2
ZN,2013-05-02,617542,1
ZN,2013-05-02,619999,3
ZN,2013-05-02,780401,1
ZN,2013-05-03,381207,1
ZN,2013-05-03,400198,2
ZN,2013-05-03,617542,1
ZN,2013-05-03,619999,3
ZN,2013-05-03,780401,1
ZN,2013-05-06,381207,1
ZN,2013-05-06,400198,2
ZN,2013-05-06,617542,1
ZN,2013-05-06,619999,3
ZN,2013-05-06,780401,1
ZN,2013-05-07,381207,1
ZN,2013-05-07,400198,2
ZN,2013-05-07,617542,1
ZN,2013-05-07,619999,3
ZN,2013-05-07,780401,1
ZN,2013-05-08,381207,1
ZN,2013-05-08,400198,2
ZN,2013-05-08,617542,1
ZN,2013-05-08,619999,3
ZN,2013-05-08,780401,1
ZN,2013-05-09,381207,1
ZN,2013-05-09,400198,2
ZN,2013-05-09,617542,1
ZN,2013-05-09,619999,3
ZN,2013-05-09,780401,1
ZN,2013-05-10,381207,1
ZN,2013-05-10,400198,2
ZN,2013-05-10,617542,1
ZN,2013-05-10,619999,3
ZN,2013-05-10,780401,1
ZN,2013-05-13,381207,1
ZN,2013-05-13,400198,2
ZN,2013-05-13,617542,1
ZN,2013-05-13,619999,3
ZN,2013-05-13,780401,1
ZN,2013-05-14,381207,1
ZN,2013-05-14,400198,2
ZN,2013-05-14,617542,1
ZN,2013-05-14,619999,3
ZN,2013-05-14,780401,1
ZN,2013-05-15,381207,1
ZN,2013-05-15,400198,2
ZN,2013-05-15,617542,1
ZN,2013-05-15,619999,3
ZN,2013-05-15,780401,1
ZN,2013-05-16,381207,1
ZN,2013-05-16,400198,2
ZN,2013-05-16,617542,1
ZN,2013-05-16,619999,3
ZN,2013-05-16,780401,1
ZN,2013-05-17,381207,1
ZN,2013-05-17,400198,2
ZN,2013-05-17,617542,1
ZN,2013-05-17,619999,3
ZN,2013-05-17,780401,1
ZN,2013-05-20,381207,1
ZN,2013-05-20,400198,2
ZN,2013-05-20,617542,1
ZN,2013-05-20,619999,3
ZN,2013-05-20,780401,1
ZN,2013-05-21,381207,1
ZN,2013-05-21,400198,2
ZN,2013-05-21,617542,1
ZN,2013-05-21,619999,3
ZN,2013-05-21,780401,1
ZN,2013-05-22,381207,1
ZN,2013-05-22,400198,2
ZN,2013-05-22,617542,1
ZN,2013-05-22,619999,3
ZN,2013-05-22,780401,1
ZN,2013-05-23,381207,1
ZN,2013-05-23,400198,2
ZN,2013-05-23,617542,1
ZN,2013-05-23,619999,3
ZN,2013-05-23,780401,1
ZN,2013-05-24,381207,1
ZN,2013-05-24,400198,2
ZN,2013-05-24,617542,1
ZN,2013-05-24,619999,3
ZN,2013-05-24,780401,1
ZN,2013-05-28,381207,1
ZN,2013-05-28,400198,2
ZN,2013-05-28,617542,1
ZN,2013-05-28,619999,3
ZN,2013-05-28,780401,1
ZN,2013-05-29,381207,1
ZN,2013-05-29,400198,2
ZN,2013-05-29,617542,1
ZN,2013-05-29,619999,3
ZN,2013-05-29,780401,1
ZN,2013-05-30,381207,1
ZN,2013-05-30,400198,2
ZN,2013-05-30,617542,1
ZN,2013-05-30,619999,3
ZN,2013-05-30,780401,1
ZN,2013-05-31,381207,1
ZN,2013-05-31,400198,3
ZN,2013-05-31,617542,1
ZN,2013-05-31,619999,2
ZN,2013-05-31,780401,1
ZN,2013-06-03,381207,1
ZN,2013-06-03,400198,3
ZN,2013-06-03,617542,1
ZN,2013-06-03,619999,2
ZN,2013-06-03,780401,1
ZN,2013-06-04,381207,1
ZN,2013-06-04,400198,3
ZN,2013-06-04,617542,1
ZN,2013-06-04,619999,2
ZN,2013-06-04,780401,1
ZN,2013-06-05,381207,1
ZN,2013-06-05,400198,3
ZN,2013-06-05,617542,1
ZN,2013-06-05,619999,2
ZN,2013-06-05,780401,1
ZN,2013-06-06,381207,1
ZN,2013-06-06,400198,3
ZN,2013-06-06,617542,1
ZN,2013-06-06,619999,2
ZN,2013-06-06,780401,1
ZN,2013-06-07,381207,1
ZN,2013-06-07,400198,3
ZN,2013-06-07,617542,1
ZN,2013-06-07,619999,2
ZN,2013-06-07,780401,1
ZN,2013-06-10,381207,1
ZN,2013-06-10,400198,3
ZN,2013-06-10,617542,1
ZN,2013-06-10,619999,2
ZN,2013-06-10,780401,1
ZN,2013-06-11,381207,1
ZN,2013-06-11,400198,3
ZN,2013-06-11,617542,1
ZN,2013-06-11,619999,2
ZN,2013-06-11,780401,1
ZN,2013-06-12,381207,1
ZN,2013-06-12,400198,3
ZN,2013-06-12,617542,1
ZN,2013-06-12,619999,2
ZN,2013-06-12,780401,1
ZN,2013-06-13,381207,1
ZN,2013-06-13,400198,3
ZN,2013-06-13,617542,1
ZN,2013-06-13,619999,2
ZN,2013-06-13,780401,1
ZN,2013-06-14,381207,1
ZN,2013-06-14,400198,3
ZN,2013-06-14,617542,1
ZN,2013-06-14,619999,2
ZN,2013-06-14,780401,1
ZN,2013-06-17,381207,1
ZN,2013-06-17,400198,3
ZN,2013-06-17,617542,1
ZN,2013-06-17,619999,2
ZN,2013-06-17,780401,1
ZN,2013-06-18,381207,1
ZN,2013-06-18,400198,3
ZN,2013-06-18,617542,1
ZN,2013-06-18,619999,2
ZN,2013-06-18,780401,1
ZN,2013-06-19,241710,1
ZN,2013-06-19,381207,1
ZN,2013-06-19,400198,4
ZN,2013-06-19,617542,1
ZN,2013-06-19,619999,3
ZN,2013-06-19,780401,2
ZN,2013-06-20,241710,1
ZN,2013-06-20,381207,1
ZN,2013-06-20,400198,2
ZN,2013-06-20,617542,1
ZN,2013-06-20,780401,1
ZN,2013-06-21,241710,1
ZN,2013-06-21,381207,1
ZN,2013-06-21,400198,2
ZN,2013-06-21,617542,1
ZN,2013-06-21,780401,1
ZN,2013-06-24,241710,1
ZN,2013-06-24,381207,1
ZN,2013-06-24,400198,2
ZN,2013-06-24,617542,1
ZN,2013-06-24,780401,1
ZN,2013-06-25,241710,1
ZN,2013-06-25,381207,1
ZN,2013-06-25,400198,3
ZN,2013-06-25,617542,1
ZN,2013-06-25,780401,2
ZN,2013-06-26,241710,1
ZN,2013-06-26,381207,1
ZN,2013-06-26,400198,3
ZN,2013-06-26,617542,1
ZN,2013-06-26,780401,2
ZN,2013-06-27,241710,1
ZN,2013-06-27,381207,1
ZN,2013-06-27,400198,3
ZN,2013-06-27,617542,1
ZN,2013-06-27,780401,2
ZN,2013-06-28,241710,1
ZN,2013-06-28,381207,1
ZN,2013-06-28,400198,2
ZN,2013-06-28,617542,1
ZN,2013-06-28,780401,1
ZN,2013-07-01,241710,1
ZN,2013-07-01,381207,1
ZN,2013-07-01,400198,2
ZN,2013-07-01,617542,1
ZN,2013-07-01,780401,1
ZN,2013-07-02,241710,1
ZN,2013-07-02,381207,1
ZN,2013-07-02,400198,2
ZN,2013-07-02,617542,1
ZN,2013-07-02,780401,1
ZN,2013-07-03,241710,1
ZN,2013-07-03,381207,1
ZN,2013-07-03,400198,2
ZN,2013-07-03,617542,1
ZN,2013-07-03,780401,1
ZN,2013-07-05,241710,1
ZN,2013-07-05,381207,1
ZN,2013-07-05,400198,3
ZN,2013-07-05,617542,1
ZN,2013-07-05,780401,2
ZN,2013-07-08,241710,1
ZN,2013-07-08,381207,1
ZN,2013-07-08,400198,3
ZN,2013-07-08,617542,1
ZN,2013-07-08,780401,2
ZN,2013-07-09,241710,1
ZN,2013-07-09,381207,1
ZN,2013-07-09,400198,3
ZN,2013-07-09,617542,1
ZN,2013-07-09,780401,2
ZN,2013-07-10,241710,1
ZN,2013-07-10,381207,1
ZN,2013-07-10,400198,3
ZN,2013-07-10,617542,1
ZN,2013-07-10,780401,2
ZN,2013-07-11,241710,1
ZN,2013-07-11,381207,1
ZN,2013-07-11,400198,3
ZN,2013-07-11,617542,1
ZN,2013-07-11,780401,2
ZN,2013-07-12,241710,1
ZN,2013-07-12,381207,1
ZN,2013-07-12,400198,3
ZN,2013-07-12,617542,1
ZN,2013-07-12,780401,2
ZN,2013-07-15,241710,1
ZN,2013-07-15,381207,1
ZN,2013-07-15,400198,3
ZN,2013-07-15,617542,1
ZN,2013-07-15,780401,2
ZN,2013-07-16,241710,1
ZN,2013-07-16,381207,1
ZN,2013-07-16,400198,3
ZN,2013-07-16,617542,1
ZN,2013-07-16,780401,2
ZN,2013-07-17,241710,1
ZN,2013-07-17,381207,1
ZN,2013-07-17,400198,3
ZN,2013-07-17,617542,1
ZN,2013-07-17,780401,2
ZN,2013-07-18,241710,1
ZN,2013-07-18,381207,1
ZN,2013-07-18,400198,3
ZN,2013-07-18,617542,1
ZN,2013-07-18,780401,2
ZN,2013-07-19,241710,1
ZN,2013-07-19,381207,1
ZN,2013-07-19,400198,3
ZN,2013-07-19,617542,1
ZN,2013-07-19,780401,2
ZN,2013-07-22,241710,1
ZN,2013-07-22,381207,1
ZN,2013-07-22,400198,3
ZN,2013-07-22,617542,1
ZN,2013-07-22,780401,2
ZN,2013-07-23,241710,1
ZN,2013-07-23,381207,1
ZN,2013-07-23,400198,3
ZN,2013-07-23,617542,1
ZN,2013-07-23,780401,2
ZN,2013-07-24,241710,1
ZN,2013-07-24,381207,1
ZN,2013-07-24,400198,3
ZN,2013-07-24,617542,1
ZN,2013-07-24,780401,2
ZN,2013-07-25,241710,1
ZN,2013-07-25,381207,1
ZN,2013-07-25,400198,3
ZN,2013-07-25,617542,1
ZN,2013-07-25,780401,2
ZN,2013-07-26,241710,1
ZN,2013-07-26,381207,1
ZN,2013-07-26,400198,3
ZN,2013-07-26,617542,1
ZN,2013-07-26,780401,2
ZN,2013-07-29,241710,1
ZN,2013-07-29,381207,1
ZN,2013-07-29,400198,3
ZN,2013-07-29,617542,1
ZN,2013-07-29,780401,2
ZN,2013-07-30,241710,1
ZN,2013-07-30,381207,1
ZN,2013-07-30,400198,3
ZN,2013-07-30,617542,1
ZN,2013-07-30,780401,2
ZN,2013-07-31,241710,1
ZN,2013-07-31,381207,1
ZN,2013-07-31,400198,3
ZN,2013-07-31,617542,1
ZN,2013-07-31,780401,2
ZN,2013-08-01,241710,1
ZN,2013-08-01,381207,1
ZN,2013-08-01,400198,3
ZN,2013-08-01,617542,1
ZN,2013-08-01,780401,2
ZN,2013-08-02,241710,1
ZN,2013-08-02,381207,1
ZN,2013-08-02,400198,3
ZN,2013-08-02,617542,1
ZN,2013-08-02,780401,2
ZN,2013-08-05,241710,1
ZN,2013-08-05,381207,1
ZN,2013-08-05,400198,3
ZN,2013-08-05,617542,1
ZN,2013-08-05,780401,2
ZN,2013-08-06,241710,1
ZN,2013-08-06,381207,1
ZN,2013-08-06,400198,3
ZN,2013-08-06,617542,1
ZN,2013-08-06,780401,2
ZN,2013-08-07,241710,1
ZN,2013-08-07,381207,1
ZN,2013-08-07,400198,3
ZN,2013-08-07,617542,1
ZN,2013-08-07,780401,2
ZN,2013-08-08,241710,1
ZN,2013-08-08,381207,1
ZN,2013-08-08,400198,3
ZN,2013-08-08,617542,1
ZN,2013-08-08,780401,2
ZN,2013-08-09,241710,1
ZN,2013-08-09,381207,1
ZN,2013-08-09,400198,3
ZN,2013-08-09,617542,1
ZN,2013-08-09,780401,2
ZN,2013-08-12,241710,1
ZN,2013-08-12,381207,1
ZN,2013-08-12,400198,3
ZN,2013-08-12,617542,1
ZN,2013-08-12,780401,2
ZN,2013-08-13,241710,1
ZN,2013-08-13,381207,1
ZN,2013-08-13,400198,3
ZN,2013-08-13,617542,1
ZN,2013-08-13,780401,2
ZN,2013-08-14,241710,1
ZN,2013-08-14,381207,1
ZN,2013-08-14,400198,3
ZN,2013-08-14,617542,1
ZN,2013-08-14,780401,2
ZN,2013-08-15,241710,1
ZN,2013-08-15,381207,1
ZN,2013-08-15,400198,3
ZN,2013-08-15,617542,1
ZN,2013-08-15,780401,2
ZN,2013-08-16,241710,1
ZN,2013-08-16,381207,1
ZN,2013-08-16,400198,3
ZN,2013-08-16,617542,1
ZN,2013-08-16,780401,2
ZN,2013-08-19,241710,1
ZN,2013-08-19,381207,1
ZN,2013-08-19,400198,3
ZN,2013-08-19,617542,1
ZN,2013-08-19,780401,2
ZN,2013-08-20,241710,1
ZN,2013-08-20,381207,1
ZN,2013-08-20,400198,3
ZN,2013-08-20,617542,1
ZN,2013-08-20,780401,2
ZN,2013-08-21,241710,1
ZN,2013-08-21,381207,1
ZN,2013-08-21,400198,3
ZN,2013-08-21,617542,1
ZN,2013-08-21,780401,2
ZN,2013-08-22,241710,1
ZN,2013-08-22,381207,1
ZN,2013-08-22,400198,3
ZN,2013-08-22,617542,1
ZN,2013-08-22,780401,2
ZN,2013-08-23,241710,1
ZN,2013-08-23,381207,1
ZN,2013-08-23,400198,3
ZN,2013-08-23,617542,1
ZN,2013-08-23,780401,2
ZN,2013-08-26,241710,1
ZN,2013-08-26,381207,1
ZN,2013-08-26,400198,3
ZN,2013-08-26,617542,1
ZN,2013-08-26,780401,2
ZN,2013-08-27,241710,1
ZN,2013-08-27,381207,2
ZN,2013-08-27,400198,4
ZN,2013-08-27,617542,1
ZN,2013-08-27,780401,3
ZN,2013-08-28,241710,1
ZN,2013-08-28,381207,1
ZN,2013-08-28,400198,3
ZN,2013-08-28,617542,1
ZN,2013-08-28,780401,2
ZN,2013-08-29,241710,1
ZN,2013-08-29,381207,1
ZN,2013-08-29,400198,3
ZN,2013-08-29,617542,1
ZN,2013-08-29,780401,2
ZN,2013-08-30,241710,1
ZN,2013-08-30,381207,1
ZN,2013-08-30,400198,2
ZN,2013-08-30,617542,1
ZN,2013-08-30,780401,3
ZN,2013-09-03,241710,1
ZN,2013-09-03,381207,1
ZN,2013-09-03,400198,2
ZN,2013-09-03,617542,1
ZN,2013-09-03,780401,3
ZN,2013-09-04,241710,1
ZN,2013-09-04,381207,1
ZN,2013-09-04,400198,2
ZN,2013-09-04,617542,1
ZN,2013-09-04,780401,3
ZN,2013-09-05,241710,1
ZN,2013-09-05,381207,1
ZN,2013-09-05,400198,2
ZN,2013-09-05,617542,1
ZN,2013-09-05,780401,3
ZN,2013-09-06,241710,1
ZN,2013-09-06,381207,1
ZN,2013-09-06,400198,2
ZN,2013-09-06,617542,1
ZN,2013-09-06,780401,3
ZN,2013-09-09,241710,1
ZN,2013-09-09,381207,2
ZN,2013-09-09,400198,3
ZN,2013-09-09,617542,1
ZN,2013-09-09,780401,4
ZN,2013-09-10,241710,1
ZN,2013-09-10,381207,2
ZN,2013-09-10,400198,3
ZN,2013-09-10,617542,1
ZN,2013-09-10,780401,4
ZN,2013-09-11,241710,1
ZN,2013-09-11,381207,1
ZN,2013-09-11,400198,2
ZN,2013-09-11,617542,1
ZN,2013-09-11,780401,3
ZN,2013-09-12,241710,1
ZN,2013-09-12,381207,1
ZN,2013-09-12,400198,2
ZN,2013-09-12,617542,1
ZN,2013-09-12,780401,3
ZN,2013-09-13,241710,1
ZN,2013-09-13,381207,2
ZN,2013-09-13,400198,3
ZN,2013-09-13,617542,1
ZN,2013-09-13,780401,4
ZN,2013-09-16,241710,1
ZN,2013-09-16,381207,1
ZN,2013-09-16,400198,2
ZN,2013-09-16,617542,1
ZN,2013-09-16,780401,3
ZN,2013-09-17,241710,1
ZN,2013-09-17,381207,2
ZN,2013-09-17,400198,3
ZN,2013-09-17,617542,1
ZN,2013-09-17,780401,4
ZN,2013-09-18,241710,1
ZN,2013-09-18,381207,1
ZN,2013-09-18,400198,2
ZN,2013-09-18,617542,1
ZN,2013-09-18,780401,3
ZN,2013-09-19,241710,1
ZN,2013-09-19,354456,1
ZN,2013-09-19,381207,1
ZN,2013-09-19,400198,2
ZN,2013-09-19,617542,1
ZN,2013-09-19,780401,3
ZN,2013-09-20,241710,1
ZN,2013-09-20,354456,1
ZN,2013-09-20,381207,1
ZN,2013-09-20,617542,1
ZN,2013-09-20,780401,2
ZN,2013-09-23,241710,1
ZN,2013-09-23,354456,1
ZN,2013-09-23,381207,1
ZN,2013-09-23,617542,1
ZN,2013-09-23,780401,2
ZN,2013-09-24,241710,1
ZN,2013-09-24,354456,1
ZN,2013-09-24,381207,1
ZN,2013-09-24,617542,1
ZN,2013-09-24,780401,2
ZN,2013-09-25,241710,1
ZN,2013-09-25,354456,1
ZN,2013-09-25,381207,1
ZN,2013-09-25,617542,1
ZN,2013-09-25,780401,2
ZN,2013-09-26,241710,1
ZN,2013-09-26,354456,1
ZN,2013-09-26,381207,1
ZN,2013-09-26,617542,1
ZN,2013-09-26,780401,2
ZN,2013-09-27,241710,1
ZN,2013-09-27,354456,1
ZN,2013-09-27,381207,2
ZN,2013-09-27,617542,1
ZN,2013-09-27,780401,3
ZN,2013-09-30,241710,1
ZN,2013-09-30,354456,1
ZN,2013-09-30,381207,2
ZN,2013-09-30,617542,1
ZN,2013-09-30,780401,3
ZN,2013-10-01,241710,1
ZN,2013-10-01,354456,1
ZN,2013-10-01,381207,2
ZN,2013-10-01,617542,1
ZN,2013-10-01,780401,3
ZN,2013-10-02,241710,1
ZN,2013-10-02,354456,1
ZN,2013-10-02,381207,2
ZN,2013-10-02,617542,1
ZN,2013-10-02,780401,3
ZN,2013-10-03,241710,1
ZN,2013-10-03,354456,1
ZN,2013-10-03,381207,2
ZN,2013-10-03,617542,1
ZN,2013-10-03,780401,3
ZN,2013-10-04,241710,1
ZN,2013-10-04,354456,1
ZN,2013-10-04,381207,2
ZN,2013-10-04,617542,1
ZN,2013-10-04,780401,3
ZN,2013-10-07,241710,1
ZN,2013-10-07,354456,1
ZN,2013-10-07,381207,2
ZN,2013-10-07,617542,1
ZN,2013-10-07,780401,3
ZN,2013-10-08,241710,1
ZN,2013-10-08,354456,1
ZN,2013-10-08,381207,2
ZN,2013-10-08,617542,1
ZN,2013-10-08,780401,3
ZN,2013-10-09,241710,1
ZN,2013-10-09,354456,1
ZN,2013-10-09,381207,2
ZN,2013-10-09,617542,1
ZN,2013-10-09,780401,3
ZN,2013-10-10,241710,1
ZN,2013-10-10,354456,1
ZN,2013-10-10,381207,2
ZN,2013-10-10,617542,1
ZN,2013-10-10,780401,3
ZN,2013-10-11,241710,1
ZN,2013-10-11,354456,1
ZN,2013-10-11,381207,2
ZN,2013-10-11,617542,1
ZN,2013-10-11,780401,3
ZN,2013-10-14,241710,1
ZN,2013-10-14,354456,1
ZN,2013-10-14,381207,2
ZN,2013-10-14,617542,1
ZN,2013-10-14,780401,3
ZN,2013-10-15,241710,1
ZN,2013-10-15,354456,1
ZN,2013-10-15,381207,2
ZN,2013-10-15,617542,1
ZN,2013-10-15,780401,3
ZN,2013-10-16,241710,1
ZN,2013-10-16,354456,1
ZN,2013-10-16,381207,2
ZN,2013-10-16,617542,1
ZN,2013-10-16,780401,3
ZN,2013-10-17,241710,1
ZN,2013-10-17,354456,1
ZN,2013-10-17,381207,2
ZN,2013-10-17,617542,1
ZN,2013-10-17,780401,3
ZN,2013-10-18,241710,1
ZN,2013-10-18,354456,1
ZN,2013-10-18,381207,2
ZN,2013-10-18,617542,1
ZN,2013-10-18,780401,3
ZN,2013-10-21,241710,1
ZN,2013-10-21,354456,1
ZN,2013-10-21,381207,2
ZN,2013-10-21,617542,1
ZN,2013-10-21,780401,3
ZN,2013-10-22,241710,1
ZN,2013-10-22,354456,1
ZN,2013-10-22,381207,2
ZN,2013-10-22,617542,1
ZN,2013-10-22,780401,3
ZN,2013-10-23,241710,1
ZN,2013-10-23,354456,1
ZN,2013-10-23,381207,2
ZN,2013-10-23,617542,1
ZN,2013-10-23,780401,3
ZN,2013-10-24,241710,1
ZN,2013-10-24,354456,1
ZN,2013-10-24,381207,2
ZN,2013-10-24,617542,1
ZN,2013-10-24,780401,3
ZN,2013-10-25,241710,1
ZN,2013-10-25,354456,1
ZN,2013-10-25,381207,2
ZN,2013-10-25,617542,1
ZN,2013-10-25,780401,3
ZN,2013-10-28,241710,1
ZN,2013-10-28,354456,1
ZN,2013-10-28,381207,2
ZN,2013-10-28,617542,1
ZN,2013-10-28,780401,3
ZN,2013-10-29,241710,1
ZN,2013-10-29,354456,1
ZN,2013-10-29,381207,2
ZN,2013-10-29,617542,1
ZN,2013-10-29,780401,3
ZN,2013-10-30,241710,1
ZN,2013-10-30,354456,1
ZN,2013-10-30,381207,2
ZN,2013-10-30,617542,1
ZN,2013-10-30,780401,3
ZN,2013-10-31,241710,1
ZN,2013-10-31,354456,1
ZN,2013-10-31,381207,2
ZN,2013-10-31,617542,1
ZN,2013-10-31,780401,3
ZN,2013-11-01,241710,1
ZN,2013-11-01,354456,1
ZN,2013-11-01,381207,2
ZN,2013-11-01,617542,1
ZN,2013-11-01,780401,3
ZN,2013-11-04,241710,1
ZN,2013-11-04,354456,1
ZN,2013-11-04,381207,2
ZN,2013-11-04,617542,1
ZN,2013-11-04,780401,3
ZN,2013-11-05,241710,1
ZN,2013-11-05,354456,1
ZN,2013-11-05,381207,2
ZN,2013-11-05,617542,1
ZN,2013-11-05,780401,3
ZN,2013-11-06,241710,1
ZN,2013-11-06,354456,1
ZN,2013-11-06,381207,2
ZN,2013-11-06,617542,1
ZN,2013-11-06,780401,3
ZN,2013-11-07,241710,1
ZN,2013-11-07,354456,1
ZN,2013-11-07,381207,2
ZN,2013-11-07,617542,1
ZN,2013-11-07,780401,3
ZN,2013-11-08,241710,1
ZN,2013-11-08,354456,1
ZN,2013-11-08,381207,2
ZN,2013-11-08,617542,1
ZN,2013-11-08,780401,3
ZN,2013-11-11,241710,1
ZN,2013-11-11,354456,1
ZN,2013-11-11,381207,2
ZN,2013-11-11,617542,1
ZN,2013-11-11,780401,3
ZN,2013-11-12,241710,1
ZN,2013-11-12,354456,1
ZN,2013-11-12,381207,2
ZN,2013-11-12,617542,1
ZN,2013-11-12,780401,3
ZN,2013-11-13,241710,1
ZN,2013-11-13,354456,1
ZN,2013-11-13,381207,2
ZN,2013-11-13,617542,1
ZN,2013-11-13,780401,3
ZN,2013-11-14,241710,1
ZN,2013-11-14,354456,1
ZN,2013-11-14,381207,2
ZN,2013-11-14,617542,1
ZN,2013-11-14,780401,3
ZN,2013-11-15,241710,1
ZN,2013-11-15,354456,1
ZN,2013-11-15,381207,2
ZN,2013-11-15,617542,1
ZN,2013-11-15,780401,3
ZN,2013-11-18,241710,1
ZN,2013-11-18,354456,1
ZN,2013-11-18,381207,2
ZN,2013-11-18,617542,1
ZN,2013-11-18,780401,3
ZN,2013-11-19,241710,1
ZN,2013-11-19,354456,1
ZN,2013-11-19,381207,2
ZN,2013-11-19,617542,1
ZN,2013-11-19,780401,3
ZN,2013-11-20,241710,1
ZN,2013-11-20,354456,1
ZN,2013-11-20,381207,2
ZN,2013-11-20,617542,1
ZN,2013-11-20,780401,3
ZN,2013-11-21,241710,1
ZN,2013-11-21,354456,1
ZN,2013-11-21,381207,2
ZN,2013-11-21,617542,1
ZN,2013-11-21,780401,3
ZN,2013-11-22,241710,1
ZN,2013-11-22,354456,1
ZN,2013-11-22,381207,2
ZN,2013-11-22,617542,1
ZN,2013-11-22,780401,3
ZN,2013-11-25,241710,1
ZN,2013-11-25,354456,1
ZN,2013-11-25,381207,2
ZN,2013-11-25,617542,1
ZN,2013-11-25,780401,3
ZN,2013-11-26,241710,1
ZN,2013-11-26,354456,1
ZN,2013-11-26,381207,2
ZN,2013-11-26,617542,1
ZN,2013-11-26,780401,3
ZN,2013-11-27,241710,1
ZN,2013-11-27,354456,1
ZN,2013-11-27,381207,2
ZN,2013-11-27,617542,1
ZN,2013-11-27,780401,3
ZN,2013-11-29,241710,1
ZN,2013-11-29,354456,1
ZN,2013-11-29,381207,3
ZN,2013-11-29,617542,1
ZN,2013-11-29,780401,2
ZN,2013-12-02,241710,1
ZN,2013-12-02,354456,1
ZN,2013-12-02,381207,3
ZN,2013-12-02,617542,1
ZN,2013-12-02,780401,2
ZN,2013-12-03,241710,1
ZN,2013-12-03,354456,1
ZN,2013-12-03,381207,3
ZN,2013-12-03,617542,1
ZN,2013-12-03,780401,2
ZN,2013-12-04,241710,1
ZN,2013-12-04,354456,1
ZN,2013-12-04,381207,3
ZN,2013-12-04,617542,1
ZN,2013-12-04,780401,2
ZN,2013-12-05,241710,1
ZN,2013-12-05,354456,1
ZN,2013-12-05,381207,3
ZN,2013-12-05,617542,1
ZN,2013-12-05,780401,2
ZN,2013-12-06,241710,1
ZN,2013-12-06,354456,1
ZN,2013-12-06,381207,3
ZN,2013-12-06,617542,1
ZN,2013-12-06,780401,2
ZN,2013-12-09,241710,1
ZN,2013-12-09,354456,1
ZN,2013-12-09,381207,3
ZN,2013-12-09,617542,1
ZN,2013-12-09,780401,2
ZN,2013-12-10,241710,1
ZN,2013-12-10,354456,1
ZN,2013-12-10,381207,3
ZN,2013-12-10,617542,1
ZN,2013-12-10,780401,2
ZN,2013-12-11,241710,1
ZN,2013-12-11,354456,1
ZN,2013-12-11,381207,3
ZN,2013-12-11,617542,1
ZN,2013-12-11,780401,2
ZN,2013-12-12,241710,1
ZN,2013-12-12,354456,1
ZN,2013-12-12,381207,3
ZN,2013-12-12,617542,1
ZN,2013-12-12,780401,2
ZN,2013-12-13,241710,1
ZN,2013-12-13,354456,1
ZN,2013-12-13,381207,3
ZN,2013-12-13,617542,1
ZN,2013-12-13,780401,2
ZN,2013-12-16,241710,1
ZN,2013-12-16,354456,1
ZN,2013-12-16,381207,3
ZN,2013-12-16,617542,1
ZN,2013-12-16,780401,2
ZN,2013-12-17,241710,1
ZN,2013-12-17,354456,1
ZN,2013-12-17,381207,3
ZN,2013-12-17,617542,1
ZN,2013-12-17,780401,2
ZN,2013-12-18,241710,1
ZN,2013-12-18,354456,1
ZN,2013-12-18,381207,3
ZN,2013-12-18,617542,1
ZN,2013-12-18,780401,2
ZN,2013-12-19,42281,1
ZN,2013-12-19,241710,1
ZN,2013-12-19,354456,1
ZN,2013-12-19,381207,3
ZN,2013-12-19,617542,1
ZN,2013-12-19,780401,2
ZN,2013-12-20,42281,1
ZN,2013-12-20,241710,1
ZN,2013-12-20,354456,1
ZN,2013-12-20,381207,2
ZN,2013-12-20,617542,1
ZN,2013-12-23,42281,1
ZN,2013-12-23,241710,1
ZN,2013-12-23,354456,1
ZN,2013-12-23,381207,2
ZN,2013-12-23,617542,1
ZN,2013-12-24,42281,1
ZN,2013-12-24,241710,1
ZN,2013-12-24,354456,1
ZN,2013-12-24,381207,3
ZN,2013-12-24,617542,2
ZN,2013-12-26,42281,1
ZN,2013-12-26,241710,1
ZN,2013-12-26,354456,1
ZN,2013-12-26,381207,2
ZN,2013-12-26,617542,1
ZN,2013-12-27,42281,1
ZN,2013-12-27,241710,1
ZN,2013-12-27,354456,1
ZN,2013-12-27,381207,3
ZN,2013-12-27,617542,2
ZN,2013-12-30,42281,1
ZN,2013-12-30,241710,1
ZN,2013-12-30,354456,1
ZN,2013-12-30,381207,3
ZN,2013-12-30,617542,2
ZN,2013-12-31,42281,1
ZN,2013-12-31,241710,1
ZN,2013-12-31,354456,1
ZN,2013-12-31,381207,3
ZN,2013-12-31,617542,2
ZN,2014-01-02,42281,1
ZN,2014-01-02,241710,1
ZN,2014-01-02,354456,1
ZN,2014-01-02,381207,3
ZN,2014-01-02,617542,2
ZN,2014-01-03,42281,1
ZN,2014-01-03,241710,1
ZN,2014-01-03,354456,1
ZN,2014-01-03,381207,3
ZN,2014-01-03,617542,2
ZN,2014-01-06,42281,1
ZN,2014-01-06,241710,1
ZN,2014-01-06,354456,1
ZN,2014-01-06,381207,3
ZN,2014-01-06,617542,2
ZN,2014-01-07,42281,1
ZN,2014-01-07,241710,1
ZN,2014-01-07,354456,1
ZN,2014-01-07,381207,3
ZN,2014-01-07,617542,2
ZN,2014-01-08,42281,1
ZN,2014-01-08,241710,1
ZN,2014-01-08,354456,1
ZN,2014-01-08,381207,3
ZN,2014-01-08,617542,2
ZN,2014-01-09,42281,1
ZN,2014-01-09,241710,1
ZN,2014-01-09,354456,1
ZN,2014-01-09,381207,3
ZN,2014-01-09,617542,2
ZN,2014-01-10,42281,1
ZN,2014-01-10,241710,1
ZN,2014-01-10,354456,1
ZN,2014-01-10,381207,3
ZN,2014-01-10,617542,2
ZN,2014-01-13,42281,1
ZN,2014-01-13,241710,1
ZN,2014-01-13,354456,1
ZN,2014-01-13,381207,3
ZN,2014-01-13,617542,2
ZN,2014-01-14,42281,1
ZN,2014-01-14,241710,1
ZN,2014-01-14,354456,1
ZN,2014-01-14,381207,3
ZN,2014-01-14,617542,2
ZN,2014-01-15,42281,1
ZN,2014-01-15,241710,1
ZN,2014-01-15,354456,1
ZN,2014-01-15,381207,3
ZN,2014-01-15,617542,2
ZN,2014-01-16,42281,1
ZN,2014-01-16,241710,1
ZN,2014-01-16,354456,1
ZN,2014-01-16,381207,3
ZN,2014-01-16,617542,2
ZN,2014-01-17,42281,1
ZN,2014-01-17,241710,1
ZN,2014-01-17,354456,1
ZN,2014-01-17,381207,3
ZN,2014-01-17,617542,2
ZN,2014-01-21,42281,1
ZN,2014-01-21,241710,1
ZN,2014-01-21,354456,1
ZN,2014-01-21,381207,3
ZN,2014-01-21,617542,2
ZN,2014-01-22,42281,1
ZN,2014-01-22,241710,1
ZN,2014-01-22,354456,1
ZN,2014-01-22,381207,3
ZN,2014-01-22,617542,2
ZN,2014-01-23,42281,1
ZN,2014-01-23,241710,1
ZN,2014-01-23,354456,1
ZN,2014-01-23,381207,3
ZN,2014-01-23,617542,2
ZN,2014-01-24,42281,1
ZN,2014-01-24,241710,1
ZN,2014-01-24,354456,1
ZN,2014-01-24,381207,3
ZN,2014-01-24,617542,2
ZN,2014-01-27,42281,1
ZN,2014-01-27,241710,1
ZN,2014-01-27,354456,1
ZN,2014-01-27,381207,3
ZN,2014-01-27,617542,2
ZN,2014-01-28,42281,1
ZN,2014-01-28,241710,1
ZN,2014-01-28,354456,1
ZN,2014-01-28,381207,3
ZN,2014-01-28,617542,2
ZN,2014-01-29,42281,1
ZN,2014-01-29,241710,1
ZN,2014-01-29,354456,1
ZN,2014-01-29,381207,3
ZN,2014-01-29,617542,2
ZN,2014-01-30,42281,1
ZN,2014-01-30,241710,1
ZN,2014-01-30,354456,1
ZN,2014-01-30,381207,3
ZN,2014-01-30,617542,2
ZN,2014-01-31,42281,1
ZN,2014-01-31,241710,1
ZN,2014-01-31,354456,1
ZN,2014-01-31,381207,3
ZN,2014-01-31,617542,2
ZN,2014-02-03,42281,1
ZN,2014-02-03,241710,1
ZN,2014-02-03,354456,1
ZN,2014-02-03,381207,3
ZN,2014-02-03,617542,2
ZN,2014-02-04,42281,1
ZN,2014-02-04,241710,1
ZN,2014-02-04,354456,1
ZN,2014-02-04,381207,3
ZN,2014-02-04,617542,2
ZN,2014-02-05,42281,1
ZN,2014-02-05,241710,1
ZN,2014-02-05,354456,1
ZN,2014-02-05,381207,3
ZN,2014-02-05,617542,2
ZN,2014-02-06,42281,1
ZN,2014-02-06,241710,1
ZN,2014-02-06,354456,1
ZN,2014-02-06,381207,3
ZN,2014-02-06,617542,2
ZN,2014-02-07,42281,1
ZN,2014-02-07,241710,1
ZN,2014-02-07,354456,1
ZN,2014-02-07,381207,3
ZN,2014-02-07,617542,2
ZN,2014-02-10,42281,1
ZN,2014-02-10,241710,1
ZN,2014-02-10,354456,1
ZN,2014-02-10,381207,3
ZN,2014-02-10,617542,2
ZN,2014-02-11,42281,1
ZN,2014-02-11,241710,1
ZN,2014-02-11,354456,1
ZN,2014-02-11,381207,3
ZN,2014-02-11,617542,2
ZN,2014-02-12,42281,1
ZN,2014-02-12,241710,1
ZN,2014-02-12,354456,1
ZN,2014-02-12,381207,3
ZN,2014-02-12,617542,2
ZN,2014-02-13,42281,1
ZN,2014-02-13,241710,1
ZN,2014-02-13,354456,1
ZN,2014-02-13,381207,3
ZN,2014-02-13,617542,2
ZN,2014-02-14,42281,1
ZN,2014-02-14,241710,1
ZN,2014-02-14,354456,1
ZN,2014-02-14,381207,3
ZN,2014-02-14,617542,2
ZN,2014-02-18,42281,1
ZN,2014-02-18,241710,1
ZN,2014-02-18,354456,1
ZN,2014-02-18,381207,3
ZN,2014-02-18,617542,2
ZN,2014-02-19,42281,1
ZN,2014-02-19,241710,1
ZN,2014-02-19,354456,1
ZN,2014-02-19,381207,3
ZN,2014-02-19,617542,2
ZN,2014-02-20,42281,1
ZN,2014-02-20,241710,1
ZN,2014-02-20,354456,1
ZN,2014-02-20,381207,3
ZN,2014-02-20,617542,2
ZN,2014-02-21,42281,1
ZN,2014-02-21,241710,1
ZN,2014-02-21,354456,1
ZN,2014-02-21,381207,3
ZN,2014-02-21,617542,2
ZN,2014-02-24,42281,1
ZN,2014-02-24,241710,1
ZN,2014-02-24,354456,1
ZN,2014-02-24,381207,3
ZN,2014-02-24,617542,2
ZN,2014-02-25,42281,1
ZN,2014-02-25,241710,1
ZN,2014-02-25,354456,1
ZN,2014-02-25,381207,3
ZN,2014-02-25,617542,2
ZN,2014-02-26,42281,1
ZN,2014-02-26,241710,1
ZN,2014-02-26,354456,1
ZN,2014-02-26,381207,3
ZN,2014-02-26,617542,2
ZN,2014-02-27,42281,1
ZN,2014-02-27,241710,1
ZN,2014-02-27,354456,1
ZN,2014-02-27,381207,3
ZN,2014-02-27,617542,2
ZN,2014-02-28,42281,1
ZN,2014-02-28,241710,1
ZN,2014-02-28,354456,1
ZN,2014-02-28,381207,2
ZN,2014-02-28,617542,3
ZN,2014-03-03,42281,1
ZN,2014-03-03,241710,1
ZN,2014-03-03,354456,1
ZN,2014-03-03,381207,2
ZN,2014-03-03,617542,3
ZN,2014-03-04,42281,1
ZN,2014-03-04,241710,1
ZN,2014-03-04,354456,1
ZN,2014-03-04,381207,2
ZN,2014-03-04,617542,3
ZN,2014-03-05,42281,1
ZN,2014-03-05,241710,1
ZN,2014-03-05,354456,1
ZN,2014-03-05,381207,2
ZN,2014-03-05,617542,3
ZN,2014-03-06,42281,1
ZN,2014-03-06,241710,1
ZN,2014-03-06,354456,1
ZN,2014-03-06,381207,2
ZN,2014-03-06,617542,3
ZN,2014-03-07,42281,1
ZN,2014-03-07,241710,1
ZN,2014-03-07,354456,1
ZN,2014-03-07,381207,2
ZN,2014-03-07,617542,3
ZN,2014-03-10,42281,1
ZN,2014-03-10,241710,1
ZN,2014-03-10,354456,1
ZN,2014-03-10,381207,2
ZN,2014-03-10,617542,3
ZN,2014-03-11,42281,1
ZN,2014-03-11,241710,1
ZN,2014-03-11,354456,1
ZN,2014-03-11,381207,2
ZN,2014-03-11,617542,3
ZN,2014-03-12,42281,1
ZN,2014-03-12,241710,1
ZN,2014-03-12,354456,1
ZN,2014-03-12,381207,2
ZN,2014-03-12,617542,3
ZN,2014-03-13,42281,1
ZN,2014-03-13,241710,1
ZN,2014-03-13,354456,1
ZN,2014-03-13,381207,2
ZN,2014-03-13,617542,3
ZN,2014-03-14,42281,1
ZN,2014-03-14,241710,1
ZN,2014-03-14,354456,1
ZN,2014-03-14,381207,2
ZN,2014-03-14,617542,3
ZN,2014-03-17,42281,1
ZN,2014-03-17,241710,1
ZN,2014-03-17,354456,1
ZN,2014-03-17,381207,2
ZN,2014-03-17,617542,3
ZN,2014-03-18,42281,1
ZN,2014-03-18,241710,1
ZN,2014-03-18,354456,1
ZN,2014-03-18,381207,2
ZN,2014-03-18,617542,3
ZN,2014-03-19,42281,1
ZN,2014-03-19,241710,1
ZN,2014-03-19,354456,1
ZN,2014-03-19,381207,2
ZN,2014-03-19,617542,3
ZN,2014-03-20,42281,1
ZN,2014-03-20,241710,1
ZN,2014-03-20,354456,1
ZN,2014-03-20,381207,2
ZN,2014-03-20,617542,3
ZN,2014-03-20,752340,1
ZN,2014-03-21,42281,1
ZN,2014-03-21,241710,1
ZN,2014-03-21,354456,1
ZN,2014-03-21,617542,2
ZN,2014-03-21,752340,1
ZN,2014-03-24,42281,1
ZN,2014-03-24,241710,1
ZN,2014-03-24,354456,1
ZN,2014-03-24,617542,2
ZN,2014-03-24,752340,1
ZN,2014-03-25,42281,1
ZN,2014-03-25,241710,2
ZN,2014-03-25,354456,1
ZN,2014-03-25,617542,3
ZN,2014-03-25,752340,1
ZN,2014-03-26,42281,1
ZN,2014-03-26,241710,2
ZN,2014-03-26,354456,1
ZN,2014-03-26,617542,3
ZN,2014-03-26,752340,1
ZN,2014-03-27,42281,1
ZN,2014-03-27,241710,2
ZN,2014-03-27,354456,1
ZN,2014-03-27,617542,3
ZN,2014-03-27,752340,1
ZN,2014-03-28,42281,1
ZN,2014-03-28,241710,1
ZN,2014-03-28,354456,1
ZN,2014-03-28,617542,2
ZN,2014-03-28,752340,1
ZN,2014-03-31,42281,1
ZN,2014-03-31,241710,2
ZN,2014-03-31,354456,1
ZN,2014-03-31,617542,3
ZN,2014-03-31,752340,1
ZN,2014-04-01,42281,1
ZN,2014-04-01,241710,1
ZN,2014-04-01,354456,1
ZN,2014-04-01,617542,2
ZN,2014-04-01,752340,1
ZN,2014-04-02,42281,1
ZN,2014-04-02,241710,2
ZN,2014-04-02,354456,1
ZN,2014-04-02,617542,3
ZN,2014-04-02,752340,1
ZN,2014-04-03,42281,1
ZN,2014-04-03,241710,2
ZN,2014-04-03,354456,1
ZN,2014-04-03,617542,3
ZN,2014-04-03,752340,1
ZN,2014-04-04,42281,1
ZN,2014-04-04,241710,2
ZN,2014-04-04,354456,1
ZN,2014-04-04,617542,3
ZN,2014-04-04,752340,1
ZN,2014-04-07,42281,1
ZN,2014-04-07,241710,2
ZN,2014-04-07,354456,1
ZN,2014-04-07,617542,3
ZN,2014-04-07,752340,1
ZN,2014-04-08,42281,1
ZN,2014-04-08,241710,2
ZN,2014-04-08,354456,1
ZN,2014-04-08,617542,3
ZN,2014-04-08,752340,1
ZN,2014-04-09,42281,1
ZN,2014-04-09,241710,2
ZN,2014-04-09,354456,1
ZN,2014-04-09,617542,3
ZN,2014-04-09,752340,1
ZN,2014-04-10,42281,1
ZN,2014-04-10,241710,2
ZN,2014-04-10,354456,1
ZN,2014-04-10,617542,3
ZN,2014-04-10,752340,1
ZN,2014-04-11,42281,1
ZN,2014-04-11,241710,2
ZN,2014-04-11,354456,1
ZN,2014-04-11,617542,3
ZN,2014-04-11,752340,1
ZN,2014-04-14,42281,1
ZN,2014-04-14,241710,2
ZN,2014-04-14,354456,1
ZN,2014-04-14,617542,3
ZN,2014-04-14,752340,1
ZN,2014-04-15,42281,1
ZN,2014-04-15,241710,2
ZN,2014-04-15,354456,1
ZN,2014-04-15,617542,3
ZN,2014-04-15,752340,1
ZN,2014-04-16,42281,1
ZN,2014-04-16,241710,2
ZN,2014-04-16,354456,1
ZN,2014-04-16,617542,3
ZN,2014-04-16,752340,1
ZN,2014-04-17,42281,1
ZN,2014-04-17,241710,2
ZN,2014-04-17,354456,1
ZN,2014-04-17,617542,3
ZN,2014-04-17,752340,1
ZN,2014-04-18,42281,1
ZN,2014-04-18,241710,1
ZN,2014-04-18,354456,1
ZN,2014-04-18,617542,1
ZN,2014-04-18,752340,1
ZN,2014-04-21,42281,1
ZN,2014-04-21,241710,2
ZN,2014-04-21,354456,1
ZN,2014-04-21,617542,3
ZN,2014-04-21,752340,1
ZN,2014-04-22,42281,1
ZN,2014-04-22,241710,2
ZN,2014-04-22,354456,1
ZN,2014-04-22,617542,3
ZN,2014-04-22,752340,1
ZN,2014-04-23,42281,1
ZN,2014-04-23,241710,2
ZN,2014-04-23,354456,1
ZN,2014-04-23,617542,3
ZN,2014-04-23,752340,1
ZN,2014-04-24,42281,1
ZN,2014-04-24,241710,2
ZN,2014-04-24,354456,1
ZN,2014-04-24,617542,3
ZN,2014-04-24,752340,1
ZN,2014-04-25,42281,1
ZN,2014-04-25,241710,2
ZN,2014-04-25,354456,1
ZN,2014-04-25,617542,3
ZN,2014-04-25,752340,1
ZN,2014-04-28,42281,1
ZN,2014-04-28,241710,2
ZN,2014-04-28,354456,1
ZN,2014-04-28,617542,3
ZN,2014-04-28,752340,1
ZN,2014-04-29,42281,1
ZN,2014-04-29,241710,2
ZN,2014-04-29,354456,1
ZN,2014-04-29,617542,3
ZN,2014-04-29,752340,1
ZN,2014-04-30,42281,1
ZN,2014-04-30,241710,2
ZN,2014-04-30,354456,1
ZN,2014-04-30,617542,3
ZN,2014-04-30,752340,1
ZN,2014-05-01,42281,1
ZN,2014-05-01,241710,2
ZN,2014-05-01,354456,1
ZN,2014-05-01,617542,3
ZN,2014-05-01,752340,1
ZN,2014-05-02,42281,1
ZN,2014-05-02,241710,2
ZN,2014-05-02,354456,1
ZN,2014-05-02,617542,3
ZN,2014-05-02,752340,1
ZN,2014-05-05,42281,1
ZN,2014-05-05,241710,2
ZN,2014-05-05,354456,1
ZN,2014-05-05,617542,3
ZN,2014-05-05,752340,1
ZN,2014-05-06,42281,1
ZN,2014-05-06,241710,2
ZN,2014-05-06,354456,1
ZN,2014-05-06,617542,3
ZN,2014-05-06,752340,1
ZN,2014-05-07,42281,1
ZN,2014-05-07,241710,2
ZN,2014-05-07,354456,1
ZN,2014-05-07,617542,3
ZN,2014-05-07,752340,1
ZN,2014-05-08,42281,1
ZN,2014-05-08,241710,2
ZN,2014-05-08,354456,1
ZN,2014-05-08,617542,3
ZN,2014-05-08,752340,1
ZN,2014-05-09,42281,1
ZN,2014-05-09,241710,2
ZN,2014-05-09,354456,1
ZN,2014-05-09,617542,3
ZN,2014-05-09,752340,1
ZN,2014-05-12,42281,1
ZN,2014-05-12,241710,2
ZN,2014-05-12,354456,1
ZN,2014-05-12,617542,3
ZN,2014-05-12,752340,1
ZN,2014-05-13,42281,1
ZN,2014-05-13,241710,2
ZN,2014-05-13,354456,1
ZN,2014-05-13,617542,3
ZN,2014-05-13,752340,1
ZN,2014-05-14,42281,1
ZN,2014-05-14,241710,2
ZN,2014-05-14,354456,1
ZN,2014-05-14,617542,3
ZN,2014-05-14,752340,1
ZN,2014-05-15,42281,1
ZN,2014-05-15,241710,2
ZN,2014-05-15,354456,1
ZN,2014-05-15,617542,3
ZN,2014-05-15,752340,1
ZN,2014-05-16,42281,1
ZN,2014-05-16,241710,2
ZN,2014-05-16,354456,1
ZN,2014-05-16,617542,3
ZN,2014-05-16,752340,1
ZN,2014-05-19,42281,1
ZN,2014-05-19,241710,2
ZN,2014-05-19,354456,1
ZN,2014-05-19,617542,3
ZN,2014-05-19,752340,1
ZN,2014-05-20,42281,1
ZN,2014-05-20,241710,2
ZN,2014-05-20,354456,1
ZN,2014-05-20,617542,3
ZN,2014-05-20,752340,1
ZN,2014-05-21,42281,1
ZN,2014-05-21,241710,2
ZN,2014-05-21,354456,1
ZN,2014-05-21,617542,3
ZN,2014-05-21,752340,1
ZN,2014-05-22,42281,1
ZN,2014-05-22,241710,2
ZN,2014-05-22,354456,1
ZN,2014-05-22,617542,3
ZN,2014-05-22,752340,1
ZN,2014-05-23,42281,1
ZN,2014-05-23,241710,2
ZN,2014-05-23,354456,1
ZN,2014-05-23,617542,3
ZN,2014-05-23,752340,1
ZN,2014-05-27,42281,1
ZN,2014-05-27,241710,2
ZN,2014-05-27,354456,1
ZN,2014-05-27,617542,3
ZN,2014-05-27,752340,1
ZN,2014-05-28,42281,1
ZN,2014-05-28,241710,3
ZN,2014-05-28,354456,2
ZN,2014-05-28,617542,4
ZN,2014-05-28,752340,1
ZN,2014-05-29,42281,1
ZN,2014-05-29,241710,2
ZN,2014-05-29,354456,1
ZN,2014-05-29,617542,3
ZN,2014-05-29,752340,1
ZN,2014-05-30,42281,1
ZN,2014-05-30,241710,3
ZN,2014-05-30,354456,1
ZN,2014-05-30,617542,2
ZN,2014-05-30,752340,1
ZN,2014-06-02,42281,1
ZN,2014-06-02,241710,3
ZN,2014-06-02,354456,1
ZN,2014-06-02,617542,2
ZN,2014-06-02,752340,1
ZN,2014-06-03,42281,1
ZN,2014-06-03,241710,3
ZN,2014-06-03,354456,1
ZN,2014-06-03,617542,2
ZN,2014-06-03,752340,1
ZN,2014-06-04,42281,1
ZN,2014-06-04,241710,3
ZN,2014-06-04,354456,1
ZN,2014-06-04,617542,2
ZN,2014-06-04,752340,1
ZN,2014-06-05,42281,1
ZN,2014-06-05,241710,3
ZN,2014-06-05,354456,1
ZN,2014-06-05,617542,2
ZN,2014-06-05,752340,1
ZN,2014-06-06,42281,1
ZN,2014-06-06,241710,3
ZN,2014-06-06,354456,1
ZN,2014-06-06,617542,2
ZN,2014-06-06,752340,1
ZN,2014-06-09,42281,1
ZN,2014-06-09,241710,3
ZN,2014-06-09,354456,1
ZN,2014-06-09,617542,2
ZN,2014-06-09,752340,1
ZN,2014-06-10,42281,1
ZN,2014-06-10,241710,3
ZN,2014-06-10,354456,1
ZN,2014-06-10,617542,2
ZN,2014-06-10,752340,1
ZN,2014-06-11,42281,1
ZN,2014-06-11,241710,3
ZN,2014-06-11,354456,1
ZN,2014-06-11,617542,2
ZN,2014-06-11,752340,1
ZN,2014-06-12,42281,1
ZN,2014-06-12,241710,4
ZN,2014-06-12,354456,2
ZN,2014-06-12,617542,3
ZN,2014-06-12,752340,1
ZN,2014-06-13,42281,1
ZN,2014-06-13,241710,4
ZN,2014-06-13,354456,2
ZN,2014-06-13,617542,3
ZN,2014-06-13,752340,1
ZN,2014-06-16,42281,1
ZN,2014-06-16,241710,4
ZN,2014-06-16,354456,2
ZN,2014-06-16,617542,3
ZN,2014-06-16,752340,1
ZN,2014-06-17,42281,1
ZN,2014-06-17,241710,3
ZN,2014-06-17,354456,1
ZN,2014-06-17,617542,2
ZN,2014-06-17,752340,1
ZN,2014-06-18,42281,1
ZN,2014-06-18,241710,4
ZN,2014-06-18,354456,2
ZN,2014-06-18,617542,3
ZN,2014-06-18,752340,1
ZN,2014-06-19,42281,1
ZN,2014-06-19,241710,4
ZN,2014-06-19,326771,1
ZN,2014-06-19,354456,2
ZN,2014-06-19,617542,3
ZN,2014-06-19,752340,1
ZN,2014-06-20,42281,1
ZN,2014-06-20,241710,2
ZN,2014-06-20,326771,1
ZN,2014-06-20,354456,1
ZN,2014-06-20,752340,1
ZN,2014-06-23,42281,1
ZN,2014-06-23,241710,3
ZN,2014-06-23,326771,1
ZN,2014-06-23,354456,2
ZN,2014-06-23,752340,1
ZN,2014-06-24,42281,1
ZN,2014-06-24,241710,3
ZN,2014-06-24,326771,1
ZN,2014-06-24,354456,2
ZN,2014-06-24,752340,1
ZN,2014-06-25,42281,1
ZN,2014-06-25,241710,3
ZN,2014-06-25,326771,1
ZN,2014-06-25,354456,2
ZN,2014-06-25,752340,1
ZN,2014-06-26,42281,1
ZN,2014-06-26,241710,3
ZN,2014-06-26,326771,1
ZN,2014-06-26,354456,2
ZN,2014-06-26,752340,1
ZN,2014-06-27,42281,1
ZN,2014-06-27,241710,3
ZN,2014-06-27,326771,1
ZN,2014-06-27,354456,2
ZN,2014-06-27,752340,1
ZN,2014-06-30,42281,1
ZN,2014-06-30,241710,3
ZN,2014-06-30,326771,1
ZN,2014-06-30,354456,2
ZN,2014-06-30,752340,1
ZN,2014-07-01,42281,1
ZN,2014-07-01,241710,3
ZN,2014-07-01,326771,1
ZN,2014-07-01,354456,2
ZN,2014-07-01,752340,1
ZN,2014-07-02,42281,2
ZN,2014-07-02,241710,4
ZN,2014-07-02,326771,1
ZN,2014-07-02,354456,3
ZN,2014-07-02,752340,1
ZN,2014-07-03,42281,1
ZN,2014-07-03,241710,3
ZN,2014-07-03,326771,1
ZN,2014-07-03,354456,2
ZN,2014-07-03,752340,1
ZN,2014-07-07,42281,1
ZN,2014-07-07,241710,3
ZN,2014-07-07,326771,1
ZN,2014-07-07,354456,2
ZN,2014-07-07,752340,1
ZN,2014-07-08,42281,1
ZN,2014-07-08,241710,3
ZN,2014-07-08,326771,1
ZN,2014-07-08,354456,2
ZN,2014-07-08,752340,1
ZN,2014-07-09,42281,1
ZN,2014-07-09,241710,3
ZN,2014-07-09,326771,1
ZN,2014-07-09,354456,2
ZN,2014-07-09,752340,1
ZN,2014-07-10,42281,2
ZN,2014-07-10,241710,4
ZN,2014-07-10,326771,1
ZN,2014-07-10,354456,3
ZN,2014-07-10,752340,1
ZN,2014-07-11,42281,1
ZN,2014-07-11,241710,3
ZN,2014-07-11,326771,1
ZN,2014-07-11,354456,2
ZN,2014-07-11,752340,1
ZN,2014-07-14,42281,1
ZN,2014-07-14,241710,3
ZN,2014-07-14,326771,1
ZN,2014-07-14,354456,2
ZN,2014-07-14,752340,1
ZN,2014-07-15,42281,1
ZN,2014-07-15,241710,3
ZN,2014-07-15,326771,1
ZN,2014-07-15,354456,2
ZN,2014-07-15,752340,1
ZN,2014-07-16,42281,1
ZN,2014-07-16,241710,3
ZN,2014-07-16,326771,1
ZN,2014-07-16,354456,2
ZN,2014-07-16,752340,1
ZN,2014-07-17,42281,1
ZN,2014-07-17,241710,3
ZN,2014-07-17,326771,1
ZN,2014-07-17,354456,2
ZN,2014-07-17,752340,1
ZN,2014-07-18,42281,1
ZN,2014-07-18,241710,3
ZN,2014-07-18,326771,1
ZN,2014-07-18,354456,2
ZN,2014-07-18,752340,1
ZN,2014-07-21,42281,1
ZN,2014-07-21,241710,3
ZN,2014-07-21,326771,1
ZN,2014-07-21,354456,2
ZN,2014-07-21,752340,1
ZN,2014-07-22,42281,1
ZN,2014-07-22,241710,3
ZN,2014-07-22,326771,1
ZN,2014-07-22,354456,2
ZN,2014-07-22,752340,1
ZN,2014-07-23,42281,1
ZN,2014-07-23,241710,3
ZN,2014-07-23,326771,1
ZN,2014-07-23,354456,2
ZN,2014-07-23,752340,1
ZN,2014-07-24,42281,1
ZN,2014-07-24,241710,3
ZN,2014-07-24,326771,1
ZN,2014-07-24,354456,2
ZN,2014-07-24,752340,1
ZN,2014-07-25,42281,1
ZN,2014-07-25,241710,3
ZN,2014-07-25,326771,1
ZN,2014-07-25,354456,2
ZN,2014-07-25,752340,1
ZN,2014-07-28,42281,1
ZN,2014-07-28,241710,3
ZN,2014-07-28,326771,1
ZN,2014-07-28,354456,2
ZN,2014-07-28,752340,1
ZN,2014-07-29,42281,1
ZN,2014-07-29,241710,3
ZN,2014-07-29,326771,1
ZN,2014-07-29,354456,2
ZN,2014-07-29,752340,1
ZN,2014-07-30,42281,1
ZN,2014-07-30,241710,3
ZN,2014-07-30,326771,1
ZN,2014-07-30,354456,2
ZN,2014-07-30,752340,1
ZN,2014-07-31,42281,1
ZN,2014-07-31,241710,3
ZN,2014-07-31,326771,1
ZN,2014-07-31,354456,2
ZN,2014-07-31,752340,1
ZN,2014-08-01,42281,1
ZN,2014-08-01,241710,3
ZN,2014-08-01,326771,1
ZN,2014-08-01,354456,2
ZN,2014-08-01,752340,1
ZN,2014-08-04,42281,1
ZN,2014-08-04,241710,3
ZN,2014-08-04,326771,1
ZN,2014-08-04,354456,2
ZN,2014-08-04,752340,1
ZN,2014-08-05,42281,1
ZN,2014-08-05,241710,3
ZN,2014-08-05,326771,1
ZN,2014-08-05,354456,2
ZN,2014-08-05,752340,1
ZN,2014-08-06,42281,1
ZN,2014-08-06,241710,3
ZN,2014-08-06,326771,1
ZN,2014-08-06,354456,2
ZN,2014-08-06,752340,1
ZN,2014-08-07,42281,1
ZN,2014-08-07,241710,3
ZN,2014-08-07,326771,1
ZN,2014-08-07,354456,2
ZN,2014-08-07,752340,1
ZN,2014-08-08,42281,1
ZN,2014-08-08,241710,3
ZN,2014-08-08,326771,1
ZN,2014-08-08,354456,2
ZN,2014-08-08,752340,1
ZN,2014-08-11,42281,1
ZN,2014-08-11,241710,3
ZN,2014-08-11,326771,1
ZN,2014-08-11,354456,2
ZN,2014-08-11,752340,1
ZN,2014-08-12,42281,1
ZN,2014-08-12,241710,3
ZN,2014-08-12,326771,1
ZN,2014-08-12,354456,2
ZN,2014-08-12,752340,1
ZN,2014-08-13,42281,1
ZN,2014-08-13,241710,3
ZN,2014-08-13,326771,1
ZN,2014-08-13,354456,2
ZN,2014-08-13,752340,1
ZN,2014-08-14,42281,1
ZN,2014-08-14,241710,3
ZN,2014-08-14,326771,1
ZN,2014-08-14,354456,2
ZN,2014-08-14,752340,1
ZN,2014-08-15,42281,1
ZN,2014-08-15,241710,3
ZN,2014-08-15,326771,1
ZN,2014-08-15,354456,2
ZN,2014-08-15,752340,1
ZN,2014-08-18,42281,1
ZN,2014-08-18,241710,3
ZN,2014-08-18,326771,1
ZN,2014-08-18,354456,2
ZN,2014-08-18,752340,1
ZN,2014-08-19,42281,1
ZN,2014-08-19,241710,3
ZN,2014-08-19,326771,1
ZN,2014-08-19,354456,2
ZN,2014-08-19,752340,1
ZN,2014-08-20,42281,1
ZN,2014-08-20,241710,3
ZN,2014-08-20,326771,1
ZN,2014-08-20,354456,2
ZN,2014-08-20,752340,1
ZN,2014-08-21,42281,1
ZN,2014-08-21,241710,3
ZN,2014-08-21,326771,1
ZN,2014-08-21,354456,2
ZN,2014-08-21,752340,1
ZN,2014-08-22,42281,1
ZN,2014-08-22,241710,3
ZN,2014-08-22,326771,1
ZN,2014-08-22,354456,2
ZN,2014-08-22,752340,1
ZN,2014-08-25,42281,2
ZN,2014-08-25,241710,4
ZN,2014-08-25,326771,1
ZN,2014-08-25,354456,3
ZN,2014-08-25,752340,1
ZN,2014-08-26,42281,1
ZN,2014-08-26,241710,3
ZN,2014-08-26,326771,1
ZN,2014-08-26,354456,2
ZN,2014-08-26,752340,1
ZN,2014-08-27,42281,1
ZN,2014-08-27,241710,3
ZN,2014-08-27,326771,1
ZN,2014-08-27,354456,2
ZN,2014-08-27,752340,1
ZN,2014-08-28,42281,1
ZN,2014-08-28,241710,3
ZN,2014-08-28,326771,1
ZN,2014-08-28,354456,2
ZN,2014-08-28,752340,1
ZN,2014-08-29,42281,1
ZN,2014-08-29,241710,2
ZN,2014-08-29,326771,1
ZN,2014-08-29,354456,3
ZN,2014-08-29,752340,1
ZN,2014-09-02,42281,1
ZN,2014-09-02,241710,2
ZN,2014-09-02,326771,1
ZN,2014-09-02,354456,3
ZN,2014-09-02,752340,1
ZN,2014-09-03,42281,2
ZN,2014-09-03,241710,3
ZN,2014-09-03,326771,1
ZN,2014-09-03,354456,4
ZN,2014-09-03,752340,1
ZN,2014-09-04,42281,1
ZN,2014-09-04,241710,2
ZN,2014-09-04,326771,1
ZN,2014-09-04,354456,3
ZN,2014-09-04,752340,1
ZN,2014-09-05,42281,2
ZN,2014-09-05,241710,3
ZN,2014-09-05,326771,1
ZN,2014-09-05,354456,4
ZN,2014-09-05,752340,1
ZN,2014-09-08,42281,1
ZN,2014-09-08,241710,2
ZN,2014-09-08,326771,1
ZN,2014-09-08,354456,3
ZN,2014-09-08,752340,1
ZN,2014-09-09,42281,1
ZN,2014-09-09,241710,2
ZN,2014-09-09,326771,1
ZN,2014-09-09,354456,3
ZN,2014-09-09,752340,1
ZN,2014-09-10,42281,1
ZN,2014-09-10,241710,2
ZN,2014-09-10,326771,1
ZN,2014-09-10,354456,3
ZN,2014-09-10,752340,1
ZN,2014-09-11,42281,1
ZN,2014-09-11,241710,2
ZN,2014-09-11,326771,1
ZN,2014-09-11,354456,3
ZN,2014-09-11,752340,1
ZN,2014-09-12,42281,1
ZN,2014-09-12,241710,2
ZN,2014-09-12,326771,1
ZN,2014-09-12,354456,3
ZN,2014-09-12,752340,1
ZN,2014-09-15,42281,1
ZN,2014-09-15,241710,2
ZN,2014-09-15,326771,1
ZN,2014-09-15,354456,3
ZN,2014-09-15,752340,1
ZN,2014-09-16,42281,1
ZN,2014-09-16,241710,2
ZN,2014-09-16,326771,1
ZN,2014-09-16,354456,3
ZN,2014-09-16,752340,1
ZN,2014-09-17,42281,1
ZN,2014-09-17,241710,2
ZN,2014-09-17,326771,1
ZN,2014-09-17,354456,3
ZN,2014-09-17,752340,1
ZN,2014-09-18,42281,2
ZN,2014-09-18,241710,3
ZN,2014-09-18,326771,1
ZN,2014-09-18,354456,4
ZN,2014-09-18,752340,1
ZN,2014-09-19,42281,2
ZN,2014-09-19,184597,1
ZN,2014-09-19,241710,3
ZN,2014-09-19,326771,1
ZN,2014-09-19,354456,4
ZN,2014-09-19,752340,1
ZN,2014-09-22,42281,2
ZN,2014-09-22,184597,1
ZN,2014-09-22,326771,1
ZN,2014-09-22,354456,3
ZN,2014-09-22,752340,1
ZN,2014-09-23,42281,2
ZN,2014-09-23,184597,1
ZN,2014-09-23,326771,1
ZN,2014-09-23,354456,3
ZN,2014-09-23,752340,1
ZN,2014-09-24,42281,2
ZN,2014-09-24,184597,1
ZN,2014-09-24,326771,1
ZN,2014-09-24,354456,3
ZN,2014-09-24,752340,1
ZN,2014-09-25,42281,2
ZN,2014-09-25,184597,1
ZN,2014-09-25,326771,1
ZN,2014-09-25,354456,3
ZN,2014-09-25,752340,1
ZN,2014-09-26,42281,2
ZN,2014-09-26,184597,1
ZN,2014-09-26,326771,1
ZN,2014-09-26,354456,3
ZN,2014-09-26,752340,1
ZN,2014-09-29,42281,2
ZN,2014-09-29,184597,1
ZN,2014-09-29,326771,1
ZN,2014-09-29,354456,3
ZN,2014-09-29,752340,1
ZN,2014-09-30,42281,1
ZN,2014-09-30,184597,1
ZN,2014-09-30,326771,1
ZN,2014-09-30,354456,2
ZN,2014-09-30,752340,1
ZN,2014-10-01,42281,2
ZN,2014-10-01,184597,1
ZN,2014-10-01,326771,1
ZN,2014-10-01,354456,3
ZN,2014-10-01,752340,1
ZN,2014-10-02,42281,2
ZN,2014-10-02,184597,1
ZN,2014-10-02,326771,1
ZN,2014-10-02,354456,3
ZN,2014-10-02,752340,1
ZN,2014-10-03,42281,1
ZN,2014-10-03,184597,1
ZN,2014-10-03,326771,1
ZN,2014-10-03,354456,1
ZN,2014-10-03,752340,1
ZN,2014-10-06,42281,2
ZN,2014-10-06,184597,1
ZN,2014-10-06,326771,1
ZN,2014-10-06,354456,3
ZN,2014-10-06,752340,1
ZN,2014-10-07,42281,2
ZN,2014-10-07,184597,1
ZN,2014-10-07,326771,1
ZN,2014-10-07,354456,3
ZN,2014-10-07,752340,1
ZN,2014-10-08,42281,2
ZN,2014-10-08,184597,1
ZN,2014-10-08,326771,1
ZN,2014-10-08,354456,3
ZN,2014-10-08,752340,1
ZN,2014-10-09,42281,2
ZN,2014-10-09,184597,1
ZN,2014-10-09,326771,1
ZN,2014-10-09,354456,3
ZN,2014-10-09,752340,1
ZN,2014-10-10,42281,2
ZN,2014-10-10,184597,1
ZN,2014-10-10,326771,1
ZN,2014-10-10,354456,3
ZN,2014-10-10,752340,1
ZN,2014-10-13,42281,2
ZN,2014-10-13,184597,1
ZN,2014-10-13,326771,1
ZN,2014-10-13,354456,3
ZN,2014-10-13,752340,1
ZN,2014-10-14,42281,2
ZN,2014-10-14,184597,1
ZN,2014-10-14,326771,1
ZN,2014-10-14,354456,3
ZN,2014-10-14,752340,1
ZN,2014-10-15,42281,2
ZN,2014-10-15,184597,1
ZN,2014-10-15,326771,1
ZN,2014-10-15,354456,3
ZN,2014-10-15,752340,1
ZN,2014-10-16,42281,2
ZN,2014-10-16,184597,1
ZN,2014-10-16,326771,1
ZN,2014-10-16,354456,3
ZN,2014-10-16,752340,1
ZN,2014-10-17,42281,2
ZN,2014-10-17,184597,1
ZN,2014-10-17,326771,1
ZN,2014-10-17,354456,3
ZN,2014-10-17,752340,1
ZN,2014-10-20,42281,2
ZN,2014-10-20,184597,1
ZN,2014-10-20,326771,1
ZN,2014-10-20,354456,3
ZN,2014-10-20,752340,1
ZN,2014-10-21,42281,2
ZN,2014-10-21,184597,1
ZN,2014-10-21,326771,1
ZN,2014-10-21,354456,3
ZN,2014-10-21,752340,1
ZN,2014-10-22,42281,2
ZN,2014-10-22,184597,1
ZN,2014-10-22,326771,1
ZN,2014-10-22,354456,3
ZN,2014-10-22,752340,1
ZN,2014-10-23,42281,2
ZN,2014-10-23,184597,1
ZN,2014-10-23,326771,1
ZN,2014-10-23,354456,3
ZN,2014-10-23,752340,1
ZN,2014-10-24,42281,2
ZN,2014-10-24,184597,1
ZN,2014-10-24,326771,1
ZN,2014-10-24,354456,3
ZN,2014-10-24,752340,1
ZN,2014-10-27,42281,2
ZN,2014-10-27,184597,1
ZN,2014-10-27,326771,1
ZN,2014-10-27,354456,3
ZN,2014-10-27,752340,1
ZN,2014-10-28,42281,2
ZN,2014-10-28,184597,1
ZN,2014-10-28,326771,1
ZN,2014-10-28,354456,3
ZN,2014-10-28,752340,1
ZN,2014-10-29,42281,2
ZN,2014-10-29,184597,1
ZN,2014-10-29,326771,1
ZN,2014-10-29,354456,3
ZN,2014-10-29,752340,1
ZN,2014-10-30,42281,2
ZN,2014-10-30,184597,1
ZN,2014-10-30,326771,1
ZN,2014-10-30,354456,3
ZN,2014-10-30,752340,1
ZN,2014-10-31,42281,2
ZN,2014-10-31,184597,1
ZN,2014-10-31,326771,1
ZN,2014-10-31,354456,3
ZN,2014-10-31,752340,1
ZN,2014-11-03,42281,2
ZN,2014-11-03,184597,1
ZN,2014-11-03,326771,1
ZN,2014-11-03,354456,3
ZN,2014-11-03,752340,1
ZN,2014-11-04,42281,2
ZN,2014-11-04,184597,1
ZN,2014-11-04,326771,1
ZN,2014-11-04,354456,3
ZN,2014-11-04,752340,1
ZN,2014-11-05,42281,2
ZN,2014-11-05,184597,1
ZN,2014-11-05,326771,1
ZN,2014-11-05,354456,3
ZN,2014-11-05,752340,1
ZN,2014-11-06,42281,2
ZN,2014-11-06,184597,1
ZN,2014-11-06,326771,1
ZN,2014-11-06,354456,3
ZN,2014-11-06,752340,1
ZN,2014-11-07,42281,2
ZN,2014-11-07,184597,1
ZN,2014-11-07,326771,1
ZN,2014-11-07,354456,3
ZN,2014-11-07,752340,1
ZN,2014-11-10,42281,2
ZN,2014-11-10,184597,1
ZN,2014-11-10,326771,1
ZN,2014-11-10,354456,3
ZN,2014-11-10,752340,1
ZN,2014-11-11,42281,2
ZN,2014-11-11,184597,1
ZN,2014-11-11,326771,1
ZN,2014-11-11,354456,3
ZN,2014-11-11,752340,1
ZN,2014-11-12,42281,2
ZN,2014-11-12,184597,1
ZN,2014-11-12,326771,1
ZN,2014-11-12,354456,3
ZN,2014-11-12,752340,1
ZN,2014-11-13,42281,2
ZN,2014-11-13,184597,1
ZN,2014-11-13,326771,1
ZN,2014-11-13,354456,3
ZN,2014-11-13,752340,1
ZN,2014-11-14,42281,2
ZN,2014-11-14,184597,1
ZN,2014-11-14,326771,1
ZN,2014-11-14,354456,3
ZN,2014-11-14,752340,1
ZN,2014-11-17,42281,2
ZN,2014-11-17,184597,1
ZN,2014-11-17,326771,1
ZN,2014-11-17,354456,3
ZN,2014-11-17,752340,1
ZN,2014-11-18,42281,2
ZN,2014-11-18,184597,1
ZN,2014-11-18,326771,1
ZN,2014-11-18,354456,3
ZN,2014-11-18,752340,1
ZN,2014-11-19,42281,2
ZN,2014-11-19,184597,1
ZN,2014-11-19,326771,1
ZN,2014-11-19,354456,3
ZN,2014-11-19,752340,1
ZN,2014-11-20,42281,2
ZN,2014-11-20,184597,1
ZN,2014-11-20,326771,1
ZN,2014-11-20,354456,3
ZN,2014-11-20,752340,1
ZN,2014-11-21,42281,2
ZN,2014-11-21,184597,1
ZN,2014-11-21,326771,1
ZN,2014-11-21,354456,3
ZN,2014-11-21,752340,1
ZN,2014-11-24,42281,2
ZN,2014-11-24,184597,1
ZN,2014-11-24,326771,1
ZN,2014-11-24,354456,3
ZN,2014-11-24,752340,1
ZN,2014-11-25,42281,2
ZN,2014-11-25,184597,1
ZN,2014-11-25,326771,1
ZN,2014-11-25,354456,3
ZN,2014-11-25,752340,1
ZN,2014-11-26,42281,2
ZN,2014-11-26,184597,1
ZN,2014-11-26,326771,1
ZN,2014-11-26,354456,3
ZN,2014-11-26,752340,1
ZN,2014-11-28,42281,3
ZN,2014-11-28,184597,1
ZN,2014-11-28,326771,1
ZN,2014-11-28,354456,2
ZN,2014-11-28,752340,1
ZN,2014-12-01,42281,3
ZN,2014-12-01,184597,1
ZN,2014-12-01,326771,1
ZN,2014-12-01,354456,2
ZN,2014-12-01,752340,1
ZN,2014-12-02,42281,3
ZN,2014-12-02,184597,1
ZN,2014-12-02,326771,1
ZN,2014-12-02,354456,2
ZN,2014-12-02,752340,1
ZN,2014-12-03,42281,3
ZN,2014-12-03,184597,1
ZN,2014-12-03,326771,1
ZN,2014-12-03,354456,2
ZN,2014-12-03,752340,1
ZN,2014-12-04,42281,3
ZN,2014-12-04,184597,1
ZN,2014-12-04,326771,1
ZN,2014-12-04,354456,2
ZN,2014-12-04,752340,1
ZN,2014-12-05,42281,3
ZN,2014-12-05,184597,1
ZN,2014-12-05,326771,1
ZN,2014-12-05,354456,2
ZN,2014-12-05,752340,1
ZN,2014-12-08,42281,3
ZN,2014-12-08,184597,1
ZN,2014-12-08,326771,1
ZN,2014-12-08,354456,2
ZN,2014-12-08,752340,1
ZN,2014-12-09,42281,3
ZN,2014-12-09,184597,1
ZN,2014-12-09,326771,1
ZN,2014-12-09,354456,2
ZN,2014-12-09,752340,1
ZN,2014-12-10,42281,3
ZN,2014-12-10,184597,1
ZN,2014-12-10,326771,1
ZN,2014-12-10,354456,2
ZN,2014-12-10,752340,1
ZN,2014-12-11,42281,3
ZN,2014-12-11,184597,1
ZN,2014-12-11,326771,1
ZN,2014-12-11,354456,2
ZN,2014-12-11,752340,1
ZN,2014-12-12,42281,3
ZN,2014-12-12,184597,1
ZN,2014-12-12,326771,1
ZN,2014-12-12,354456,2
ZN,2014-12-12,752340,1
ZN,2014-12-15,42281,3
ZN,2014-12-15,184597,1
ZN,2014-12-15,326771,1
ZN,2014-12-15,354456,2
ZN,2014-12-15,752340,1
ZN,2014-12-16,42281,3
ZN,2014-12-16,184597,1
ZN,2014-12-16,326771,1
ZN,2014-12-16,354456,2
ZN,2014-12-16,752340,1
ZN,2014-12-17,42281,3
ZN,2014-12-17,184597,1
ZN,2014-12-17,326771,1
ZN,2014-12-17,354456,2
ZN,2014-12-17,752340,1
ZN,2014-12-18,42281,3
ZN,2014-12-18,184597,1
ZN,2014-12-18,326771,1
ZN,2014-12-18,354456,2
ZN,2014-12-18,752340,1
ZN,2014-12-19,42281,3
ZN,2014-12-19,72174,1
ZN,2014-12-19,184597,1
ZN,2014-12-19,326771,1
ZN,2014-12-19,354456,2
ZN,2014-12-19,752340,1
ZN,2014-12-22,42281,2
ZN,2014-12-22,72174,1
ZN,2014-12-22,184597,1
ZN,2014-12-22,326771,1
ZN,2014-12-22,752340,1
ZN,2014-12-23,42281,2
ZN,2014-12-23,72174,1
ZN,2014-12-23,184597,1
ZN,2014-12-23,326771,1
ZN,2014-12-23,752340,1
ZN,2014-12-24,42281,2
ZN,2014-12-24,72174,1
ZN,2014-12-24,184597,1
ZN,2014-12-24,326771,1
ZN,2014-12-24,752340,1
ZN,2014-12-26,42281,2
ZN,2014-12-26,72174,1
ZN,2014-12-26,184597,1
ZN,2014-12-26,326771,1
ZN,2014-12-26,752340,1
ZN,2014-12-29,42281,2
ZN,2014-12-29,72174,1
ZN,2014-12-29,184597,1
ZN,2014-12-29,326771,1
ZN,2014-12-29,752340,1
ZN,2014-12-30,42281,3
ZN,2014-12-30,72174,1
ZN,2014-12-30,184597,1
ZN,2014-12-30,326771,1
ZN,2014-12-30,752340,2
ZN,2014-12-31,42281,3
ZN,2014-12-31,72174,1
ZN,2014-12-31,184597,1
ZN,2014-12-31,326771,1
ZN,2014-12-31,752340,2
ZN,2015-01-02,42281,3
ZN,2015-01-02,72174,1
ZN,2015-01-02,184597,1
ZN,2015-01-02,326771,1
ZN,2015-01-02,752340,2
ZN,2015-01-05,42281,3
ZN,2015-01-05,72174,1
ZN,2015-01-05,184597,1
ZN,2015-01-05,326771,1
ZN,2015-01-05,752340,2
ZN,2015-01-06,42281,3
ZN,2015-01-06,72174,1
ZN,2015-01-06,184597,1
ZN,2015-01-06,326771,1
ZN,2015-01-06,752340,2
ZN,2015-01-07,42281,4
ZN,2015-01-07,72174,1
ZN,2015-01-07,184597,2
ZN,2015-01-07,326771,1
ZN,2015-01-07,752340,3
ZN,2015-01-08,42281,3
ZN,2015-01-08,72174,1
ZN,2015-01-08,184597,1
ZN,2015-01-08,326771,1
ZN,2015-01-08,752340,2
ZN,2015-01-09,42281,3
ZN,2015-01-09,72174,1
ZN,2015-01-09,184597,1
ZN,2015-01-09,326771,1
ZN,2015-01-09,752340,2
ZN,2015-01-12,42281,3
ZN,2015-01-12,72174,1
ZN,2015-01-12,184597,1
ZN,2015-01-12,326771,1
ZN,2015-01-12,752340,2
ZN,2015-01-13,42281,3
ZN,2015-01-13,72174,1
ZN,2015-01-13,184597,1
ZN,2015-01-13,326771,1
ZN,2015-01-13,752340,2
ZN,2015-01-14,42281,3
ZN,2015-01-14,72174,1
ZN,2015-01-14,184597,1
ZN,2015-01-14,326771,1
ZN,2015-01-14,752340,2
ZN,2015-01-15,42281,3
ZN,2015-01-15,72174,1
ZN,2015-01-15,184597,1
ZN,2015-01-15,326771,1
ZN,2015-01-15,752340,2
ZN,2015-01-16,42281,3
ZN,2015-01-16,72174,1
ZN,2015-01-16,184597,1
ZN,2015-01-16,326771,1
ZN,2015-01-16,752340,2
ZN,2015-01-20,42281,3
ZN,2015-01-20,72174,1
ZN,2015-01-20,184597,1
ZN,2015-01-20,326771,1
ZN,2015-01-20,752340,2
ZN,2015-01-21,42281,3
ZN,2015-01-21,72174,1
ZN,2015-01-21,184597,1
ZN,2015-01-21,326771,1
ZN,2015-01-21,752340,2
ZN,2015-01-22,42281,3
ZN,2015-01-22,72174,1
ZN,2015-01-22,184597,1
ZN,2015-01-22,326771,1
ZN,2015-01-22,752340,2
ZN,2015-01-23,42281,3
ZN,2015-01-23,72174,1
ZN,2015-01-23,184597,1
ZN,2015-01-23,326771,1
ZN,2015-01-23,752340,2
ZN,2015-01-26,42281,3
ZN,2015-01-26,72174,1
ZN,2015-01-26,184597,1
ZN,2015-01-26,326771,1
ZN,2015-01-26,752340,2
ZN,2015-01-27,42281,3
ZN,2015-01-27,72174,1
ZN,2015-01-27,184597,1
ZN,2015-01-27,326771,1
ZN,2015-01-27,752340,2
ZN,2015-01-28,42281,3
ZN,2015-01-28,72174,1
ZN,2015-01-28,184597,1
ZN,2015-01-28,326771,1
ZN,2015-01-28,752340,2
ZN,2015-01-29,42281,3
ZN,2015-01-29,72174,1
ZN,2015-01-29,184597,1
ZN,2015-01-29,326771,1
ZN,2015-01-29,752340,2
ZN,2015-01-30,42281,3
ZN,2015-01-30,72174,1
ZN,2015-01-30,184597,1
ZN,2015-01-30,326771,1
ZN,2015-01-30,752340,2
ZN,2015-02-02,42281,4
ZN,2015-02-02,72174,1
ZN,2015-02-02,184597,2
ZN,2015-02-02,326771,1
ZN,2015-02-02,752340,3
ZN,2015-02-03,42281,3
ZN,2015-02-03,72174,1
ZN,2015-02-03,184597,1
ZN,2015-02-03,326771,1
ZN,2015-02-03,752340,2
ZN,2015-02-04,42281,4
ZN,2015-02-04,72174,1
ZN,2015-02-04,184597,2
ZN,2015-02-04,326771,1
ZN,2015-02-04,752340,3
ZN,2015-02-05,42281,3
ZN,2015-02-05,72174,1
ZN,2015-02-05,184597,1
ZN,2015-02-05,326771,1
ZN,2015-02-05,752340,2
ZN,2015-02-06,42281,3
ZN,2015-02-06,72174,1
ZN,2015-02-06,184597,1
ZN,2015-02-06,326771,1
ZN,2015-02-06,752340,2
ZN,2015-02-09,42281,3
ZN,2015-02-09,72174,1
ZN,2015-02-09,184597,1
ZN,2015-02-09,326771,1
ZN,2015-02-09,752340,2
ZN,2015-02-10,42281,3
ZN,2015-02-10,72174,1
ZN,2015-02-10,184597,1
ZN,2015-02-10,326771,1
ZN,2015-02-10,752340,2
ZN,2015-02-11,42281,3
ZN,2015-02-11,72174,1
ZN,2015-02-11,184597,1
ZN,2015-02-11,326771,1
ZN,2015-02-11,752340,2
ZN,2015-02-12,42281,3
ZN,2015-02-12,72174,1
ZN,2015-02-12,184597,1
ZN,2015-02-12,326771,1
ZN,2015-02-12,752340,2
ZN,2015-02-13,42281,3
ZN,2015-02-13,72174,1
ZN,2015-02-13,184597,1
ZN,2015-02-13,326771,1
ZN,2015-02-13,752340,2
ZN,2015-02-17,42281,3
ZN,2015-02-17,72174,1
ZN,2015-02-17,184597,1
ZN,2015-02-17,326771,1
ZN,2015-02-17,752340,2
ZN,2015-02-18,42281,3
ZN,2015-02-18,72174,1
ZN,2015-02-18,184597,1
ZN,2015-02-18,326771,1
ZN,2015-02-18,752340,2
ZN,2015-02-19,42281,3
ZN,2015-02-19,72174,1
ZN,2015-02-19,184597,1
ZN,2015-02-19,326771,1
ZN,2015-02-19,752340,2
ZN,2015-02-20,42281,3
ZN,2015-02-20,72174,1
ZN,2015-02-20,184597,1
ZN,2015-02-20,326771,1
ZN,2015-02-20,752340,2
ZN,2015-02-23,42281,3
ZN,2015-02-23,72174,1
ZN,2015-02-23,184597,1
ZN,2015-02-23,326771,1
ZN,2015-02-23,752340,2
ZN,2015-02-24,42281,3
ZN,2015-02-24,72174,1
ZN,2015-02-24,184597,1
ZN,2015-02-24,326771,1
ZN,2015-02-24,752340,2
ZN,2015-02-25,42281,3
ZN,2015-02-25,72174,1
ZN,2015-02-25,184597,1
ZN,2015-02-25,326771,1
ZN,2015-02-25,752340,2
ZN,2015-02-26,42281,3
ZN,2015-02-26,72174,1
ZN,2015-02-26,184597,1
ZN,2015-02-26,326771,1
ZN,2015-02-26,752340,2
ZN,2015-02-27,42281,2
ZN,2015-02-27,72174,1
ZN,2015-02-27,184597,1
ZN,2015-02-27,326771,1
ZN,2015-02-27,752340,3
ZN,2015-03-02,42281,2
ZN,2015-03-02,72174,1
ZN,2015-03-02,184597,1
ZN,2015-03-02,326771,1
ZN,2015-03-02,752340,3
ZN,2015-03-03,42281,2
ZN,2015-03-03,72174,1
ZN,2015-03-03,184597,1
ZN,2015-03-03,326771,1
ZN,2015-03-03,752340,3
ZN,2015-03-04,42281,2
ZN,2015-03-04,72174,1
ZN,2015-03-04,184597,1
ZN,2015-03-04,326771,1
ZN,2015-03-04,752340,3
ZN,2015-03-05,42281,2
ZN,2015-03-05,72174,1
ZN,2015-03-05,184597,1
ZN,2015-03-05,326771,1
ZN,2015-03-05,752340,3
ZN,2015-03-06,42281,2
ZN,2015-03-06,72174,1
ZN,2015-03-06,184597,1
ZN,2015-03-06,326771,1
ZN,2015-03-06,752340,3
ZN,2015-03-09,42281,2
ZN,2015-03-09,72174,1
ZN,2015-03-09,184597,1
ZN,2015-03-09,326771,1
ZN,2015-03-09,752340,3
ZN,2015-03-10,42281,2
ZN,2015-03-10,72174,1
ZN,2015-03-10,184597,1
ZN,2015-03-10,326771,1
ZN,2015-03-10,752340,3
ZN,2015-03-11,42281,2
ZN,2015-03-11,72174,1
ZN,2015-03-11,184597,1
ZN,2015-03-11,326771,1
ZN,2015-03-11,752340,3
ZN,2015-03-12,42281,2
ZN,2015-03-12,72174,1
ZN,2015-03-12,184597,1
ZN,2015-03-12,326771,1
ZN,2015-03-12,752340,3
ZN,2015-03-13,42281,2
ZN,2015-03-13,72174,1
ZN,2015-03-13,184597,1
ZN,2015-03-13,326771,1
ZN,2015-03-13,752340,3
ZN,2015-03-16,42281,2
ZN,2015-03-16,72174,1
ZN,2015-03-16,184597,1
ZN,2015-03-16,326771,1
ZN,2015-03-16,752340,3
ZN,2015-03-17,42281,2
ZN,2015-03-17,72174,1
ZN,2015-03-17,184597,1
ZN,2015-03-17,326771,1
ZN,2015-03-17,752340,3
ZN,2015-03-18,42281,2
ZN,2015-03-18,72174,1
ZN,2015-03-18,184597,1
ZN,2015-03-18,326771,1
ZN,2015-03-18,752340,3
ZN,2015-03-19,42281,2
ZN,2015-03-19,72174,1
ZN,2015-03-19,184597,1
ZN,2015-03-19,326771,1
ZN,2015-03-19,752340,3
ZN,2015-03-20,42281,2
ZN,2015-03-20,72174,1
ZN,2015-03-20,184597,1
ZN,2015-03-20,326771,1
ZN,2015-03-20,752340,3
ZN,2015-03-20,771901,1
ZN,2015-03-23,72174,1
ZN,2015-03-23,184597,1
ZN,2015-03-23,326771,1
ZN,2015-03-23,752340,2
ZN,2015-03-23,771901,1
ZN,2015-03-24,72174,1
ZN,2015-03-24,184597,1
ZN,2015-03-24,326771,1
ZN,2015-03-24,752340,2
ZN,2015-03-24,771901,1
ZN,2015-03-25,72174,1
ZN,2015-03-25,184597,1
ZN,2015-03-25,326771,1
ZN,2015-03-25,752340,2
ZN,2015-03-25,771901,1
ZN,2015-03-26,72174,1
ZN,2015-03-26,184597,1
ZN,2015-03-26,326771,2
ZN,2015-03-26,752340,3
ZN,2015-03-26,771901,1
ZN,2015-03-27,72174,1
ZN,2015-03-27,184597,1
ZN,2015-03-27,326771,2
ZN,2015-03-27,752340,3
ZN,2015-03-27,771901,1
ZN,2015-03-30,72174,1
ZN,2015-03-30,184597,1
ZN,2015-03-30,326771,1
ZN,2015-03-30,752340,2
ZN,2015-03-30,771901,1
ZN,2015-03-31,72174,1
ZN,2015-03-31,184597,1
ZN,2015-03-31,326771,1
ZN,2015-03-31,752340,2
ZN,2015-03-31,771901,1
ZN,2015-04-01,72174,1
ZN,2015-04-01,184597,2
ZN,2015-04-01,326771,3
ZN,2015-04-01,752340,4
ZN,2015-04-01,771901,1
ZN,2015-04-02,72174,1
ZN,2015-04-02,184597,1
ZN,2015-04-02,326771,2
ZN,2015-04-02,752340,3
ZN,2015-04-02,771901,1
ZN,2015-04-03,72174,1
ZN,2015-04-03,184597,1
ZN,2015-04-03,326771,2
ZN,2015-04-03,752340,3
ZN,2015-04-03,771901,1
ZN,2015-04-06,72174,1
ZN,2015-04-06,184597,1
ZN,2015-04-06,326771,2
ZN,2015-04-06,752340,3
ZN,2015-04-06,771901,1
ZN,2015-04-07,72174,1
ZN,2015-04-07,184597,1
ZN,2015-04-07,326771,2
ZN,2015-04-07,752340,3
ZN,2015-04-07,771901,1
ZN,2015-04-08,72174,1
ZN,2015-04-08,184597,1
ZN,2015-04-08,326771,2
ZN,2015-04-08,752340,3
ZN,2015-04-08,771901,1
ZN,2015-04-09,72174,1
ZN,2015-04-09,184597,1
ZN,2015-04-09,326771,2
ZN,2015-04-09,752340,3
ZN,2015-04-09,771901,1
ZN,2015-04-10,72174,1
ZN,2015-04-10,184597,1
ZN,2015-04-10,326771,2
ZN,2015-04-10,752340,3
ZN,2015-04-10,771901,1
ZN,2015-04-13,72174,1
ZN,2015-04-13,184597,1
ZN,2015-04-13,326771,2
ZN,2015-04-13,752340,3
ZN,2015-04-13,771901,1
ZN,2015-04-14,72174,1
ZN,2015-04-14,184597,1
ZN,2015-04-14,326771,2
ZN,2015-04-14,752340,3
ZN,2015-04-14,771901,1
ZN,2015-04-15,72174,1
ZN,2015-04-15,184597,1
ZN,2015-04-15,326771,2
ZN,2015-04-15,752340,3
ZN,2015-04-15,771901,1
ZN,2015-04-16,72174,1
ZN,2015-04-16,184597,1
ZN,2015-04-16,326771,2
ZN,2015-04-16,752340,3
ZN,2015-04-16,771901,1
ZN,2015-04-17,72174,1
ZN,2015-04-17,184597,1
ZN,2015-04-17,326771,2
ZN,2015-04-17,752340,3
ZN,2015-04-17,771901,1
ZN,2015-04-20,72174,1
ZN,2015-04-20,184597,1
ZN,2015-04-20,326771,2
ZN,2015-04-20,752340,3
ZN,2015-04-20,771901,1
ZN,2015-04-21,72174,1
ZN,2015-04-21,184597,1
ZN,2015-04-21,326771,2
ZN,2015-04-21,752340,3
ZN,2015-04-21,771901,1
ZN,2015-04-22,72174,1
ZN,2015-04-22,184597,1
ZN,2015-04-22,326771,2
ZN,2015-04-22,752340,3
ZN,2015-04-22,771901,1
ZN,2015-04-23,72174,1
ZN,2015-04-23,184597,1
ZN,2015-04-23,326771,2
ZN,2015-04-23,752340,3
ZN,2015-04-23,771901,1
ZN,2015-04-24,72174,1
ZN,2015-04-24,184597,1
ZN,2015-04-24,326771,2
ZN,2015-04-24,752340,3
ZN,2015-04-24,771901,1
ZN,2015-04-27,72174,1
ZN,2015-04-27,184597,1
ZN,2015-04-27,326771,2
ZN,2015-04-27,752340,3
ZN,2015-04-27,771901,1
ZN,2015-04-28,72174,1
ZN,2015-04-28,184597,1
ZN,2015-04-28,326771,2
ZN,2015-04-28,752340,3
ZN,2015-04-28,771901,1
ZN,2015-04-29,72174,1
ZN,2015-04-29,184597,1
ZN,2015-04-29,326771,2
ZN,2015-04-29,752340,3
ZN,2015-04-29,771901,1
ZN,2015-04-30,72174,1
ZN,2015-04-30,184597,1
ZN,2015-04-30,326771,2
ZN,2015-04-30,752340,3
ZN,2015-04-30,771901,1
ZN,2015-05-01,72174,1
ZN,2015-05-01,184597,1
ZN,2015-05-01,326771,2
ZN,2015-05-01,752340,3
ZN,2015-05-01,771901,1
ZN,2015-05-04,72174,1
ZN,2015-05-04,184597,1
ZN,2015-05-04,326771,2
ZN,2015-05-04,752340,3
ZN,2015-05-04,771901,1
ZN,2015-05-05,72174,1
ZN,2015-05-05,184597,1
ZN,2015-05-05,326771,2
ZN,2015-05-05,752340,3
ZN,2015-05-05,771901,1
ZN,2015-05-06,72174,1
ZN,2015-05-06,184597,1
ZN,2015-05-06,326771,2
ZN,2015-05-06,752340,3
ZN,2015-05-06,771901,1
ZN,2015-05-07,72174,1
ZN,2015-05-07,184597,1
ZN,2015-05-07,326771,2
ZN,2015-05-07,752340,3
ZN,2015-05-07,771901,1
ZN,2015-05-08,72174,1
ZN,2015-05-08,184597,1
ZN,2015-05-08,326771,2
ZN,2015-05-08,752340,3
ZN,2015-05-08,771901,1
ZN,2015-05-11,72174,1
ZN,2015-05-11,184597,1
ZN,2015-05-11,326771,2
ZN,2015-05-11,752340,3
ZN,2015-05-11,771901,1
ZN,2015-05-12,72174,1
ZN,2015-05-12,184597,1
ZN,2015-05-12,326771,2
ZN,2015-05-12,752340,3
ZN,2015-05-12,771901,1
ZN,2015-05-13,72174,1
ZN,2015-05-13,184597,1
ZN,2015-05-13,326771,2
ZN,2015-05-13,752340,3
ZN,2015-05-13,771901,1
ZN,2015-05-14,72174,1
ZN,2015-05-14,184597,1
ZN,2015-05-14,326771,2
ZN,2015-05-14,752340,3
ZN,2015-05-14,771901,1
ZN,2015-05-15,72174,1
ZN,2015-05-15,184597,1
ZN,2015-05-15,326771,2
ZN,2015-05-15,752340,3
ZN,2015-05-15,771901,1
ZN,2015-05-18,72174,1
ZN,2015-05-18,184597,1
ZN,2015-05-18,326771,2
ZN,2015-05-18,752340,3
ZN,2015-05-18,771901,1
ZN,2015-05-19,72174,1
ZN,2015-05-19,184597,1
ZN,2015-05-19,326771,2
ZN,2015-05-19,752340,3
ZN,2015-05-19,771901,1
ZN,2015-05-20,72174,1
ZN,2015-05-20,184597,1
ZN,2015-05-20,326771,2
ZN,2015-05-20,752340,3
ZN,2015-05-20,771901,1
ZN,2015-05-21,72174,1
ZN,2015-05-21,184597,1
ZN,2015-05-21,326771,2
ZN,2015-05-21,752340,3
ZN,2015-05-21,771901,1
ZN,2015-05-22,72174,1
ZN,2015-05-22,184597,1
ZN,2015-05-22,326771,2
ZN,2015-05-22,752340,3
ZN,2015-05-22,771901,1
ZN,2015-05-26,72174,1
ZN,2015-05-26,184597,1
ZN,2015-05-26,326771,2
ZN,2015-05-26,752340,3
ZN,2015-05-26,771901,1
ZN,2015-05-27,72174,1
ZN,2015-05-27,184597,2
ZN,2015-05-27,326771,3
ZN,2015-05-27,752340,4
ZN,2015-05-27,771901,1
ZN,2015-05-28,72174,1
ZN,2015-05-28,184597,2
ZN,2015-05-28,326771,3
ZN,2015-05-28,752340,4
ZN,2015-05-28,771901,1
ZN,2015-05-29,72174,1
ZN,2015-05-29,184597,1
ZN,2015-05-29,326771,3
ZN,2015-05-29,752340,2
ZN,2015-05-29,771901,1
ZN,2015-06-01,72174,1
ZN,2015-06-01,184597,1
ZN,2015-06-01,326771,3
ZN,2015-06-01,752340,2
ZN,2015-06-01,771901,1
ZN,2015-06-02,72174,1
ZN,2015-06-02,184597,1
ZN,2015-06-02,326771,3
ZN,2015-06-02,752340,2
ZN,2015-06-02,771901,1
ZN,2015-06-03,72174,1
ZN,2015-06-03,184597,1
ZN,2015-06-03,326771,3
ZN,2015-06-03,752340,2
ZN,2015-06-03,771901,1
ZN,2015-06-04,72174,1
ZN,2015-06-04,184597,1
ZN,2015-06-04,326771,3
ZN,2015-06-04,752340,2
ZN,2015-06-04,771901,1
ZN,2015-06-05,72174,1
ZN,2015-06-05,184597,1
ZN,2015-06-05,326771,3
ZN,2015-06-05,752340,2
ZN,2015-06-05,771901,1
ZN,2015-06-08,72174,1
ZN,2015-06-08,184597,2
ZN,2015-06-08,326771,4
ZN,2015-06-08,752340,3
ZN,2015-06-08,771901,1
ZN,2015-06-09,72174,1
ZN,2015-06-09,184597,2
ZN,2015-06-09,326771,4
ZN,2015-06-09,752340,3
ZN,2015-06-09,771901,1
ZN,2015-06-10,72174,1
ZN,2015-06-10,184597,2
ZN,2015-06-10,326771,4
ZN,2015-06-10,752340,3
ZN,2015-06-10,771901,1
ZN,2015-06-11,72174,1
ZN,2015-06-11,184597,2
ZN,2015-06-11,326771,4
ZN,2015-06-11,752340,3
ZN,2015-06-11,771901,1
ZN,2015-06-12,72174,1
ZN,2015-06-12,184597,1
ZN,2015-06-12,326771,3
ZN,2015-06-12,752340,2
ZN,2015-06-12,771901,1
ZN,2015-06-15,72174,1
ZN,2015-06-15,184597,1
ZN,2015-06-15,326771,3
ZN,2015-06-15,752340,2
ZN,2015-06-15,771901,1
ZN,2015-06-16,72174,1
ZN,2015-06-16,184597,1
ZN,2015-06-16,326771,3
ZN,2015-06-16,752340,2
ZN,2015-06-16,771901,1
ZN,2015-06-17,72174,1
ZN,2015-06-17,184597,1
ZN,2015-06-17,326771,3
ZN,2015-06-17,752340,2
ZN,2015-06-17,771901,1
ZN,2015-06-18,72174,1
ZN,2015-06-18,184597,2
ZN,2015-06-18,326771,4
ZN,2015-06-18,752340,3
ZN,2015-06-18,771901,1
ZN,2015-06-19,72174,1
ZN,2015-06-19,184597,2
ZN,2015-06-19,326771,4
ZN,2015-06-19,732065,1
ZN,2015-06-19,752340,3
ZN,2015-06-19,771901,1
ZN,2015-06-22,72174,1
ZN,2015-06-22,184597,1
ZN,2015-06-22,326771,2
ZN,2015-06-22,732065,1
ZN,2015-06-22,771901,1
ZN,2015-06-23,72174,1
ZN,2015-06-23,184597,1
ZN,2015-06-23,326771,2
ZN,2015-06-23,732065,1
ZN,2015-06-23,771901,1
ZN,2015-06-24,72174,1
ZN,2015-06-24,184597,1
ZN,2015-06-24,326771,2
ZN,2015-06-24,732065,1
ZN,2015-06-24,771901,1
ZN,2015-06-25,72174,1
ZN,2015-06-25,184597,2
ZN,2015-06-25,326771,3
ZN,2015-06-25,732065,1
ZN,2015-06-25,771901,1
ZN,2015-06-26,72174,1
ZN,2015-06-26,184597,2
ZN,2015-06-26,326771,3
ZN,2015-06-26,732065,1
ZN,2015-06-26,771901,1
ZN,2015-06-29,72174,1
ZN,2015-06-29,184597,1
ZN,2015-06-29,326771,2
ZN,2015-06-29,732065,1
ZN,2015-06-29,771901,1
ZN,2015-06-30,72174,1
ZN,2015-06-30,184597,2
ZN,2015-06-30,326771,3
ZN,2015-06-30,732065,1
ZN,2015-06-30,771901,1
ZN,2015-07-01,72174,1
ZN,2015-07-01,184597,2
ZN,2015-07-01,326771,3
ZN,2015-07-01,732065,1
ZN,2015-07-01,771901,1
ZN,2015-07-02,72174,1
ZN,2015-07-02,184597,2
ZN,2015-07-02,326771,3
ZN,2015-07-02,732065,1
ZN,2015-07-02,771901,1
ZN,2015-07-03,72174,1
ZN,2015-07-03,184597,1
ZN,2015-07-03,326771,2
ZN,2015-07-03,732065,1
ZN,2015-07-03,771901,1
ZN,2015-07-06,72174,1
ZN,2015-07-06,184597,2
ZN,2015-07-06,326771,3
ZN,2015-07-06,732065,1
ZN,2015-07-06,771901,1
ZN,2015-07-07,72174,1
ZN,2015-07-07,184597,2
ZN,2015-07-07,326771,3
ZN,2015-07-07,732065,1
ZN,2015-07-07,771901,1
ZN,2015-07-08,72174,1
ZN,2015-07-08,184597,2
ZN,2015-07-08,326771,3
ZN,2015-07-08,732065,1
ZN,2015-07-08,771901,1
ZN,2015-07-09,72174,1
ZN,2015-07-09,184597,2
ZN,2015-07-09,326771,3
ZN,2015-07-09,732065,1
ZN,2015-07-09,771901,1
ZN,2015-07-10,72174,1
ZN,2015-07-10,184597,2
ZN,2015-07-10,326771,3
ZN,2015-07-10,732065,1
ZN,2015-07-10,771901,1
ZN,2015-07-13,72174,1
ZN,2015-07-13,184597,2
ZN,2015-07-13,326771,3
ZN,2015-07-13,732065,1
ZN,2015-07-13,771901,1
ZN,2015-07-14,72174,1
ZN,2015-07-14,184597,2
ZN,2015-07-14,326771,3
ZN,2015-07-14,732065,1
ZN,2015-07-14,771901,1
ZN,2015-07-15,72174,1
ZN,2015-07-15,184597,2
ZN,2015-07-15,326771,3
ZN,2015-07-15,732065,1
ZN,2015-07-15,771901,1
ZN,2015-07-16,72174,1
ZN,2015-07-16,184597,2
ZN,2015-07-16,326771,3
ZN,2015-07-16,732065,1
ZN,2015-07-16,771901,1
ZN,2015-07-17,72174,1
ZN,2015-07-17,184597,2
ZN,2015-07-17,326771,3
ZN,2015-07-17,732065,1
ZN,2015-07-17,771901,1
ZN,2015-07-20,72174,1
ZN,2015-07-20,184597,2
ZN,2015-07-20,326771,3
ZN,2015-07-20,732065,1
ZN,2015-07-20,771901,1
ZN,2015-07-21,72174,1
ZN,2015-07-21,184597,2
ZN,2015-07-21,326771,3
ZN,2015-07-21,732065,1
ZN,2015-07-21,771901,1
ZN,2015-07-22,72174,1
ZN,2015-07-22,184597,2
ZN,2015-07-22,326771,3
ZN,2015-07-22,732065,1
ZN,2015-07-22,771901,1
ZN,2015-07-23,72174,1
ZN,2015-07-23,184597,2
ZN,2015-07-23,326771,3
ZN,2015-07-23,732065,1
ZN,2015-07-23,771901,1
ZN,2015-07-24,72174,1
ZN,2015-07-24,184597,2
ZN,2015-07-24,326771,3
ZN,2015-07-24,732065,1
ZN,2015-07-24,771901,1
ZN,2015-07-27,72174,1
ZN,2015-07-27,184597,2
ZN,2015-07-27,326771,3
ZN,2015-07-27,732065,1
ZN,2015-07-27,771901,1
ZN,2015-07-28,72174,1
ZN,2015-07-28,184597,2
ZN,2015-07-28,326771,3
ZN,2015-07-28,732065,1
ZN,2015-07-28,771901,1
ZN,2015-07-29,72174,1
ZN,2015-07-29,184597,2
ZN,2015-07-29,326771,3
ZN,2015-07-29,732065,1
ZN,2015-07-29,771901,1
ZN,2015-07-30,72174,1
ZN,2015-07-30,184597,2
ZN,2015-07-30,326771,3
ZN,2015-07-30,732065,1
ZN,2015-07-30,771901,1
ZN,2015-07-31,72174,1
ZN,2015-07-31,184597,2
ZN,2015-07-31,326771,3
ZN,2015-07-31,732065,1
ZN,2015-07-31,771901,1
ZN,2015-08-03,72174,1
ZN,2015-08-03,184597,2
ZN,2015-08-03,326771,3
ZN,2015-08-03,732065,1
ZN,2015-08-03,771901,1
ZN,2015-08-04,72174,1
ZN,2015-08-04,184597,2
ZN,2015-08-04,326771,3
ZN,2015-08-04,732065,1
ZN,2015-08-04,771901,1
ZN,2015-08-05,72174,1
ZN,2015-08-05,184597,2
ZN,2015-08-05,326771,3
ZN,2015-08-05,732065,1
ZN,2015-08-05,771901,1
ZN,2015-08-06,72174,1
ZN,2015-08-06,184597,2
ZN,2015-08-06,326771,3
ZN,2015-08-06,732065,1
ZN,2015-08-06,771901,1
ZN,2015-08-07,72174,1
ZN,2015-08-07,184597,2
ZN,2015-08-07,326771,3
ZN,2015-08-07,732065,1
ZN,2015-08-07,771901,1
ZN,2015-08-10,72174,1
ZN,2015-08-10,184597,2
ZN,2015-08-10,326771,3
ZN,2015-08-10,732065,1
ZN,2015-08-10,771901,1
ZN,2015-08-11,72174,1
ZN,2015-08-11,184597,2
ZN,2015-08-11,326771,3
ZN,2015-08-11,732065,1
ZN,2015-08-11,771901,1
ZN,2015-08-12,72174,1
ZN,2015-08-12,184597,2
ZN,2015-08-12,326771,3
ZN,2015-08-12,732065,1
ZN,2015-08-12,771901,1
ZN,2015-08-13,72174,1
ZN,2015-08-13,184597,2
ZN,2015-08-13,326771,3
ZN,2015-08-13,732065,1
ZN,2015-08-13,771901,1
ZN,2015-08-14,72174,1
ZN,2015-08-14,184597,2
ZN,2015-08-14,326771,3
ZN,2015-08-14,732065,1
ZN,2015-08-14,771901,1
ZN,2015-08-17,72174,1
ZN,2015-08-17,184597,2
ZN,2015-08-17,326771,3
ZN,2015-08-17,732065,1
ZN,2015-08-17,771901,1
ZN,2015-08-18,72174,1
ZN,2015-08-18,184597,2
ZN,2015-08-18,326771,3
ZN,2015-08-18,732065,1
ZN,2015-08-18,771901,1
ZN,2015-08-19,72174,1
ZN,2015-08-19,184597,2
ZN,2015-08-19,326771,3
ZN,2015-08-19,732065,1
ZN,2015-08-19,771901,1
ZN,2015-08-20,72174,1
ZN,2015-08-20,184597,2
ZN,2015-08-20,326771,3
ZN,2015-08-20,732065,1
ZN,2015-08-20,771901,1
ZN,2015-08-21,72174,1
ZN,2015-08-21,184597,2
ZN,2015-08-21,326771,3
ZN,2015-08-21,732065,1
ZN,2015-08-21,771901,1
ZN,2015-08-24,72174,1
ZN,2015-08-24,184597,2
ZN,2015-08-24,326771,3
ZN,2015-08-24,732065,1
ZN,2015-08-24,771901,1
ZN,2015-08-25,72174,1
ZN,2015-08-25,184597,2
ZN,2015-08-25,326771,3
ZN,2015-08-25,732065,1
ZN,2015-08-25,771901,1
ZN,2015-08-26,72174,1
ZN,2015-08-26,184597,2
ZN,2015-08-26,326771,3
ZN,2015-08-26,732065,1
ZN,2015-08-26,771901,1
ZN,2015-08-27,72174,1
ZN,2015-08-27,184597,2
ZN,2015-08-27,326771,3
ZN,2015-08-27,732065,1
ZN,2015-08-27,771901,1
ZN,2015-08-28,72174,1
ZN,2015-08-28,184597,2
ZN,2015-08-28,326771,3
ZN,2015-08-28,732065,1
ZN,2015-08-28,771901,1
ZN,2015-08-31,72174,1
ZN,2015-08-31,184597,3
ZN,2015-08-31,326771,2
ZN,2015-08-31,732065,1
ZN,2015-08-31,771901,1
ZN,2015-09-01,72174,1
ZN,2015-09-01,184597,3
ZN,2015-09-01,326771,2
ZN,2015-09-01,732065,1
ZN,2015-09-01,771901,1
ZN,2015-09-02,72174,1
ZN,2015-09-02,184597,3
ZN,2015-09-02,326771,2
ZN,2015-09-02,732065,1
ZN,2015-09-02,771901,1
ZN,2015-09-03,72174,1
ZN,2015-09-03,184597,3
ZN,2015-09-03,326771,2
ZN,2015-09-03,732065,1
ZN,2015-09-03,771901,1
ZN,2015-09-04,72174,1
ZN,2015-09-04,184597,3
ZN,2015-09-04,326771,2
ZN,2015-09-04,732065,1
ZN,2015-09-04,771901,1
ZN,2015-09-08,72174,1
ZN,2015-09-08,184597,3
ZN,2015-09-08,326771,2
ZN,2015-09-08,732065,1
ZN,2015-09-08,771901,1
ZN,2015-09-09,72174,1
ZN,2015-09-09,184597,3
ZN,2015-09-09,326771,2
ZN,2015-09-09,732065,1
ZN,2015-09-09,771901,1
ZN,2015-09-10,72174,1
ZN,2015-09-10,184597,3
ZN,2015-09-10,326771,2
ZN,2015-09-10,732065,1
ZN,2015-09-10,771901,1
ZN,2015-09-11,72174,1
ZN,2015-09-11,184597,3
ZN,2015-09-11,326771,2
ZN,2015-09-11,732065,1
ZN,2015-09-11,771901,1
ZN,2015-09-14,72174,1
ZN,2015-09-14,184597,3
ZN,2015-09-14,326771,2
ZN,2015-09-14,732065,1
ZN,2015-09-14,771901,1
ZN,2015-09-15,72174,1
ZN,2015-09-15,184597,3
ZN,2015-09-15,326771,2
ZN,2015-09-15,732065,1
ZN,2015-09-15,771901,1
ZN,2015-09-16,72174,1
ZN,2015-09-16,184597,3
ZN,2015-09-16,326771,2
ZN,2015-09-16,732065,1
ZN,2015-09-16,771901,1
ZN,2015-09-17,72174,1
ZN,2015-09-17,184597,3
ZN,2015-09-17,326771,2
ZN,2015-09-17,732065,1
ZN,2015-09-17,771901,1
ZN,2015-09-18,72174,1
ZN,2015-09-18,184597,3
ZN,2015-09-18,326771,2
ZN,2015-09-18,732065,1
ZN,2015-09-18,771901,1
ZN,2015-09-21,72174,1
ZN,2015-09-21,184597,3
ZN,2015-09-21,326771,2
ZN,2015-09-21,569354,1
ZN,2015-09-21,732065,1
ZN,2015-09-21,771901,1
ZN,2015-09-22,72174,1
ZN,2015-09-22,184597,2
ZN,2015-09-22,569354,1
ZN,2015-09-22,732065,1
ZN,2015-09-22,771901,1
ZN,2015-09-23,72174,1
ZN,2015-09-23,184597,2
ZN,2015-09-23,732065,1
ZN,2015-09-23,771901,1
ZN,2015-09-24,72174,1
ZN,2015-09-24,184597,2
ZN,2015-09-24,732065,1
ZN,2015-09-24,771901,1
ZN,2015-09-25,72174,1
ZN,2015-09-25,184597,2
ZN,2015-09-25,732065,1
ZN,2015-09-25,771901,1
ZN,2015-09-28,72174,1
ZN,2015-09-28,184597,2
ZN,2015-09-28,732065,1
ZN,2015-09-28,771901,1
ZN,2015-09-29,72174,2
ZN,2015-09-29,184597,3
ZN,2015-09-29,732065,1
ZN,2015-09-29,771901,1
ZN,2015-09-30,72174,2
ZN,2015-09-30,184597,3
ZN,2015-09-30,732065,1
ZN,2015-09-30,771901,1
ZN,2015-10-01,72174,2
ZN,2015-10-01,184597,3
ZN,2015-10-01,732065,1
ZN,2015-10-01,771901,1
ZN,2015-10-02,72174,2
ZN,2015-10-02,184597,3
ZN,2015-10-02,732065,1
ZN,2015-10-02,771901,1
ZN,2015-10-05,72174,2
ZN,2015-10-05,184597,3
ZN,2015-10-05,732065,1
ZN,2015-10-05,771901,1
ZN,2015-10-06,72174,2
ZN,2015-10-06,184597,3
ZN,2015-10-06,732065,1
ZN,2015-10-06,771901,1
ZN,2015-10-07,72174,2
ZN,2015-10-07,184597,3
ZN,2015-10-07,732065,1
ZN,2015-10-07,771901,1
ZN,2015-10-08,72174,2
ZN,2015-10-08,184597,3
ZN,2015-10-08,732065,1
ZN,2015-10-08,771901,1
ZN,2015-10-09,72174,2
ZN,2015-10-09,184597,3
ZN,2015-10-09,732065,1
ZN,2015-10-09,771901,1
ZN,2015-10-12,72174,2
ZN,2015-10-12,184597,3
ZN,2015-10-12,732065,1
ZN,2015-10-12,771901,1
ZN,2015-10-13,72174,2
ZN,2015-10-13,184597,3
ZN,2015-10-13,732065,1
ZN,2015-10-13,771901,1
ZN,2015-10-14,72174,2
ZN,2015-10-14,184597,3
ZN,2015-10-14,732065,1
ZN,2015-10-14,771901,1
ZN,2015-10-15,72174,2
ZN,2015-10-15,184597,3
ZN,2015-10-15,732065,1
ZN,2015-10-15,771901,1
ZN,2015-10-16,72174,2
ZN,2015-10-16,184597,3
ZN,2015-10-16,732065,1
ZN,2015-10-16,771901,1
ZN,2015-10-19,72174,2
ZN,2015-10-19,184597,3
ZN,2015-10-19,732065,1
ZN,2015-10-19,771901,1
ZN,2015-10-20,72174,2
ZN,2015-10-20,184597,3
ZN,2015-10-20,732065,1
ZN,2015-10-20,771901,1
ZN,2015-10-21,72174,2
ZN,2015-10-21,184597,3
ZN,2015-10-21,732065,1
ZN,2015-10-21,771901,1
ZN,2015-10-22,72174,2
ZN,2015-10-22,184597,3
ZN,2015-10-22,732065,1
ZN,2015-10-22,771901,1
ZN,2015-10-23,72174,2
ZN,2015-10-23,184597,3
ZN,2015-10-23,732065,1
ZN,2015-10-23,771901,1
ZN,2015-10-26,72174,2
ZN,2015-10-26,184597,3
ZN,2015-10-26,732065,1
ZN,2015-10-26,771901,1
ZN,2015-10-27,72174,2
ZN,2015-10-27,184597,3
ZN,2015-10-27,732065,1
ZN,2015-10-27,771901,1
ZN,2015-10-28,72174,2
ZN,2015-10-28,184597,3
ZN,2015-10-28,732065,1
ZN,2015-10-28,771901,1
ZN,2015-10-29,72174,2
ZN,2015-10-29,184597,3
ZN,2015-10-29,732065,1
ZN,2015-10-29,771901,1
ZN,2015-10-30,72174,2
ZN,2015-10-30,184597,3
ZN,2015-10-30,732065,1
ZN,2015-10-30,771901,1
ZN,2015-11-02,72174,2
ZN,2015-11-02,184597,3
ZN,2015-11-02,732065,1
ZN,2015-11-02,771901,1
ZN,2015-11-03,72174,2
ZN,2015-11-03,184597,3
ZN,2015-11-03,732065,1
ZN,2015-11-03,771901,1
ZN,2015-11-04,72174,2
ZN,2015-11-04,184597,3
ZN,2015-11-04,732065,1
ZN,2015-11-04,771901,1
ZN,2015-11-05,72174,2
ZN,2015-11-05,184597,3
ZN,2015-11-05,732065,1
ZN,2015-11-05,771901,1
ZN,2015-11-06,72174,2
ZN,2015-11-06,184597,3
ZN,2015-11-06,732065,1
ZN,2015-11-06,771901,1
ZN,2015-11-09,72174,2
ZN,2015-11-09,184597,3
ZN,2015-11-09,732065,1
ZN,2015-11-09,771901,1
ZN,2015-11-10,72174,2
ZN,2015-11-10,184597,3
ZN,2015-11-10,732065,1
ZN,2015-11-10,771901,1
ZN,2015-11-11,72174,2
ZN,2015-11-11,184597,3
ZN,2015-11-11,732065,1
ZN,2015-11-11,771901,1
ZN,2015-11-12,72174,2
ZN,2015-11-12,184597,3
ZN,2015-11-12,732065,1
ZN,2015-11-12,771901,1
ZN,2015-11-13,72174,2
ZN,2015-11-13,184597,3
ZN,2015-11-13,732065,1
ZN,2015-11-13,771901,1
ZN,2015-11-16,72174,2
ZN,2015-11-16,184597,3
ZN,2015-11-16,732065,1
ZN,2015-11-16,771901,1
ZN,2015-11-17,72174,2
ZN,2015-11-17,184597,3
ZN,2015-11-17,732065,1
ZN,2015-11-17,771901,1
ZN,2015-11-18,72174,2
ZN,2015-11-18,184597,3
ZN,2015-11-18,732065,1
ZN,2015-11-18,771901,1
ZN,2018-02-23,525443,3
ZN,2018-02-23,615592,2
ZN,2018-02-23,799743,1
ZN,2026-10-02,42001080,3
ZN,2026-10-02,42029225,1
ZN,2026-10-02,42046316,2
